
===== 64-space exhaustive start: 2026-08-28T19:03:19+08:00 =====
nohup: ignoring input
[search] exhaustive search: 64 candidates for M=8192, N=29568, K=8192, nproc=4
[search] exhaustive checkpoint: 0/64 completed candidates <- /root/Triton-distributed/python/triton_dist/benchmark/search_compare_runs/20260828_space64_r1/exhaustive_checkpoint.csv
<_io.TextIOWrapper name=3 encoding='UTF-8'><_io.TextIOWrapper name=5 encoding='UTF-8'>[search][coarse] candidate 1/64 failed(rc=1): chunk=512, window=4, stage=2, steady_sms=4, tail_sms=12, lanes=1, bands=1, frontier=1
<_io.TextIOWrapper name=3 encoding='UTF-8'><_io.TextIOWrapper name=5 encoding='UTF-8'>[search][coarse] candidate 2/64 failed(rc=1): chunk=512, window=4, stage=2, steady_sms=4, tail_sms=12, lanes=2, bands=1, frontier=1
<_io.TextIOWrapper name=3 encoding='UTF-8'><_io.TextIOWrapper name=5 encoding='UTF-8'>[search][coarse] candidate 3/64 failed(rc=1): chunk=512, window=4, stage=2, steady_sms=4, tail_sms=16, lanes=1, bands=1, frontier=1
<_io.TextIOWrapper name=3 encoding='UTF-8'><_io.TextIOWrapper name=5 encoding='UTF-8'>[search][coarse] candidate 4/64 failed(rc=1): chunk=512, window=4, stage=2, steady_sms=4, tail_sms=16, lanes=2, bands=1, frontier=1
<_io.TextIOWrapper name=3 encoding='UTF-8'><_io.TextIOWrapper name=5 encoding='UTF-8'>[search][coarse] candidate 5/64 failed(rc=1): chunk=512, window=4, stage=2, steady_sms=6, tail_sms=12, lanes=1, bands=1, frontier=1
<_io.TextIOWrapper name=3 encoding='UTF-8'><_io.TextIOWrapper name=5 encoding='UTF-8'>[search][coarse] candidate 6/64 failed(rc=1): chunk=512, window=4, stage=2, steady_sms=6, tail_sms=12, lanes=2, bands=1, frontier=1
<_io.TextIOWrapper name=3 encoding='UTF-8'><_io.TextIOWrapper name=5 encoding='UTF-8'>[search][coarse] candidate 7/64 failed(rc=1): chunk=512, window=4, stage=2, steady_sms=6, tail_sms=16, lanes=1, bands=1, frontier=1
<_io.TextIOWrapper name=3 encoding='UTF-8'><_io.TextIOWrapper name=5 encoding='UTF-8'>[search][coarse] candidate 8/64 failed(rc=1): chunk=512, window=4, stage=2, steady_sms=6, tail_sms=16, lanes=2, bands=1, frontier=1
<_io.TextIOWrapper name=3 encoding='UTF-8'><_io.TextIOWrapper name=5 encoding='UTF-8'>[search][coarse] candidate 9/64 failed(rc=1): chunk=512, window=4, stage=4, steady_sms=4, tail_sms=12, lanes=1, bands=1, frontier=1
<_io.TextIOWrapper name=3 encoding='UTF-8'><_io.TextIOWrapper name=5 encoding='UTF-8'>[search][coarse] candidate 10/64 failed(rc=1): chunk=512, window=4, stage=4, steady_sms=4, tail_sms=12, lanes=2, bands=1, frontier=1
<_io.TextIOWrapper name=3 encoding='UTF-8'><_io.TextIOWrapper name=5 encoding='UTF-8'>[search][coarse] candidate 11/64 failed(rc=1): chunk=512, window=4, stage=4, steady_sms=4, tail_sms=16, lanes=1, bands=1, frontier=1
<_io.TextIOWrapper name=3 encoding='UTF-8'><_io.TextIOWrapper name=5 encoding='UTF-8'>[search][coarse] candidate 12/64 failed(rc=1): chunk=512, window=4, stage=4, steady_sms=4, tail_sms=16, lanes=2, bands=1, frontier=1
<_io.TextIOWrapper name=3 encoding='UTF-8'><_io.TextIOWrapper name=5 encoding='UTF-8'>[search][coarse] candidate 13/64 failed(rc=1): chunk=512, window=4, stage=4, steady_sms=6, tail_sms=12, lanes=1, bands=1, frontier=1
<_io.TextIOWrapper name=3 encoding='UTF-8'><_io.TextIOWrapper name=5 encoding='UTF-8'>[search][coarse] candidate 14/64 failed(rc=1): chunk=512, window=4, stage=4, steady_sms=6, tail_sms=12, lanes=2, bands=1, frontier=1
<_io.TextIOWrapper name=3 encoding='UTF-8'><_io.TextIOWrapper name=5 encoding='UTF-8'>[search][coarse] candidate 15/64 failed(rc=1): chunk=512, window=4, stage=4, steady_sms=6, tail_sms=16, lanes=1, bands=1, frontier=1
<_io.TextIOWrapper name=3 encoding='UTF-8'><_io.TextIOWrapper name=5 encoding='UTF-8'>[search][coarse] candidate 16/64 failed(rc=1): chunk=512, window=4, stage=4, steady_sms=6, tail_sms=16, lanes=2, bands=1, frontier=1
<_io.TextIOWrapper name=3 encoding='UTF-8'><_io.TextIOWrapper name=5 encoding='UTF-8'>[search][coarse] candidate 17/64 failed(rc=1): chunk=512, window=4, stage=2, steady_sms=4, tail_sms=12, lanes=1, bands=1, frontier=2
<_io.TextIOWrapper name=3 encoding='UTF-8'><_io.TextIOWrapper name=5 encoding='UTF-8'>[search][coarse] candidate 18/64 failed(rc=1): chunk=512, window=4, stage=2, steady_sms=4, tail_sms=12, lanes=2, bands=1, frontier=2
<_io.TextIOWrapper name=3 encoding='UTF-8'><_io.TextIOWrapper name=5 encoding='UTF-8'>[search][coarse] candidate 19/64 failed(rc=1): chunk=512, window=4, stage=2, steady_sms=4, tail_sms=16, lanes=1, bands=1, frontier=2
<_io.TextIOWrapper name=3 encoding='UTF-8'><_io.TextIOWrapper name=5 encoding='UTF-8'>[search][coarse] candidate 20/64 failed(rc=1): chunk=512, window=4, stage=2, steady_sms=4, tail_sms=16, lanes=2, bands=1, frontier=2
<_io.TextIOWrapper name=3 encoding='UTF-8'><_io.TextIOWrapper name=5 encoding='UTF-8'>[search][coarse] candidate 21/64 failed(rc=1): chunk=512, window=4, stage=2, steady_sms=6, tail_sms=12, lanes=1, bands=1, frontier=2
<_io.TextIOWrapper name=3 encoding='UTF-8'><_io.TextIOWrapper name=5 encoding='UTF-8'>[search][coarse] candidate 22/64 failed(rc=1): chunk=512, window=4, stage=2, steady_sms=6, tail_sms=12, lanes=2, bands=1, frontier=2
<_io.TextIOWrapper name=3 encoding='UTF-8'><_io.TextIOWrapper name=5 encoding='UTF-8'>[search][coarse] candidate 23/64 failed(rc=1): chunk=512, window=4, stage=2, steady_sms=6, tail_sms=16, lanes=1, bands=1, frontier=2
<_io.TextIOWrapper name=3 encoding='UTF-8'><_io.TextIOWrapper name=5 encoding='UTF-8'>[search][coarse] candidate 24/64 failed(rc=1): chunk=512, window=4, stage=2, steady_sms=6, tail_sms=16, lanes=2, bands=1, frontier=2
<_io.TextIOWrapper name=3 encoding='UTF-8'><_io.TextIOWrapper name=5 encoding='UTF-8'>[search][coarse] candidate 25/64 failed(rc=1): chunk=512, window=4, stage=4, steady_sms=4, tail_sms=12, lanes=1, bands=1, frontier=2
<_io.TextIOWrapper name=3 encoding='UTF-8'><_io.TextIOWrapper name=5 encoding='UTF-8'>[search][coarse] candidate 26/64 failed(rc=1): chunk=512, window=4, stage=4, steady_sms=4, tail_sms=12, lanes=2, bands=1, frontier=2
<_io.TextIOWrapper name=3 encoding='UTF-8'><_io.TextIOWrapper name=5 encoding='UTF-8'>[search][coarse] candidate 27/64 failed(rc=1): chunk=512, window=4, stage=4, steady_sms=4, tail_sms=16, lanes=1, bands=1, frontier=2
<_io.TextIOWrapper name=3 encoding='UTF-8'><_io.TextIOWrapper name=5 encoding='UTF-8'>[search][coarse] candidate 28/64 failed(rc=1): chunk=512, window=4, stage=4, steady_sms=4, tail_sms=16, lanes=2, bands=1, frontier=2
Traceback (most recent call last):
  File "/root/Triton-distributed/python/triton_dist/benchmark/bench_3rdv5_frontier_windowed_panel_gemmrs_search.py", line 958, in <module>
    main()
  File "/root/Triton-distributed/python/triton_dist/benchmark/bench_3rdv5_frontier_windowed_panel_gemmrs_search.py", line 793, in main
    summary = evaluate_candidate(
              ^^^^^^^^^^^^^^^^^^^
  File "/root/Triton-distributed/python/triton_dist/benchmark/bench_3rdv5_frontier_windowed_panel_gemmrs_search.py", line 728, in evaluate_candidate
    returncode, output = run_and_capture(cmd, quiet=args.quiet_subprocess, timeout_sec=args.candidate_timeout_sec)
                         ^^^^^^^^^^^^^^^^^^^^^^^^^^^^^^^^^^^^^^^^^^^^^^^^^^^^^^^^^^^^^^^^^^^^^^^^^^^^^^^^^^^^^^^^^
  File "/root/Triton-distributed/python/triton_dist/benchmark/bench_3rdv5_frontier_windowed_panel_gemmrs_search.py", line 559, in run_and_capture
    stdout, stderr = process.communicate(timeout=timeout_sec if timeout_sec > 0 else None)
                     ^^^^^^^^^^^^^^^^^^^^^^^^^^^^^^^^^^^^^^^^^^^^^^^^^^^^^^^^^^^^^^^^^^^^^
  File "/root/miniconda3/lib/python3.12/subprocess.py", line 1211, in communicate
    stdout, stderr = self._communicate(input, endtime, timeout)
                     ^^^^^^^^^^^^^^^^^^^^^^^^^^^^^^^^^^^^^^^^^^
  File "/root/miniconda3/lib/python3.12/subprocess.py", line 2123, in _communicate
    ready = selector.select(timeout)
            ^^^^^^^^^^^^^^^^^^^^^^^^
  File "/root/miniconda3/lib/python3.12/selectors.py", line 415, in select
    fd_event_list = self._selector.poll(timeout)
                    ^^^^^^^^^^^^^^^^^^^^^^^^^^^^
KeyboardInterrupt

===== 64-space exhaustive restart with NVSHMEM path: 2026-08-28T19:11:43+08:00 =====
NVSHMEM_LIB=/root/miniconda3/lib/python3.12/site-packages/nvidia/nvshmem/lib
[search] exhaustive search: 64 candidates for M=8192, N=29568, K=8192, nproc=4
[search] exhaustive checkpoint: 0/64 completed candidates <- /root/Triton-distributed/python/triton_dist/benchmark/search_compare_runs/20260828_space64_r1/exhaustive_checkpoint.csv
[custom] test shape: M 8192, N 29568, K 8192
✅ all close!
✅ all close!
✅ all close!
✅ all close!
Rank 0 [custom] latency (ms): torch_total=5.58, torch_gemm_only=3.73, torch_rs_only=2.05, v2_total=7.18, v2_gemm_only=4.84, v2_rs_only=3.16, v2_internal_overlap=10.21%, v2_speedup_vs_torch=0.78, v2_speedup_vs_old=nan, chunk_rows=512, num_chunks=4, active_chunk_window=4, stage_slots=2, comm_lanes=1, n_bands=1, frontier_chunks=1
Rank 1 [custom] latency (ms): torch_total=5.56, torch_gemm_only=3.74, torch_rs_only=2.05, v2_total=7.26, v2_gemm_only=4.84, v2_rs_only=3.19, v2_internal_overlap=9.47%, v2_speedup_vs_torch=0.76, v2_speedup_vs_old=nan, chunk_rows=512, num_chunks=4, active_chunk_window=4, stage_slots=2, comm_lanes=1, n_bands=1, frontier_chunks=1
Rank 2 [custom] latency (ms): torch_total=5.57, torch_gemm_only=3.74, torch_rs_only=2.04, v2_total=6.60, v2_gemm_only=4.85, v2_rs_only=3.18, v2_internal_overlap=17.82%, v2_speedup_vs_torch=0.84, v2_speedup_vs_old=nan, chunk_rows=512, num_chunks=4, active_chunk_window=4, stage_slots=2, comm_lanes=1, n_bands=1, frontier_chunks=1
Rank 3 [custom] latency (ms): torch_total=5.61, torch_gemm_only=3.83, torch_rs_only=2.04, v2_total=6.93, v2_gemm_only=4.86, v2_rs_only=3.29, v2_internal_overlap=14.98%, v2_speedup_vs_torch=0.81, v2_speedup_vs_old=nan, chunk_rows=512, num_chunks=4, active_chunk_window=4, stage_slots=2, comm_lanes=1, n_bands=1, frontier_chunks=1
W0828 19:11:44.584000 13601 site-packages/torch/distributed/run.py:766] 
W0828 19:11:44.584000 13601 site-packages/torch/distributed/run.py:766] *****************************************
W0828 19:11:44.584000 13601 site-packages/torch/distributed/run.py:766] Setting OMP_NUM_THREADS environment variable for each process to be 1 in default, to avoid your system being overloaded, please further tune the variable for optimal performance in your application as needed. 
W0828 19:11:44.584000 13601 site-packages/torch/distributed/run.py:766] *****************************************
<frozen importlib._bootstrap_external>:1301: FutureWarning: The cuda.cuda module is deprecated and will be removed in a future release, please switch to use the cuda.bindings.driver module instead.
<frozen importlib._bootstrap_external>:1301: FutureWarning: The cuda.cudart module is deprecated and will be removed in a future release, please switch to use the cuda.bindings.runtime module instead.
<frozen importlib._bootstrap_external>:1301: FutureWarning: The cuda.cuda module is deprecated and will be removed in a future release, please switch to use the cuda.bindings.driver module instead.
<frozen importlib._bootstrap_external>:1301: FutureWarning: The cuda.cudart module is deprecated and will be removed in a future release, please switch to use the cuda.bindings.runtime module instead.
<frozen importlib._bootstrap_external>:1301: FutureWarning: The cuda.cuda module is deprecated and will be removed in a future release, please switch to use the cuda.bindings.driver module instead.
<frozen importlib._bootstrap_external>:1301: FutureWarning: The cuda.cudart module is deprecated and will be removed in a future release, please switch to use the cuda.bindings.runtime module instead.
<frozen importlib._bootstrap_external>:1301: FutureWarning: The cuda.cuda module is deprecated and will be removed in a future release, please switch to use the cuda.bindings.driver module instead.
<frozen importlib._bootstrap_external>:1301: FutureWarning: The cuda.cudart module is deprecated and will be removed in a future release, please switch to use the cuda.bindings.runtime module instead.
/root/Triton-distributed/python/triton_dist/kernels/nvidia/comm_perf_model.py:78: UserWarning: can not get max bandwidth of interface bonding_masters, return 0...
  warnings.warn(f"can not get max bandwidth of interface {interface}, return 0...")
/root/Triton-distributed/python/triton_dist/kernels/nvidia/comm_perf_model.py:78: UserWarning: can not get max bandwidth of interface bonding_masters, return 0...
  warnings.warn(f"can not get max bandwidth of interface {interface}, return 0...")
/root/Triton-distributed/python/triton_dist/kernels/nvidia/comm_perf_model.py:78: UserWarning: can not get max bandwidth of interface bonding_masters, return 0...
  warnings.warn(f"can not get max bandwidth of interface {interface}, return 0...")
/root/Triton-distributed/python/triton_dist/kernels/nvidia/comm_perf_model.py:78: UserWarning: can not get max bandwidth of interface bonding_masters, return 0...
  warnings.warn(f"can not get max bandwidth of interface {interface}, return 0...")
[search][coarse] candidate 1/64: max_total=7.2600 ms, mean_total=6.9925 ms, speedup_mean=0.7975, speedup_min=0.7600, overlap_mean=13.12%, lead_ratio=2.000 | chunk=512, window=4, stage=2, steady_sms=4, tail_sms=12, lanes=1, bands=1, frontier=1
[custom] test shape: M 8192, N 29568, K 8192
✅ all close!
✅ all close!
✅ all close!
✅ all close!
Rank 0 [custom] latency (ms): torch_total=5.61, torch_gemm_only=3.74, torch_rs_only=2.11, v2_total=6.76, v2_gemm_only=4.82, v2_rs_only=3.57, v2_internal_overlap=19.37%, v2_speedup_vs_torch=0.83, v2_speedup_vs_old=nan, chunk_rows=512, num_chunks=4, active_chunk_window=4, stage_slots=2, comm_lanes=2, n_bands=1, frontier_chunks=1
Rank 1 [custom] latency (ms): torch_total=5.59, torch_gemm_only=3.73, torch_rs_only=2.11, v2_total=7.23, v2_gemm_only=4.83, v2_rs_only=3.59, v2_internal_overlap=14.19%, v2_speedup_vs_torch=0.77, v2_speedup_vs_old=nan, chunk_rows=512, num_chunks=4, active_chunk_window=4, stage_slots=2, comm_lanes=2, n_bands=1, frontier_chunks=1
Rank 2 [custom] latency (ms): torch_total=5.58, torch_gemm_only=3.75, torch_rs_only=2.06, v2_total=6.73, v2_gemm_only=4.88, v2_rs_only=3.59, v2_internal_overlap=20.60%, v2_speedup_vs_torch=0.83, v2_speedup_vs_old=nan, chunk_rows=512, num_chunks=4, active_chunk_window=4, stage_slots=2, comm_lanes=2, n_bands=1, frontier_chunks=1
Rank 3 [custom] latency (ms): torch_total=5.61, torch_gemm_only=3.81, torch_rs_only=2.09, v2_total=6.99, v2_gemm_only=4.85, v2_rs_only=3.52, v2_internal_overlap=16.58%, v2_speedup_vs_torch=0.80, v2_speedup_vs_old=nan, chunk_rows=512, num_chunks=4, active_chunk_window=4, stage_slots=2, comm_lanes=2, n_bands=1, frontier_chunks=1
W0828 19:11:55.893000 14268 site-packages/torch/distributed/run.py:766] 
W0828 19:11:55.893000 14268 site-packages/torch/distributed/run.py:766] *****************************************
W0828 19:11:55.893000 14268 site-packages/torch/distributed/run.py:766] Setting OMP_NUM_THREADS environment variable for each process to be 1 in default, to avoid your system being overloaded, please further tune the variable for optimal performance in your application as needed. 
W0828 19:11:55.893000 14268 site-packages/torch/distributed/run.py:766] *****************************************
<frozen importlib._bootstrap_external>:1301: FutureWarning: The cuda.cuda module is deprecated and will be removed in a future release, please switch to use the cuda.bindings.driver module instead.
<frozen importlib._bootstrap_external>:1301: FutureWarning: The cuda.cudart module is deprecated and will be removed in a future release, please switch to use the cuda.bindings.runtime module instead.
<frozen importlib._bootstrap_external>:1301: FutureWarning: The cuda.cuda module is deprecated and will be removed in a future release, please switch to use the cuda.bindings.driver module instead.
<frozen importlib._bootstrap_external>:1301: FutureWarning: The cuda.cudart module is deprecated and will be removed in a future release, please switch to use the cuda.bindings.runtime module instead.
<frozen importlib._bootstrap_external>:1301: FutureWarning: The cuda.cuda module is deprecated and will be removed in a future release, please switch to use the cuda.bindings.driver module instead.
<frozen importlib._bootstrap_external>:1301: FutureWarning: The cuda.cudart module is deprecated and will be removed in a future release, please switch to use the cuda.bindings.runtime module instead.
<frozen importlib._bootstrap_external>:1301: FutureWarning: The cuda.cuda module is deprecated and will be removed in a future release, please switch to use the cuda.bindings.driver module instead.
<frozen importlib._bootstrap_external>:1301: FutureWarning: The cuda.cudart module is deprecated and will be removed in a future release, please switch to use the cuda.bindings.runtime module instead.
/root/Triton-distributed/python/triton_dist/kernels/nvidia/comm_perf_model.py:78: UserWarning: can not get max bandwidth of interface bonding_masters, return 0...
  warnings.warn(f"can not get max bandwidth of interface {interface}, return 0...")
/root/Triton-distributed/python/triton_dist/kernels/nvidia/comm_perf_model.py:78: UserWarning: can not get max bandwidth of interface bonding_masters, return 0...
  warnings.warn(f"can not get max bandwidth of interface {interface}, return 0...")
/root/Triton-distributed/python/triton_dist/kernels/nvidia/comm_perf_model.py:78: UserWarning: can not get max bandwidth of interface bonding_masters, return 0...
  warnings.warn(f"can not get max bandwidth of interface {interface}, return 0...")
/root/Triton-distributed/python/triton_dist/kernels/nvidia/comm_perf_model.py:78: UserWarning: can not get max bandwidth of interface bonding_masters, return 0...
  warnings.warn(f"can not get max bandwidth of interface {interface}, return 0...")
[search][coarse] candidate 2/64: max_total=7.2300 ms, mean_total=6.9275 ms, speedup_mean=0.8075, speedup_min=0.7700, overlap_mean=17.69%, lead_ratio=2.000 | chunk=512, window=4, stage=2, steady_sms=4, tail_sms=12, lanes=2, bands=1, frontier=1
[custom] test shape: M 8192, N 29568, K 8192
✅ all close!
✅ all close!
✅ all close!
✅ all close!
Rank 0 [custom] latency (ms): torch_total=5.86, torch_gemm_only=3.74, torch_rs_only=2.18, v2_total=7.90, v2_gemm_only=5.26, v2_rs_only=3.45, v2_internal_overlap=9.34%, v2_speedup_vs_torch=0.74, v2_speedup_vs_old=nan, chunk_rows=512, num_chunks=4, active_chunk_window=4, stage_slots=2, comm_lanes=1, n_bands=1, frontier_chunks=1
Rank 1 [custom] latency (ms): torch_total=5.83, torch_gemm_only=3.73, torch_rs_only=2.18, v2_total=7.47, v2_gemm_only=5.87, v2_rs_only=3.48, v2_internal_overlap=20.12%, v2_speedup_vs_torch=0.78, v2_speedup_vs_old=nan, chunk_rows=512, num_chunks=4, active_chunk_window=4, stage_slots=2, comm_lanes=1, n_bands=1, frontier_chunks=1
Rank 2 [custom] latency (ms): torch_total=5.56, torch_gemm_only=3.74, torch_rs_only=2.19, v2_total=6.59, v2_gemm_only=4.85, v2_rs_only=3.19, v2_internal_overlap=18.12%, v2_speedup_vs_torch=0.84, v2_speedup_vs_old=nan, chunk_rows=512, num_chunks=4, active_chunk_window=4, stage_slots=2, comm_lanes=1, n_bands=1, frontier_chunks=1
Rank 3 [custom] latency (ms): torch_total=5.87, torch_gemm_only=3.81, torch_rs_only=2.15, v2_total=7.40, v2_gemm_only=4.83, v2_rs_only=3.27, v2_internal_overlap=8.56%, v2_speedup_vs_torch=0.79, v2_speedup_vs_old=nan, chunk_rows=512, num_chunks=4, active_chunk_window=4, stage_slots=2, comm_lanes=1, n_bands=1, frontier_chunks=1
W0828 19:12:06.976000 14922 site-packages/torch/distributed/run.py:766] 
W0828 19:12:06.976000 14922 site-packages/torch/distributed/run.py:766] *****************************************
W0828 19:12:06.976000 14922 site-packages/torch/distributed/run.py:766] Setting OMP_NUM_THREADS environment variable for each process to be 1 in default, to avoid your system being overloaded, please further tune the variable for optimal performance in your application as needed. 
W0828 19:12:06.976000 14922 site-packages/torch/distributed/run.py:766] *****************************************
<frozen importlib._bootstrap_external>:1301: FutureWarning: The cuda.cuda module is deprecated and will be removed in a future release, please switch to use the cuda.bindings.driver module instead.
<frozen importlib._bootstrap_external>:1301: FutureWarning: The cuda.cudart module is deprecated and will be removed in a future release, please switch to use the cuda.bindings.runtime module instead.
<frozen importlib._bootstrap_external>:1301: FutureWarning: The cuda.cuda module is deprecated and will be removed in a future release, please switch to use the cuda.bindings.driver module instead.
<frozen importlib._bootstrap_external>:1301: FutureWarning: The cuda.cudart module is deprecated and will be removed in a future release, please switch to use the cuda.bindings.runtime module instead.
<frozen importlib._bootstrap_external>:1301: FutureWarning: The cuda.cuda module is deprecated and will be removed in a future release, please switch to use the cuda.bindings.driver module instead.
<frozen importlib._bootstrap_external>:1301: FutureWarning: The cuda.cudart module is deprecated and will be removed in a future release, please switch to use the cuda.bindings.runtime module instead.
<frozen importlib._bootstrap_external>:1301: FutureWarning: The cuda.cuda module is deprecated and will be removed in a future release, please switch to use the cuda.bindings.driver module instead.
<frozen importlib._bootstrap_external>:1301: FutureWarning: The cuda.cudart module is deprecated and will be removed in a future release, please switch to use the cuda.bindings.runtime module instead.
/root/Triton-distributed/python/triton_dist/kernels/nvidia/comm_perf_model.py:78: UserWarning: can not get max bandwidth of interface bonding_masters, return 0...
  warnings.warn(f"can not get max bandwidth of interface {interface}, return 0...")
/root/Triton-distributed/python/triton_dist/kernels/nvidia/comm_perf_model.py:78: UserWarning: can not get max bandwidth of interface bonding_masters, return 0...
  warnings.warn(f"can not get max bandwidth of interface {interface}, return 0...")
/root/Triton-distributed/python/triton_dist/kernels/nvidia/comm_perf_model.py:78: UserWarning: can not get max bandwidth of interface bonding_masters, return 0...
  warnings.warn(f"can not get max bandwidth of interface {interface}, return 0...")
/root/Triton-distributed/python/triton_dist/kernels/nvidia/comm_perf_model.py:78: UserWarning: can not get max bandwidth of interface bonding_masters, return 0...
  warnings.warn(f"can not get max bandwidth of interface {interface}, return 0...")
[search][coarse] candidate 3/64: max_total=7.9000 ms, mean_total=7.3400 ms, speedup_mean=0.7875, speedup_min=0.7400, overlap_mean=14.04%, lead_ratio=2.000 | chunk=512, window=4, stage=2, steady_sms=4, tail_sms=16, lanes=1, bands=1, frontier=1
[custom] test shape: M 8192, N 29568, K 8192
✅ all close!
✅ all close!
✅ all close!
✅ all close!
Rank 0 [custom] latency (ms): torch_total=5.59, torch_gemm_only=3.76, torch_rs_only=2.00, v2_total=6.74, v2_gemm_only=4.82, v2_rs_only=3.40, v2_internal_overlap=18.09%, v2_speedup_vs_torch=0.83, v2_speedup_vs_old=nan, chunk_rows=512, num_chunks=4, active_chunk_window=4, stage_slots=2, comm_lanes=2, n_bands=1, frontier_chunks=1
Rank 1 [custom] latency (ms): torch_total=5.57, torch_gemm_only=3.76, torch_rs_only=2.03, v2_total=7.25, v2_gemm_only=5.09, v2_rs_only=3.55, v2_internal_overlap=16.10%, v2_speedup_vs_torch=0.77, v2_speedup_vs_old=nan, chunk_rows=512, num_chunks=4, active_chunk_window=4, stage_slots=2, comm_lanes=2, n_bands=1, frontier_chunks=1
Rank 2 [custom] latency (ms): torch_total=5.55, torch_gemm_only=3.77, torch_rs_only=2.02, v2_total=6.46, v2_gemm_only=4.85, v2_rs_only=3.43, v2_internal_overlap=21.90%, v2_speedup_vs_torch=0.86, v2_speedup_vs_old=nan, chunk_rows=512, num_chunks=4, active_chunk_window=4, stage_slots=2, comm_lanes=2, n_bands=1, frontier_chunks=1
Rank 3 [custom] latency (ms): torch_total=5.59, torch_gemm_only=3.81, torch_rs_only=2.01, v2_total=6.96, v2_gemm_only=4.85, v2_rs_only=3.45, v2_internal_overlap=16.16%, v2_speedup_vs_torch=0.80, v2_speedup_vs_old=nan, chunk_rows=512, num_chunks=4, active_chunk_window=4, stage_slots=2, comm_lanes=2, n_bands=1, frontier_chunks=1
W0828 19:12:18.167000 15573 site-packages/torch/distributed/run.py:766] 
W0828 19:12:18.167000 15573 site-packages/torch/distributed/run.py:766] *****************************************
W0828 19:12:18.167000 15573 site-packages/torch/distributed/run.py:766] Setting OMP_NUM_THREADS environment variable for each process to be 1 in default, to avoid your system being overloaded, please further tune the variable for optimal performance in your application as needed. 
W0828 19:12:18.167000 15573 site-packages/torch/distributed/run.py:766] *****************************************
<frozen importlib._bootstrap_external>:1301: FutureWarning: The cuda.cuda module is deprecated and will be removed in a future release, please switch to use the cuda.bindings.driver module instead.
<frozen importlib._bootstrap_external>:1301: FutureWarning: The cuda.cudart module is deprecated and will be removed in a future release, please switch to use the cuda.bindings.runtime module instead.
<frozen importlib._bootstrap_external>:1301: FutureWarning: The cuda.cuda module is deprecated and will be removed in a future release, please switch to use the cuda.bindings.driver module instead.
<frozen importlib._bootstrap_external>:1301: FutureWarning: The cuda.cudart module is deprecated and will be removed in a future release, please switch to use the cuda.bindings.runtime module instead.
<frozen importlib._bootstrap_external>:1301: FutureWarning: The cuda.cuda module is deprecated and will be removed in a future release, please switch to use the cuda.bindings.driver module instead.
<frozen importlib._bootstrap_external>:1301: FutureWarning: The cuda.cudart module is deprecated and will be removed in a future release, please switch to use the cuda.bindings.runtime module instead.
<frozen importlib._bootstrap_external>:1301: FutureWarning: The cuda.cuda module is deprecated and will be removed in a future release, please switch to use the cuda.bindings.driver module instead.
<frozen importlib._bootstrap_external>:1301: FutureWarning: The cuda.cudart module is deprecated and will be removed in a future release, please switch to use the cuda.bindings.runtime module instead.
/root/Triton-distributed/python/triton_dist/kernels/nvidia/comm_perf_model.py:78: UserWarning: can not get max bandwidth of interface bonding_masters, return 0...
  warnings.warn(f"can not get max bandwidth of interface {interface}, return 0...")
/root/Triton-distributed/python/triton_dist/kernels/nvidia/comm_perf_model.py:78: UserWarning: can not get max bandwidth of interface bonding_masters, return 0...
  warnings.warn(f"can not get max bandwidth of interface {interface}, return 0...")
/root/Triton-distributed/python/triton_dist/kernels/nvidia/comm_perf_model.py:78: UserWarning: can not get max bandwidth of interface bonding_masters, return 0...
  warnings.warn(f"can not get max bandwidth of interface {interface}, return 0...")
/root/Triton-distributed/python/triton_dist/kernels/nvidia/comm_perf_model.py:78: UserWarning: can not get max bandwidth of interface bonding_masters, return 0...
  warnings.warn(f"can not get max bandwidth of interface {interface}, return 0...")
[search][coarse] candidate 4/64: max_total=7.2500 ms, mean_total=6.8525 ms, speedup_mean=0.8150, speedup_min=0.7700, overlap_mean=18.06%, lead_ratio=2.000 | chunk=512, window=4, stage=2, steady_sms=4, tail_sms=16, lanes=2, bands=1, frontier=1
[custom] test shape: M 8192, N 29568, K 8192
✅ all close!
✅ all close!
✅ all close!
✅ all close!
Rank 0 [custom] latency (ms): torch_total=5.61, torch_gemm_only=3.76, torch_rs_only=2.06, v2_total=6.32, v2_gemm_only=4.82, v2_rs_only=2.76, v2_internal_overlap=16.61%, v2_speedup_vs_torch=0.89, v2_speedup_vs_old=nan, chunk_rows=512, num_chunks=4, active_chunk_window=4, stage_slots=2, comm_lanes=1, n_bands=1, frontier_chunks=1
Rank 1 [custom] latency (ms): torch_total=5.58, torch_gemm_only=3.74, torch_rs_only=2.06, v2_total=6.43, v2_gemm_only=4.94, v2_rs_only=2.79, v2_internal_overlap=16.79%, v2_speedup_vs_torch=0.87, v2_speedup_vs_old=nan, chunk_rows=512, num_chunks=4, active_chunk_window=4, stage_slots=2, comm_lanes=1, n_bands=1, frontier_chunks=1
Rank 2 [custom] latency (ms): torch_total=5.58, torch_gemm_only=3.74, torch_rs_only=2.08, v2_total=6.08, v2_gemm_only=4.85, v2_rs_only=2.81, v2_internal_overlap=20.63%, v2_speedup_vs_torch=0.92, v2_speedup_vs_old=nan, chunk_rows=512, num_chunks=4, active_chunk_window=4, stage_slots=2, comm_lanes=1, n_bands=1, frontier_chunks=1
Rank 3 [custom] latency (ms): torch_total=5.60, torch_gemm_only=3.82, torch_rs_only=2.08, v2_total=6.27, v2_gemm_only=4.95, v2_rs_only=2.77, v2_internal_overlap=18.85%, v2_speedup_vs_torch=0.89, v2_speedup_vs_old=nan, chunk_rows=512, num_chunks=4, active_chunk_window=4, stage_slots=2, comm_lanes=1, n_bands=1, frontier_chunks=1
W0828 19:12:29.455000 16242 site-packages/torch/distributed/run.py:766] 
W0828 19:12:29.455000 16242 site-packages/torch/distributed/run.py:766] *****************************************
W0828 19:12:29.455000 16242 site-packages/torch/distributed/run.py:766] Setting OMP_NUM_THREADS environment variable for each process to be 1 in default, to avoid your system being overloaded, please further tune the variable for optimal performance in your application as needed. 
W0828 19:12:29.455000 16242 site-packages/torch/distributed/run.py:766] *****************************************
<frozen importlib._bootstrap_external>:1301: FutureWarning: The cuda.cuda module is deprecated and will be removed in a future release, please switch to use the cuda.bindings.driver module instead.
<frozen importlib._bootstrap_external>:1301: FutureWarning: The cuda.cudart module is deprecated and will be removed in a future release, please switch to use the cuda.bindings.runtime module instead.
<frozen importlib._bootstrap_external>:1301: FutureWarning: The cuda.cuda module is deprecated and will be removed in a future release, please switch to use the cuda.bindings.driver module instead.
<frozen importlib._bootstrap_external>:1301: FutureWarning: The cuda.cudart module is deprecated and will be removed in a future release, please switch to use the cuda.bindings.runtime module instead.
<frozen importlib._bootstrap_external>:1301: FutureWarning: The cuda.cuda module is deprecated and will be removed in a future release, please switch to use the cuda.bindings.driver module instead.
<frozen importlib._bootstrap_external>:1301: FutureWarning: The cuda.cudart module is deprecated and will be removed in a future release, please switch to use the cuda.bindings.runtime module instead.
<frozen importlib._bootstrap_external>:1301: FutureWarning: The cuda.cuda module is deprecated and will be removed in a future release, please switch to use the cuda.bindings.driver module instead.
<frozen importlib._bootstrap_external>:1301: FutureWarning: The cuda.cudart module is deprecated and will be removed in a future release, please switch to use the cuda.bindings.runtime module instead.
/root/Triton-distributed/python/triton_dist/kernels/nvidia/comm_perf_model.py:78: UserWarning: can not get max bandwidth of interface bonding_masters, return 0...
  warnings.warn(f"can not get max bandwidth of interface {interface}, return 0...")
/root/Triton-distributed/python/triton_dist/kernels/nvidia/comm_perf_model.py:78: UserWarning: can not get max bandwidth of interface bonding_masters, return 0...
  warnings.warn(f"can not get max bandwidth of interface {interface}, return 0...")
/root/Triton-distributed/python/triton_dist/kernels/nvidia/comm_perf_model.py:78: UserWarning: can not get max bandwidth of interface bonding_masters, return 0...
  warnings.warn(f"can not get max bandwidth of interface {interface}, return 0...")
/root/Triton-distributed/python/triton_dist/kernels/nvidia/comm_perf_model.py:78: UserWarning: can not get max bandwidth of interface bonding_masters, return 0...
  warnings.warn(f"can not get max bandwidth of interface {interface}, return 0...")
[search][coarse] candidate 5/64: max_total=6.4300 ms, mean_total=6.2750 ms, speedup_mean=0.8925, speedup_min=0.8700, overlap_mean=18.22%, lead_ratio=2.000 | chunk=512, window=4, stage=2, steady_sms=6, tail_sms=12, lanes=1, bands=1, frontier=1
[custom] test shape: M 8192, N 29568, K 8192
✅ all close!
✅ all close!
✅ all close!
✅ all close!
Rank 0 [custom] latency (ms): torch_total=5.61, torch_gemm_only=3.74, torch_rs_only=2.05, v2_total=6.33, v2_gemm_only=4.83, v2_rs_only=3.22, v2_internal_overlap=21.36%, v2_speedup_vs_torch=0.89, v2_speedup_vs_old=nan, chunk_rows=512, num_chunks=4, active_chunk_window=4, stage_slots=2, comm_lanes=2, n_bands=1, frontier_chunks=1
Rank 1 [custom] latency (ms): torch_total=5.58, torch_gemm_only=3.74, torch_rs_only=2.05, v2_total=6.40, v2_gemm_only=4.83, v2_rs_only=3.29, v2_internal_overlap=21.16%, v2_speedup_vs_torch=0.87, v2_speedup_vs_old=nan, chunk_rows=512, num_chunks=4, active_chunk_window=4, stage_slots=2, comm_lanes=2, n_bands=1, frontier_chunks=1
Rank 2 [custom] latency (ms): torch_total=5.61, torch_gemm_only=3.75, torch_rs_only=2.06, v2_total=6.11, v2_gemm_only=4.85, v2_rs_only=3.25, v2_internal_overlap=24.57%, v2_speedup_vs_torch=0.92, v2_speedup_vs_old=nan, chunk_rows=512, num_chunks=4, active_chunk_window=4, stage_slots=2, comm_lanes=2, n_bands=1, frontier_chunks=1
Rank 3 [custom] latency (ms): torch_total=5.62, torch_gemm_only=3.84, torch_rs_only=2.09, v2_total=6.25, v2_gemm_only=4.83, v2_rs_only=3.24, v2_internal_overlap=22.51%, v2_speedup_vs_torch=0.90, v2_speedup_vs_old=nan, chunk_rows=512, num_chunks=4, active_chunk_window=4, stage_slots=2, comm_lanes=2, n_bands=1, frontier_chunks=1
W0828 19:12:40.754000 16894 site-packages/torch/distributed/run.py:766] 
W0828 19:12:40.754000 16894 site-packages/torch/distributed/run.py:766] *****************************************
W0828 19:12:40.754000 16894 site-packages/torch/distributed/run.py:766] Setting OMP_NUM_THREADS environment variable for each process to be 1 in default, to avoid your system being overloaded, please further tune the variable for optimal performance in your application as needed. 
W0828 19:12:40.754000 16894 site-packages/torch/distributed/run.py:766] *****************************************
<frozen importlib._bootstrap_external>:1301: FutureWarning: The cuda.cuda module is deprecated and will be removed in a future release, please switch to use the cuda.bindings.driver module instead.
<frozen importlib._bootstrap_external>:1301: FutureWarning: The cuda.cudart module is deprecated and will be removed in a future release, please switch to use the cuda.bindings.runtime module instead.
<frozen importlib._bootstrap_external>:1301: FutureWarning: The cuda.cuda module is deprecated and will be removed in a future release, please switch to use the cuda.bindings.driver module instead.
<frozen importlib._bootstrap_external>:1301: FutureWarning: The cuda.cudart module is deprecated and will be removed in a future release, please switch to use the cuda.bindings.runtime module instead.
<frozen importlib._bootstrap_external>:1301: FutureWarning: The cuda.cuda module is deprecated and will be removed in a future release, please switch to use the cuda.bindings.driver module instead.
<frozen importlib._bootstrap_external>:1301: FutureWarning: The cuda.cudart module is deprecated and will be removed in a future release, please switch to use the cuda.bindings.runtime module instead.
<frozen importlib._bootstrap_external>:1301: FutureWarning: The cuda.cuda module is deprecated and will be removed in a future release, please switch to use the cuda.bindings.driver module instead.
<frozen importlib._bootstrap_external>:1301: FutureWarning: The cuda.cudart module is deprecated and will be removed in a future release, please switch to use the cuda.bindings.runtime module instead.
/root/Triton-distributed/python/triton_dist/kernels/nvidia/comm_perf_model.py:78: UserWarning: can not get max bandwidth of interface bonding_masters, return 0...
  warnings.warn(f"can not get max bandwidth of interface {interface}, return 0...")
/root/Triton-distributed/python/triton_dist/kernels/nvidia/comm_perf_model.py:78: UserWarning: can not get max bandwidth of interface bonding_masters, return 0...
  warnings.warn(f"can not get max bandwidth of interface {interface}, return 0...")
/root/Triton-distributed/python/triton_dist/kernels/nvidia/comm_perf_model.py:78: UserWarning: can not get max bandwidth of interface bonding_masters, return 0...
  warnings.warn(f"can not get max bandwidth of interface {interface}, return 0...")
/root/Triton-distributed/python/triton_dist/kernels/nvidia/comm_perf_model.py:78: UserWarning: can not get max bandwidth of interface bonding_masters, return 0...
  warnings.warn(f"can not get max bandwidth of interface {interface}, return 0...")
[search][coarse] candidate 6/64: max_total=6.4000 ms, mean_total=6.2725 ms, speedup_mean=0.8950, speedup_min=0.8700, overlap_mean=22.40%, lead_ratio=2.000 | chunk=512, window=4, stage=2, steady_sms=6, tail_sms=12, lanes=2, bands=1, frontier=1
[custom] test shape: M 8192, N 29568, K 8192
✅ all close!
✅ all close!
✅ all close!
✅ all close!
Rank 0 [custom] latency (ms): torch_total=5.59, torch_gemm_only=3.74, torch_rs_only=2.08, v2_total=6.72, v2_gemm_only=4.87, v2_rs_only=3.12, v2_internal_overlap=15.89%, v2_speedup_vs_torch=0.83, v2_speedup_vs_old=nan, chunk_rows=512, num_chunks=4, active_chunk_window=4, stage_slots=2, comm_lanes=1, n_bands=1, frontier_chunks=1
Rank 1 [custom] latency (ms): torch_total=5.58, torch_gemm_only=3.75, torch_rs_only=2.07, v2_total=7.09, v2_gemm_only=5.87, v2_rs_only=3.38, v2_internal_overlap=23.26%, v2_speedup_vs_torch=0.79, v2_speedup_vs_old=nan, chunk_rows=512, num_chunks=4, active_chunk_window=4, stage_slots=2, comm_lanes=1, n_bands=1, frontier_chunks=1
Rank 2 [custom] latency (ms): torch_total=5.56, torch_gemm_only=3.75, torch_rs_only=2.08, v2_total=6.25, v2_gemm_only=4.85, v2_rs_only=3.35, v2_internal_overlap=23.85%, v2_speedup_vs_torch=0.89, v2_speedup_vs_old=nan, chunk_rows=512, num_chunks=4, active_chunk_window=4, stage_slots=2, comm_lanes=1, n_bands=1, frontier_chunks=1
Rank 3 [custom] latency (ms): torch_total=5.59, torch_gemm_only=3.83, torch_rs_only=2.08, v2_total=6.57, v2_gemm_only=4.83, v2_rs_only=3.14, v2_internal_overlap=17.54%, v2_speedup_vs_torch=0.85, v2_speedup_vs_old=nan, chunk_rows=512, num_chunks=4, active_chunk_window=4, stage_slots=2, comm_lanes=1, n_bands=1, frontier_chunks=1
W0828 19:12:52.135000 17552 site-packages/torch/distributed/run.py:766] 
W0828 19:12:52.135000 17552 site-packages/torch/distributed/run.py:766] *****************************************
W0828 19:12:52.135000 17552 site-packages/torch/distributed/run.py:766] Setting OMP_NUM_THREADS environment variable for each process to be 1 in default, to avoid your system being overloaded, please further tune the variable for optimal performance in your application as needed. 
W0828 19:12:52.135000 17552 site-packages/torch/distributed/run.py:766] *****************************************
<frozen importlib._bootstrap_external>:1301: FutureWarning: The cuda.cuda module is deprecated and will be removed in a future release, please switch to use the cuda.bindings.driver module instead.
<frozen importlib._bootstrap_external>:1301: FutureWarning: The cuda.cudart module is deprecated and will be removed in a future release, please switch to use the cuda.bindings.runtime module instead.
<frozen importlib._bootstrap_external>:1301: FutureWarning: The cuda.cuda module is deprecated and will be removed in a future release, please switch to use the cuda.bindings.driver module instead.
<frozen importlib._bootstrap_external>:1301: FutureWarning: The cuda.cudart module is deprecated and will be removed in a future release, please switch to use the cuda.bindings.runtime module instead.
<frozen importlib._bootstrap_external>:1301: FutureWarning: The cuda.cuda module is deprecated and will be removed in a future release, please switch to use the cuda.bindings.driver module instead.
<frozen importlib._bootstrap_external>:1301: FutureWarning: The cuda.cudart module is deprecated and will be removed in a future release, please switch to use the cuda.bindings.runtime module instead.
<frozen importlib._bootstrap_external>:1301: FutureWarning: The cuda.cuda module is deprecated and will be removed in a future release, please switch to use the cuda.bindings.driver module instead.
<frozen importlib._bootstrap_external>:1301: FutureWarning: The cuda.cudart module is deprecated and will be removed in a future release, please switch to use the cuda.bindings.runtime module instead.
/root/Triton-distributed/python/triton_dist/kernels/nvidia/comm_perf_model.py:78: UserWarning: can not get max bandwidth of interface bonding_masters, return 0...
  warnings.warn(f"can not get max bandwidth of interface {interface}, return 0...")
/root/Triton-distributed/python/triton_dist/kernels/nvidia/comm_perf_model.py:78: UserWarning: can not get max bandwidth of interface bonding_masters, return 0...
  warnings.warn(f"can not get max bandwidth of interface {interface}, return 0...")
/root/Triton-distributed/python/triton_dist/kernels/nvidia/comm_perf_model.py:78: UserWarning: can not get max bandwidth of interface bonding_masters, return 0...
  warnings.warn(f"can not get max bandwidth of interface {interface}, return 0...")
/root/Triton-distributed/python/triton_dist/kernels/nvidia/comm_perf_model.py:78: UserWarning: can not get max bandwidth of interface bonding_masters, return 0...
  warnings.warn(f"can not get max bandwidth of interface {interface}, return 0...")
[search][coarse] candidate 7/64: max_total=7.0900 ms, mean_total=6.6575 ms, speedup_mean=0.8400, speedup_min=0.7900, overlap_mean=20.14%, lead_ratio=2.000 | chunk=512, window=4, stage=2, steady_sms=6, tail_sms=16, lanes=1, bands=1, frontier=1
[custom] test shape: M 8192, N 29568, K 8192
✅ all close!
✅ all close!
✅ all close!
✅ all close!
Rank 0 [custom] latency (ms): torch_total=5.63, torch_gemm_only=3.75, torch_rs_only=2.04, v2_total=6.26, v2_gemm_only=4.84, v2_rs_only=3.20, v2_internal_overlap=22.14%, v2_speedup_vs_torch=0.90, v2_speedup_vs_old=nan, chunk_rows=512, num_chunks=4, active_chunk_window=4, stage_slots=2, comm_lanes=2, n_bands=1, frontier_chunks=1
Rank 1 [custom] latency (ms): torch_total=5.63, torch_gemm_only=3.74, torch_rs_only=2.05, v2_total=6.34, v2_gemm_only=4.83, v2_rs_only=3.14, v2_internal_overlap=20.52%, v2_speedup_vs_torch=0.89, v2_speedup_vs_old=nan, chunk_rows=512, num_chunks=4, active_chunk_window=4, stage_slots=2, comm_lanes=2, n_bands=1, frontier_chunks=1
Rank 2 [custom] latency (ms): torch_total=5.59, torch_gemm_only=3.77, torch_rs_only=2.03, v2_total=5.98, v2_gemm_only=4.88, v2_rs_only=3.18, v2_internal_overlap=25.75%, v2_speedup_vs_torch=0.93, v2_speedup_vs_old=nan, chunk_rows=512, num_chunks=4, active_chunk_window=4, stage_slots=2, comm_lanes=2, n_bands=1, frontier_chunks=1
Rank 3 [custom] latency (ms): torch_total=5.66, torch_gemm_only=3.81, torch_rs_only=2.02, v2_total=6.18, v2_gemm_only=4.94, v2_rs_only=3.13, v2_internal_overlap=23.38%, v2_speedup_vs_torch=0.92, v2_speedup_vs_old=nan, chunk_rows=512, num_chunks=4, active_chunk_window=4, stage_slots=2, comm_lanes=2, n_bands=1, frontier_chunks=1
W0828 19:13:03.217000 18204 site-packages/torch/distributed/run.py:766] 
W0828 19:13:03.217000 18204 site-packages/torch/distributed/run.py:766] *****************************************
W0828 19:13:03.217000 18204 site-packages/torch/distributed/run.py:766] Setting OMP_NUM_THREADS environment variable for each process to be 1 in default, to avoid your system being overloaded, please further tune the variable for optimal performance in your application as needed. 
W0828 19:13:03.217000 18204 site-packages/torch/distributed/run.py:766] *****************************************
<frozen importlib._bootstrap_external>:1301: FutureWarning: The cuda.cuda module is deprecated and will be removed in a future release, please switch to use the cuda.bindings.driver module instead.
<frozen importlib._bootstrap_external>:1301: FutureWarning: The cuda.cudart module is deprecated and will be removed in a future release, please switch to use the cuda.bindings.runtime module instead.
<frozen importlib._bootstrap_external>:1301: FutureWarning: The cuda.cuda module is deprecated and will be removed in a future release, please switch to use the cuda.bindings.driver module instead.
<frozen importlib._bootstrap_external>:1301: FutureWarning: The cuda.cudart module is deprecated and will be removed in a future release, please switch to use the cuda.bindings.runtime module instead.
<frozen importlib._bootstrap_external>:1301: FutureWarning: The cuda.cuda module is deprecated and will be removed in a future release, please switch to use the cuda.bindings.driver module instead.
<frozen importlib._bootstrap_external>:1301: FutureWarning: The cuda.cudart module is deprecated and will be removed in a future release, please switch to use the cuda.bindings.runtime module instead.
<frozen importlib._bootstrap_external>:1301: FutureWarning: The cuda.cuda module is deprecated and will be removed in a future release, please switch to use the cuda.bindings.driver module instead.
<frozen importlib._bootstrap_external>:1301: FutureWarning: The cuda.cudart module is deprecated and will be removed in a future release, please switch to use the cuda.bindings.runtime module instead.
/root/Triton-distributed/python/triton_dist/kernels/nvidia/comm_perf_model.py:78: UserWarning: can not get max bandwidth of interface bonding_masters, return 0...
  warnings.warn(f"can not get max bandwidth of interface {interface}, return 0...")
/root/Triton-distributed/python/triton_dist/kernels/nvidia/comm_perf_model.py:78: UserWarning: can not get max bandwidth of interface bonding_masters, return 0...
  warnings.warn(f"can not get max bandwidth of interface {interface}, return 0...")
/root/Triton-distributed/python/triton_dist/kernels/nvidia/comm_perf_model.py:78: UserWarning: can not get max bandwidth of interface bonding_masters, return 0...
  warnings.warn(f"can not get max bandwidth of interface {interface}, return 0...")
/root/Triton-distributed/python/triton_dist/kernels/nvidia/comm_perf_model.py:78: UserWarning: can not get max bandwidth of interface bonding_masters, return 0...
  warnings.warn(f"can not get max bandwidth of interface {interface}, return 0...")
[search][coarse] candidate 8/64: max_total=6.3400 ms, mean_total=6.1900 ms, speedup_mean=0.9100, speedup_min=0.8900, overlap_mean=22.95%, lead_ratio=2.000 | chunk=512, window=4, stage=2, steady_sms=6, tail_sms=16, lanes=2, bands=1, frontier=1
[custom] test shape: M 8192, N 29568, K 8192
✅ all close!
✅ all close!
✅ all close!
✅ all close!
Rank 0 [custom] latency (ms): torch_total=5.62, torch_gemm_only=3.76, torch_rs_only=2.06, v2_total=6.50, v2_gemm_only=4.83, v2_rs_only=2.95, v2_internal_overlap=16.43%, v2_speedup_vs_torch=0.86, v2_speedup_vs_old=nan, chunk_rows=512, num_chunks=4, active_chunk_window=4, stage_slots=4, comm_lanes=1, n_bands=1, frontier_chunks=1
Rank 1 [custom] latency (ms): torch_total=5.60, torch_gemm_only=3.74, torch_rs_only=2.05, v2_total=6.62, v2_gemm_only=4.83, v2_rs_only=2.94, v2_internal_overlap=14.84%, v2_speedup_vs_torch=0.85, v2_speedup_vs_old=nan, chunk_rows=512, num_chunks=4, active_chunk_window=4, stage_slots=4, comm_lanes=1, n_bands=1, frontier_chunks=1
Rank 2 [custom] latency (ms): torch_total=5.57, torch_gemm_only=3.74, torch_rs_only=2.05, v2_total=6.30, v2_gemm_only=4.85, v2_rs_only=2.99, v2_internal_overlap=19.72%, v2_speedup_vs_torch=0.88, v2_speedup_vs_old=nan, chunk_rows=512, num_chunks=4, active_chunk_window=4, stage_slots=4, comm_lanes=1, n_bands=1, frontier_chunks=1
Rank 3 [custom] latency (ms): torch_total=5.61, torch_gemm_only=3.86, torch_rs_only=2.07, v2_total=6.54, v2_gemm_only=4.93, v2_rs_only=3.12, v2_internal_overlap=18.78%, v2_speedup_vs_torch=0.86, v2_speedup_vs_old=nan, chunk_rows=512, num_chunks=4, active_chunk_window=4, stage_slots=4, comm_lanes=1, n_bands=1, frontier_chunks=1
W0828 19:13:14.592000 18855 site-packages/torch/distributed/run.py:766] 
W0828 19:13:14.592000 18855 site-packages/torch/distributed/run.py:766] *****************************************
W0828 19:13:14.592000 18855 site-packages/torch/distributed/run.py:766] Setting OMP_NUM_THREADS environment variable for each process to be 1 in default, to avoid your system being overloaded, please further tune the variable for optimal performance in your application as needed. 
W0828 19:13:14.592000 18855 site-packages/torch/distributed/run.py:766] *****************************************
<frozen importlib._bootstrap_external>:1301: FutureWarning: The cuda.cuda module is deprecated and will be removed in a future release, please switch to use the cuda.bindings.driver module instead.
<frozen importlib._bootstrap_external>:1301: FutureWarning: The cuda.cudart module is deprecated and will be removed in a future release, please switch to use the cuda.bindings.runtime module instead.
<frozen importlib._bootstrap_external>:1301: FutureWarning: The cuda.cuda module is deprecated and will be removed in a future release, please switch to use the cuda.bindings.driver module instead.
<frozen importlib._bootstrap_external>:1301: FutureWarning: The cuda.cudart module is deprecated and will be removed in a future release, please switch to use the cuda.bindings.runtime module instead.
<frozen importlib._bootstrap_external>:1301: FutureWarning: The cuda.cuda module is deprecated and will be removed in a future release, please switch to use the cuda.bindings.driver module instead.
<frozen importlib._bootstrap_external>:1301: FutureWarning: The cuda.cudart module is deprecated and will be removed in a future release, please switch to use the cuda.bindings.runtime module instead.
<frozen importlib._bootstrap_external>:1301: FutureWarning: The cuda.cuda module is deprecated and will be removed in a future release, please switch to use the cuda.bindings.driver module instead.
<frozen importlib._bootstrap_external>:1301: FutureWarning: The cuda.cudart module is deprecated and will be removed in a future release, please switch to use the cuda.bindings.runtime module instead.
/root/Triton-distributed/python/triton_dist/kernels/nvidia/comm_perf_model.py:78: UserWarning: can not get max bandwidth of interface bonding_masters, return 0...
  warnings.warn(f"can not get max bandwidth of interface {interface}, return 0...")
/root/Triton-distributed/python/triton_dist/kernels/nvidia/comm_perf_model.py:78: UserWarning: can not get max bandwidth of interface bonding_masters, return 0...
  warnings.warn(f"can not get max bandwidth of interface {interface}, return 0...")
/root/Triton-distributed/python/triton_dist/kernels/nvidia/comm_perf_model.py:78: UserWarning: can not get max bandwidth of interface bonding_masters, return 0...
  warnings.warn(f"can not get max bandwidth of interface {interface}, return 0...")
/root/Triton-distributed/python/triton_dist/kernels/nvidia/comm_perf_model.py:78: UserWarning: can not get max bandwidth of interface bonding_masters, return 0...
  warnings.warn(f"can not get max bandwidth of interface {interface}, return 0...")
[search][coarse] candidate 9/64: max_total=6.6200 ms, mean_total=6.4900 ms, speedup_mean=0.8625, speedup_min=0.8500, overlap_mean=17.44%, lead_ratio=1.000 | chunk=512, window=4, stage=4, steady_sms=4, tail_sms=12, lanes=1, bands=1, frontier=1
[custom] test shape: M 8192, N 29568, K 8192
✅ all close!
✅ all close!
✅ all close!
✅ all close!
Rank 0 [custom] latency (ms): torch_total=5.61, torch_gemm_only=3.76, torch_rs_only=2.18, v2_total=6.75, v2_gemm_only=4.82, v2_rs_only=3.43, v2_internal_overlap=18.22%, v2_speedup_vs_torch=0.83, v2_speedup_vs_old=nan, chunk_rows=512, num_chunks=4, active_chunk_window=4, stage_slots=4, comm_lanes=2, n_bands=1, frontier_chunks=1
Rank 1 [custom] latency (ms): torch_total=5.59, torch_gemm_only=3.74, torch_rs_only=2.17, v2_total=7.36, v2_gemm_only=5.11, v2_rs_only=3.50, v2_internal_overlap=14.55%, v2_speedup_vs_torch=0.76, v2_speedup_vs_old=nan, chunk_rows=512, num_chunks=4, active_chunk_window=4, stage_slots=4, comm_lanes=2, n_bands=1, frontier_chunks=1
Rank 2 [custom] latency (ms): torch_total=5.58, torch_gemm_only=3.74, torch_rs_only=2.18, v2_total=6.53, v2_gemm_only=4.85, v2_rs_only=3.46, v2_internal_overlap=21.37%, v2_speedup_vs_torch=0.85, v2_speedup_vs_old=nan, chunk_rows=512, num_chunks=4, active_chunk_window=4, stage_slots=4, comm_lanes=2, n_bands=1, frontier_chunks=1
Rank 3 [custom] latency (ms): torch_total=5.61, torch_gemm_only=3.82, torch_rs_only=2.18, v2_total=6.63, v2_gemm_only=4.87, v2_rs_only=3.61, v2_internal_overlap=21.87%, v2_speedup_vs_torch=0.85, v2_speedup_vs_old=nan, chunk_rows=512, num_chunks=4, active_chunk_window=4, stage_slots=4, comm_lanes=2, n_bands=1, frontier_chunks=1
W0828 19:13:25.689000 19524 site-packages/torch/distributed/run.py:766] 
W0828 19:13:25.689000 19524 site-packages/torch/distributed/run.py:766] *****************************************
W0828 19:13:25.689000 19524 site-packages/torch/distributed/run.py:766] Setting OMP_NUM_THREADS environment variable for each process to be 1 in default, to avoid your system being overloaded, please further tune the variable for optimal performance in your application as needed. 
W0828 19:13:25.689000 19524 site-packages/torch/distributed/run.py:766] *****************************************
<frozen importlib._bootstrap_external>:1301: FutureWarning: The cuda.cuda module is deprecated and will be removed in a future release, please switch to use the cuda.bindings.driver module instead.
<frozen importlib._bootstrap_external>:1301: FutureWarning: The cuda.cudart module is deprecated and will be removed in a future release, please switch to use the cuda.bindings.runtime module instead.
<frozen importlib._bootstrap_external>:1301: FutureWarning: The cuda.cuda module is deprecated and will be removed in a future release, please switch to use the cuda.bindings.driver module instead.
<frozen importlib._bootstrap_external>:1301: FutureWarning: The cuda.cudart module is deprecated and will be removed in a future release, please switch to use the cuda.bindings.runtime module instead.
<frozen importlib._bootstrap_external>:1301: FutureWarning: The cuda.cuda module is deprecated and will be removed in a future release, please switch to use the cuda.bindings.driver module instead.
<frozen importlib._bootstrap_external>:1301: FutureWarning: The cuda.cudart module is deprecated and will be removed in a future release, please switch to use the cuda.bindings.runtime module instead.
<frozen importlib._bootstrap_external>:1301: FutureWarning: The cuda.cuda module is deprecated and will be removed in a future release, please switch to use the cuda.bindings.driver module instead.
<frozen importlib._bootstrap_external>:1301: FutureWarning: The cuda.cudart module is deprecated and will be removed in a future release, please switch to use the cuda.bindings.runtime module instead.
/root/Triton-distributed/python/triton_dist/kernels/nvidia/comm_perf_model.py:78: UserWarning: can not get max bandwidth of interface bonding_masters, return 0...
  warnings.warn(f"can not get max bandwidth of interface {interface}, return 0...")
/root/Triton-distributed/python/triton_dist/kernels/nvidia/comm_perf_model.py:78: UserWarning: can not get max bandwidth of interface bonding_masters, return 0...
  warnings.warn(f"can not get max bandwidth of interface {interface}, return 0...")
/root/Triton-distributed/python/triton_dist/kernels/nvidia/comm_perf_model.py:78: UserWarning: can not get max bandwidth of interface bonding_masters, return 0...
  warnings.warn(f"can not get max bandwidth of interface {interface}, return 0...")
/root/Triton-distributed/python/triton_dist/kernels/nvidia/comm_perf_model.py:78: UserWarning: can not get max bandwidth of interface bonding_masters, return 0...
  warnings.warn(f"can not get max bandwidth of interface {interface}, return 0...")
[search][coarse] candidate 10/64: max_total=7.3600 ms, mean_total=6.8175 ms, speedup_mean=0.8225, speedup_min=0.7600, overlap_mean=19.00%, lead_ratio=1.000 | chunk=512, window=4, stage=4, steady_sms=4, tail_sms=12, lanes=2, bands=1, frontier=1
[custom] test shape: M 8192, N 29568, K 8192
✅ all close!
✅ all close!
✅ all close!
✅ all close!
Rank 0 [custom] latency (ms): torch_total=5.59, torch_gemm_only=3.73, torch_rs_only=2.04, v2_total=6.39, v2_gemm_only=4.84, v2_rs_only=3.08, v2_internal_overlap=19.29%, v2_speedup_vs_torch=0.87, v2_speedup_vs_old=nan, chunk_rows=512, num_chunks=4, active_chunk_window=4, stage_slots=4, comm_lanes=1, n_bands=1, frontier_chunks=1
Rank 1 [custom] latency (ms): torch_total=5.60, torch_gemm_only=3.74, torch_rs_only=2.05, v2_total=6.51, v2_gemm_only=4.83, v2_rs_only=2.97, v2_internal_overlap=16.60%, v2_speedup_vs_torch=0.86, v2_speedup_vs_old=nan, chunk_rows=512, num_chunks=4, active_chunk_window=4, stage_slots=4, comm_lanes=1, n_bands=1, frontier_chunks=1
Rank 2 [custom] latency (ms): torch_total=5.57, torch_gemm_only=3.75, torch_rs_only=2.04, v2_total=6.30, v2_gemm_only=4.85, v2_rs_only=3.01, v2_internal_overlap=19.84%, v2_speedup_vs_torch=0.88, v2_speedup_vs_old=nan, chunk_rows=512, num_chunks=4, active_chunk_window=4, stage_slots=4, comm_lanes=1, n_bands=1, frontier_chunks=1
Rank 3 [custom] latency (ms): torch_total=5.61, torch_gemm_only=3.82, torch_rs_only=2.04, v2_total=6.45, v2_gemm_only=4.84, v2_rs_only=3.09, v2_internal_overlap=18.64%, v2_speedup_vs_torch=0.87, v2_speedup_vs_old=nan, chunk_rows=512, num_chunks=4, active_chunk_window=4, stage_slots=4, comm_lanes=1, n_bands=1, frontier_chunks=1
W0828 19:13:36.981000 20175 site-packages/torch/distributed/run.py:766] 
W0828 19:13:36.981000 20175 site-packages/torch/distributed/run.py:766] *****************************************
W0828 19:13:36.981000 20175 site-packages/torch/distributed/run.py:766] Setting OMP_NUM_THREADS environment variable for each process to be 1 in default, to avoid your system being overloaded, please further tune the variable for optimal performance in your application as needed. 
W0828 19:13:36.981000 20175 site-packages/torch/distributed/run.py:766] *****************************************
<frozen importlib._bootstrap_external>:1301: FutureWarning: The cuda.cuda module is deprecated and will be removed in a future release, please switch to use the cuda.bindings.driver module instead.
<frozen importlib._bootstrap_external>:1301: FutureWarning: The cuda.cudart module is deprecated and will be removed in a future release, please switch to use the cuda.bindings.runtime module instead.
<frozen importlib._bootstrap_external>:1301: FutureWarning: The cuda.cuda module is deprecated and will be removed in a future release, please switch to use the cuda.bindings.driver module instead.
<frozen importlib._bootstrap_external>:1301: FutureWarning: The cuda.cudart module is deprecated and will be removed in a future release, please switch to use the cuda.bindings.runtime module instead.
<frozen importlib._bootstrap_external>:1301: FutureWarning: The cuda.cuda module is deprecated and will be removed in a future release, please switch to use the cuda.bindings.driver module instead.
<frozen importlib._bootstrap_external>:1301: FutureWarning: The cuda.cudart module is deprecated and will be removed in a future release, please switch to use the cuda.bindings.runtime module instead.
<frozen importlib._bootstrap_external>:1301: FutureWarning: The cuda.cuda module is deprecated and will be removed in a future release, please switch to use the cuda.bindings.driver module instead.
<frozen importlib._bootstrap_external>:1301: FutureWarning: The cuda.cudart module is deprecated and will be removed in a future release, please switch to use the cuda.bindings.runtime module instead.
/root/Triton-distributed/python/triton_dist/kernels/nvidia/comm_perf_model.py:78: UserWarning: can not get max bandwidth of interface bonding_masters, return 0...
  warnings.warn(f"can not get max bandwidth of interface {interface}, return 0...")
/root/Triton-distributed/python/triton_dist/kernels/nvidia/comm_perf_model.py:78: UserWarning: can not get max bandwidth of interface bonding_masters, return 0...
  warnings.warn(f"can not get max bandwidth of interface {interface}, return 0...")
/root/Triton-distributed/python/triton_dist/kernels/nvidia/comm_perf_model.py:78: UserWarning: can not get max bandwidth of interface bonding_masters, return 0...
  warnings.warn(f"can not get max bandwidth of interface {interface}, return 0...")
/root/Triton-distributed/python/triton_dist/kernels/nvidia/comm_perf_model.py:78: UserWarning: can not get max bandwidth of interface bonding_masters, return 0...
  warnings.warn(f"can not get max bandwidth of interface {interface}, return 0...")
[search][coarse] candidate 11/64: max_total=6.5100 ms, mean_total=6.4125 ms, speedup_mean=0.8700, speedup_min=0.8600, overlap_mean=18.59%, lead_ratio=1.000 | chunk=512, window=4, stage=4, steady_sms=4, tail_sms=16, lanes=1, bands=1, frontier=1
[custom] test shape: M 8192, N 29568, K 8192
✅ all close!
✅ all close!
✅ all close!
✅ all close!
Rank 0 [custom] latency (ms): torch_total=5.58, torch_gemm_only=3.74, torch_rs_only=2.06, v2_total=6.46, v2_gemm_only=4.82, v2_rs_only=3.49, v2_internal_overlap=22.30%, v2_speedup_vs_torch=0.86, v2_speedup_vs_old=nan, chunk_rows=512, num_chunks=4, active_chunk_window=4, stage_slots=4, comm_lanes=2, n_bands=1, frontier_chunks=1
Rank 1 [custom] latency (ms): torch_total=5.58, torch_gemm_only=3.74, torch_rs_only=2.06, v2_total=6.58, v2_gemm_only=4.84, v2_rs_only=3.54, v2_internal_overlap=21.39%, v2_speedup_vs_torch=0.85, v2_speedup_vs_old=nan, chunk_rows=512, num_chunks=4, active_chunk_window=4, stage_slots=4, comm_lanes=2, n_bands=1, frontier_chunks=1
Rank 2 [custom] latency (ms): torch_total=5.57, torch_gemm_only=3.74, torch_rs_only=2.06, v2_total=6.47, v2_gemm_only=4.85, v2_rs_only=3.44, v2_internal_overlap=21.90%, v2_speedup_vs_torch=0.86, v2_speedup_vs_old=nan, chunk_rows=512, num_chunks=4, active_chunk_window=4, stage_slots=4, comm_lanes=2, n_bands=1, frontier_chunks=1
Rank 3 [custom] latency (ms): torch_total=5.60, torch_gemm_only=3.84, torch_rs_only=2.06, v2_total=6.50, v2_gemm_only=4.89, v2_rs_only=3.53, v2_internal_overlap=22.88%, v2_speedup_vs_torch=0.86, v2_speedup_vs_old=nan, chunk_rows=512, num_chunks=4, active_chunk_window=4, stage_slots=4, comm_lanes=2, n_bands=1, frontier_chunks=1
W0828 19:13:48.255000 20828 site-packages/torch/distributed/run.py:766] 
W0828 19:13:48.255000 20828 site-packages/torch/distributed/run.py:766] *****************************************
W0828 19:13:48.255000 20828 site-packages/torch/distributed/run.py:766] Setting OMP_NUM_THREADS environment variable for each process to be 1 in default, to avoid your system being overloaded, please further tune the variable for optimal performance in your application as needed. 
W0828 19:13:48.255000 20828 site-packages/torch/distributed/run.py:766] *****************************************
<frozen importlib._bootstrap_external>:1301: FutureWarning: The cuda.cuda module is deprecated and will be removed in a future release, please switch to use the cuda.bindings.driver module instead.
<frozen importlib._bootstrap_external>:1301: FutureWarning: The cuda.cudart module is deprecated and will be removed in a future release, please switch to use the cuda.bindings.runtime module instead.
<frozen importlib._bootstrap_external>:1301: FutureWarning: The cuda.cuda module is deprecated and will be removed in a future release, please switch to use the cuda.bindings.driver module instead.
<frozen importlib._bootstrap_external>:1301: FutureWarning: The cuda.cudart module is deprecated and will be removed in a future release, please switch to use the cuda.bindings.runtime module instead.
<frozen importlib._bootstrap_external>:1301: FutureWarning: The cuda.cuda module is deprecated and will be removed in a future release, please switch to use the cuda.bindings.driver module instead.
<frozen importlib._bootstrap_external>:1301: FutureWarning: The cuda.cudart module is deprecated and will be removed in a future release, please switch to use the cuda.bindings.runtime module instead.
<frozen importlib._bootstrap_external>:1301: FutureWarning: The cuda.cuda module is deprecated and will be removed in a future release, please switch to use the cuda.bindings.driver module instead.
<frozen importlib._bootstrap_external>:1301: FutureWarning: The cuda.cudart module is deprecated and will be removed in a future release, please switch to use the cuda.bindings.runtime module instead.
/root/Triton-distributed/python/triton_dist/kernels/nvidia/comm_perf_model.py:78: UserWarning: can not get max bandwidth of interface bonding_masters, return 0...
  warnings.warn(f"can not get max bandwidth of interface {interface}, return 0...")
/root/Triton-distributed/python/triton_dist/kernels/nvidia/comm_perf_model.py:78: UserWarning: can not get max bandwidth of interface bonding_masters, return 0...
  warnings.warn(f"can not get max bandwidth of interface {interface}, return 0...")
/root/Triton-distributed/python/triton_dist/kernels/nvidia/comm_perf_model.py:78: UserWarning: can not get max bandwidth of interface bonding_masters, return 0...
  warnings.warn(f"can not get max bandwidth of interface {interface}, return 0...")
/root/Triton-distributed/python/triton_dist/kernels/nvidia/comm_perf_model.py:78: UserWarning: can not get max bandwidth of interface bonding_masters, return 0...
  warnings.warn(f"can not get max bandwidth of interface {interface}, return 0...")
[search][coarse] candidate 12/64: max_total=6.5800 ms, mean_total=6.5025 ms, speedup_mean=0.8575, speedup_min=0.8500, overlap_mean=22.12%, lead_ratio=1.000 | chunk=512, window=4, stage=4, steady_sms=4, tail_sms=16, lanes=2, bands=1, frontier=1
[custom] test shape: M 8192, N 29568, K 8192
✅ all close!
✅ all close!
✅ all close!
✅ all close!
Rank 0 [custom] latency (ms): torch_total=5.66, torch_gemm_only=3.75, torch_rs_only=2.01, v2_total=6.53, v2_gemm_only=4.83, v2_rs_only=2.83, v2_internal_overlap=14.75%, v2_speedup_vs_torch=0.87, v2_speedup_vs_old=nan, chunk_rows=512, num_chunks=4, active_chunk_window=4, stage_slots=4, comm_lanes=1, n_bands=1, frontier_chunks=1
Rank 1 [custom] latency (ms): torch_total=5.63, torch_gemm_only=3.74, torch_rs_only=2.00, v2_total=6.72, v2_gemm_only=5.78, v2_rs_only=2.72, v2_internal_overlap=20.92%, v2_speedup_vs_torch=0.84, v2_speedup_vs_old=nan, chunk_rows=512, num_chunks=4, active_chunk_window=4, stage_slots=4, comm_lanes=1, n_bands=1, frontier_chunks=1
Rank 2 [custom] latency (ms): torch_total=5.64, torch_gemm_only=3.74, torch_rs_only=2.00, v2_total=6.28, v2_gemm_only=4.85, v2_rs_only=2.76, v2_internal_overlap=17.48%, v2_speedup_vs_torch=0.90, v2_speedup_vs_old=nan, chunk_rows=512, num_chunks=4, active_chunk_window=4, stage_slots=4, comm_lanes=1, n_bands=1, frontier_chunks=1
Rank 3 [custom] latency (ms): torch_total=5.65, torch_gemm_only=3.82, torch_rs_only=1.99, v2_total=6.41, v2_gemm_only=4.93, v2_rs_only=2.81, v2_internal_overlap=17.28%, v2_speedup_vs_torch=0.88, v2_speedup_vs_old=nan, chunk_rows=512, num_chunks=4, active_chunk_window=4, stage_slots=4, comm_lanes=1, n_bands=1, frontier_chunks=1
W0828 19:13:59.953000 21479 site-packages/torch/distributed/run.py:766] 
W0828 19:13:59.953000 21479 site-packages/torch/distributed/run.py:766] *****************************************
W0828 19:13:59.953000 21479 site-packages/torch/distributed/run.py:766] Setting OMP_NUM_THREADS environment variable for each process to be 1 in default, to avoid your system being overloaded, please further tune the variable for optimal performance in your application as needed. 
W0828 19:13:59.953000 21479 site-packages/torch/distributed/run.py:766] *****************************************
<frozen importlib._bootstrap_external>:1301: FutureWarning: The cuda.cuda module is deprecated and will be removed in a future release, please switch to use the cuda.bindings.driver module instead.
<frozen importlib._bootstrap_external>:1301: FutureWarning: The cuda.cudart module is deprecated and will be removed in a future release, please switch to use the cuda.bindings.runtime module instead.
<frozen importlib._bootstrap_external>:1301: FutureWarning: The cuda.cuda module is deprecated and will be removed in a future release, please switch to use the cuda.bindings.driver module instead.
<frozen importlib._bootstrap_external>:1301: FutureWarning: The cuda.cudart module is deprecated and will be removed in a future release, please switch to use the cuda.bindings.runtime module instead.
<frozen importlib._bootstrap_external>:1301: FutureWarning: The cuda.cuda module is deprecated and will be removed in a future release, please switch to use the cuda.bindings.driver module instead.
<frozen importlib._bootstrap_external>:1301: FutureWarning: The cuda.cudart module is deprecated and will be removed in a future release, please switch to use the cuda.bindings.runtime module instead.
<frozen importlib._bootstrap_external>:1301: FutureWarning: The cuda.cuda module is deprecated and will be removed in a future release, please switch to use the cuda.bindings.driver module instead.
<frozen importlib._bootstrap_external>:1301: FutureWarning: The cuda.cudart module is deprecated and will be removed in a future release, please switch to use the cuda.bindings.runtime module instead.
/root/Triton-distributed/python/triton_dist/kernels/nvidia/comm_perf_model.py:78: UserWarning: can not get max bandwidth of interface bonding_masters, return 0...
  warnings.warn(f"can not get max bandwidth of interface {interface}, return 0...")
/root/Triton-distributed/python/triton_dist/kernels/nvidia/comm_perf_model.py:78: UserWarning: can not get max bandwidth of interface bonding_masters, return 0...
  warnings.warn(f"can not get max bandwidth of interface {interface}, return 0...")
/root/Triton-distributed/python/triton_dist/kernels/nvidia/comm_perf_model.py:78: UserWarning: can not get max bandwidth of interface bonding_masters, return 0...
  warnings.warn(f"can not get max bandwidth of interface {interface}, return 0...")
/root/Triton-distributed/python/triton_dist/kernels/nvidia/comm_perf_model.py:78: UserWarning: can not get max bandwidth of interface bonding_masters, return 0...
  warnings.warn(f"can not get max bandwidth of interface {interface}, return 0...")
[search][coarse] candidate 13/64: max_total=6.7200 ms, mean_total=6.4850 ms, speedup_mean=0.8725, speedup_min=0.8400, overlap_mean=17.61%, lead_ratio=1.000 | chunk=512, window=4, stage=4, steady_sms=6, tail_sms=12, lanes=1, bands=1, frontier=1
[custom] test shape: M 8192, N 29568, K 8192
✅ all close!
✅ all close!
✅ all close!
✅ all close!
Rank 0 [custom] latency (ms): torch_total=5.60, torch_gemm_only=3.74, torch_rs_only=2.11, v2_total=6.10, v2_gemm_only=4.83, v2_rs_only=3.23, v2_internal_overlap=24.33%, v2_speedup_vs_torch=0.92, v2_speedup_vs_old=nan, chunk_rows=512, num_chunks=4, active_chunk_window=4, stage_slots=4, comm_lanes=2, n_bands=1, frontier_chunks=1
Rank 1 [custom] latency (ms): torch_total=5.57, torch_gemm_only=3.74, torch_rs_only=2.12, v2_total=6.16, v2_gemm_only=4.83, v2_rs_only=3.21, v2_internal_overlap=23.39%, v2_speedup_vs_torch=0.90, v2_speedup_vs_old=nan, chunk_rows=512, num_chunks=4, active_chunk_window=4, stage_slots=4, comm_lanes=2, n_bands=1, frontier_chunks=1
Rank 2 [custom] latency (ms): torch_total=5.57, torch_gemm_only=3.74, torch_rs_only=2.11, v2_total=5.96, v2_gemm_only=4.85, v2_rs_only=3.24, v2_internal_overlap=26.29%, v2_speedup_vs_torch=0.93, v2_speedup_vs_old=nan, chunk_rows=512, num_chunks=4, active_chunk_window=4, stage_slots=4, comm_lanes=2, n_bands=1, frontier_chunks=1
Rank 3 [custom] latency (ms): torch_total=5.60, torch_gemm_only=3.83, torch_rs_only=2.02, v2_total=5.97, v2_gemm_only=5.03, v2_rs_only=3.26, v2_internal_overlap=27.94%, v2_speedup_vs_torch=0.94, v2_speedup_vs_old=nan, chunk_rows=512, num_chunks=4, active_chunk_window=4, stage_slots=4, comm_lanes=2, n_bands=1, frontier_chunks=1
W0828 19:14:11.556000 22130 site-packages/torch/distributed/run.py:766] 
W0828 19:14:11.556000 22130 site-packages/torch/distributed/run.py:766] *****************************************
W0828 19:14:11.556000 22130 site-packages/torch/distributed/run.py:766] Setting OMP_NUM_THREADS environment variable for each process to be 1 in default, to avoid your system being overloaded, please further tune the variable for optimal performance in your application as needed. 
W0828 19:14:11.556000 22130 site-packages/torch/distributed/run.py:766] *****************************************
<frozen importlib._bootstrap_external>:1301: FutureWarning: The cuda.cuda module is deprecated and will be removed in a future release, please switch to use the cuda.bindings.driver module instead.
<frozen importlib._bootstrap_external>:1301: FutureWarning: The cuda.cudart module is deprecated and will be removed in a future release, please switch to use the cuda.bindings.runtime module instead.
<frozen importlib._bootstrap_external>:1301: FutureWarning: The cuda.cuda module is deprecated and will be removed in a future release, please switch to use the cuda.bindings.driver module instead.
<frozen importlib._bootstrap_external>:1301: FutureWarning: The cuda.cudart module is deprecated and will be removed in a future release, please switch to use the cuda.bindings.runtime module instead.
<frozen importlib._bootstrap_external>:1301: FutureWarning: The cuda.cuda module is deprecated and will be removed in a future release, please switch to use the cuda.bindings.driver module instead.
<frozen importlib._bootstrap_external>:1301: FutureWarning: The cuda.cudart module is deprecated and will be removed in a future release, please switch to use the cuda.bindings.runtime module instead.
<frozen importlib._bootstrap_external>:1301: FutureWarning: The cuda.cuda module is deprecated and will be removed in a future release, please switch to use the cuda.bindings.driver module instead.
<frozen importlib._bootstrap_external>:1301: FutureWarning: The cuda.cudart module is deprecated and will be removed in a future release, please switch to use the cuda.bindings.runtime module instead.
/root/Triton-distributed/python/triton_dist/kernels/nvidia/comm_perf_model.py:78: UserWarning: can not get max bandwidth of interface bonding_masters, return 0...
  warnings.warn(f"can not get max bandwidth of interface {interface}, return 0...")
/root/Triton-distributed/python/triton_dist/kernels/nvidia/comm_perf_model.py:78: UserWarning: can not get max bandwidth of interface bonding_masters, return 0...
  warnings.warn(f"can not get max bandwidth of interface {interface}, return 0...")
/root/Triton-distributed/python/triton_dist/kernels/nvidia/comm_perf_model.py:78: UserWarning: can not get max bandwidth of interface bonding_masters, return 0...
  warnings.warn(f"can not get max bandwidth of interface {interface}, return 0...")
/root/Triton-distributed/python/triton_dist/kernels/nvidia/comm_perf_model.py:78: UserWarning: can not get max bandwidth of interface bonding_masters, return 0...
  warnings.warn(f"can not get max bandwidth of interface {interface}, return 0...")
[search][coarse] candidate 14/64: max_total=6.1600 ms, mean_total=6.0475 ms, speedup_mean=0.9225, speedup_min=0.9000, overlap_mean=25.49%, lead_ratio=1.000 | chunk=512, window=4, stage=4, steady_sms=6, tail_sms=12, lanes=2, bands=1, frontier=1
[custom] test shape: M 8192, N 29568, K 8192
✅ all close!
✅ all close!
✅ all close!
✅ all close!
Rank 0 [custom] latency (ms): torch_total=5.58, torch_gemm_only=3.73, torch_rs_only=2.11, v2_total=6.28, v2_gemm_only=4.82, v2_rs_only=2.85, v2_internal_overlap=18.11%, v2_speedup_vs_torch=0.89, v2_speedup_vs_old=nan, chunk_rows=512, num_chunks=4, active_chunk_window=4, stage_slots=4, comm_lanes=1, n_bands=1, frontier_chunks=1
Rank 1 [custom] latency (ms): torch_total=5.57, torch_gemm_only=3.74, torch_rs_only=2.11, v2_total=6.40, v2_gemm_only=4.83, v2_rs_only=2.99, v2_internal_overlap=18.20%, v2_speedup_vs_torch=0.87, v2_speedup_vs_old=nan, chunk_rows=512, num_chunks=4, active_chunk_window=4, stage_slots=4, comm_lanes=1, n_bands=1, frontier_chunks=1
Rank 2 [custom] latency (ms): torch_total=5.57, torch_gemm_only=3.75, torch_rs_only=2.09, v2_total=6.08, v2_gemm_only=4.85, v2_rs_only=3.06, v2_internal_overlap=23.03%, v2_speedup_vs_torch=0.91, v2_speedup_vs_old=nan, chunk_rows=512, num_chunks=4, active_chunk_window=4, stage_slots=4, comm_lanes=1, n_bands=1, frontier_chunks=1
Rank 3 [custom] latency (ms): torch_total=5.60, torch_gemm_only=3.84, torch_rs_only=2.12, v2_total=6.11, v2_gemm_only=4.86, v2_rs_only=2.92, v2_internal_overlap=21.45%, v2_speedup_vs_torch=0.92, v2_speedup_vs_old=nan, chunk_rows=512, num_chunks=4, active_chunk_window=4, stage_slots=4, comm_lanes=1, n_bands=1, frontier_chunks=1
W0828 19:14:23.255000 22798 site-packages/torch/distributed/run.py:766] 
W0828 19:14:23.255000 22798 site-packages/torch/distributed/run.py:766] *****************************************
W0828 19:14:23.255000 22798 site-packages/torch/distributed/run.py:766] Setting OMP_NUM_THREADS environment variable for each process to be 1 in default, to avoid your system being overloaded, please further tune the variable for optimal performance in your application as needed. 
W0828 19:14:23.255000 22798 site-packages/torch/distributed/run.py:766] *****************************************
<frozen importlib._bootstrap_external>:1301: FutureWarning: The cuda.cuda module is deprecated and will be removed in a future release, please switch to use the cuda.bindings.driver module instead.
<frozen importlib._bootstrap_external>:1301: FutureWarning: The cuda.cudart module is deprecated and will be removed in a future release, please switch to use the cuda.bindings.runtime module instead.
<frozen importlib._bootstrap_external>:1301: FutureWarning: The cuda.cuda module is deprecated and will be removed in a future release, please switch to use the cuda.bindings.driver module instead.
<frozen importlib._bootstrap_external>:1301: FutureWarning: The cuda.cudart module is deprecated and will be removed in a future release, please switch to use the cuda.bindings.runtime module instead.
<frozen importlib._bootstrap_external>:1301: FutureWarning: The cuda.cuda module is deprecated and will be removed in a future release, please switch to use the cuda.bindings.driver module instead.
<frozen importlib._bootstrap_external>:1301: FutureWarning: The cuda.cudart module is deprecated and will be removed in a future release, please switch to use the cuda.bindings.runtime module instead.
<frozen importlib._bootstrap_external>:1301: FutureWarning: The cuda.cuda module is deprecated and will be removed in a future release, please switch to use the cuda.bindings.driver module instead.
<frozen importlib._bootstrap_external>:1301: FutureWarning: The cuda.cudart module is deprecated and will be removed in a future release, please switch to use the cuda.bindings.runtime module instead.
/root/Triton-distributed/python/triton_dist/kernels/nvidia/comm_perf_model.py:78: UserWarning: can not get max bandwidth of interface bonding_masters, return 0...
  warnings.warn(f"can not get max bandwidth of interface {interface}, return 0...")
/root/Triton-distributed/python/triton_dist/kernels/nvidia/comm_perf_model.py:78: UserWarning: can not get max bandwidth of interface bonding_masters, return 0...
  warnings.warn(f"can not get max bandwidth of interface {interface}, return 0...")
/root/Triton-distributed/python/triton_dist/kernels/nvidia/comm_perf_model.py:78: UserWarning: can not get max bandwidth of interface bonding_masters, return 0...
  warnings.warn(f"can not get max bandwidth of interface {interface}, return 0...")
/root/Triton-distributed/python/triton_dist/kernels/nvidia/comm_perf_model.py:78: UserWarning: can not get max bandwidth of interface bonding_masters, return 0...
  warnings.warn(f"can not get max bandwidth of interface {interface}, return 0...")
[search][coarse] candidate 15/64: max_total=6.4000 ms, mean_total=6.2175 ms, speedup_mean=0.8975, speedup_min=0.8700, overlap_mean=20.20%, lead_ratio=1.000 | chunk=512, window=4, stage=4, steady_sms=6, tail_sms=16, lanes=1, bands=1, frontier=1
[custom] test shape: M 8192, N 29568, K 8192
✅ all close!
✅ all close!
✅ all close!
✅ all close!
Rank 0 [custom] latency (ms): torch_total=5.61, torch_gemm_only=3.74, torch_rs_only=2.06, v2_total=6.72, v2_gemm_only=5.87, v2_rs_only=3.36, v2_internal_overlap=27.15%, v2_speedup_vs_torch=0.83, v2_speedup_vs_old=nan, chunk_rows=512, num_chunks=4, active_chunk_window=4, stage_slots=4, comm_lanes=2, n_bands=1, frontier_chunks=1
Rank 1 [custom] latency (ms): torch_total=5.60, torch_gemm_only=3.74, torch_rs_only=2.06, v2_total=6.21, v2_gemm_only=4.83, v2_rs_only=3.20, v2_internal_overlap=22.73%, v2_speedup_vs_torch=0.90, v2_speedup_vs_old=nan, chunk_rows=512, num_chunks=4, active_chunk_window=4, stage_slots=4, comm_lanes=2, n_bands=1, frontier_chunks=1
Rank 2 [custom] latency (ms): torch_total=5.58, torch_gemm_only=3.74, torch_rs_only=2.06, v2_total=6.31, v2_gemm_only=4.85, v2_rs_only=3.45, v2_internal_overlap=23.95%, v2_speedup_vs_torch=0.88, v2_speedup_vs_old=nan, chunk_rows=512, num_chunks=4, active_chunk_window=4, stage_slots=4, comm_lanes=2, n_bands=1, frontier_chunks=1
Rank 3 [custom] latency (ms): torch_total=5.59, torch_gemm_only=3.80, torch_rs_only=2.09, v2_total=6.47, v2_gemm_only=4.83, v2_rs_only=3.16, v2_internal_overlap=18.97%, v2_speedup_vs_torch=0.86, v2_speedup_vs_old=nan, chunk_rows=512, num_chunks=4, active_chunk_window=4, stage_slots=4, comm_lanes=2, n_bands=1, frontier_chunks=1
W0828 19:14:34.358000 23494 site-packages/torch/distributed/run.py:766] 
W0828 19:14:34.358000 23494 site-packages/torch/distributed/run.py:766] *****************************************
W0828 19:14:34.358000 23494 site-packages/torch/distributed/run.py:766] Setting OMP_NUM_THREADS environment variable for each process to be 1 in default, to avoid your system being overloaded, please further tune the variable for optimal performance in your application as needed. 
W0828 19:14:34.358000 23494 site-packages/torch/distributed/run.py:766] *****************************************
<frozen importlib._bootstrap_external>:1301: FutureWarning: The cuda.cuda module is deprecated and will be removed in a future release, please switch to use the cuda.bindings.driver module instead.
<frozen importlib._bootstrap_external>:1301: FutureWarning: The cuda.cudart module is deprecated and will be removed in a future release, please switch to use the cuda.bindings.runtime module instead.
<frozen importlib._bootstrap_external>:1301: FutureWarning: The cuda.cuda module is deprecated and will be removed in a future release, please switch to use the cuda.bindings.driver module instead.
<frozen importlib._bootstrap_external>:1301: FutureWarning: The cuda.cudart module is deprecated and will be removed in a future release, please switch to use the cuda.bindings.runtime module instead.
<frozen importlib._bootstrap_external>:1301: FutureWarning: The cuda.cuda module is deprecated and will be removed in a future release, please switch to use the cuda.bindings.driver module instead.
<frozen importlib._bootstrap_external>:1301: FutureWarning: The cuda.cudart module is deprecated and will be removed in a future release, please switch to use the cuda.bindings.runtime module instead.
<frozen importlib._bootstrap_external>:1301: FutureWarning: The cuda.cuda module is deprecated and will be removed in a future release, please switch to use the cuda.bindings.driver module instead.
<frozen importlib._bootstrap_external>:1301: FutureWarning: The cuda.cudart module is deprecated and will be removed in a future release, please switch to use the cuda.bindings.runtime module instead.
/root/Triton-distributed/python/triton_dist/kernels/nvidia/comm_perf_model.py:78: UserWarning: can not get max bandwidth of interface bonding_masters, return 0...
  warnings.warn(f"can not get max bandwidth of interface {interface}, return 0...")
/root/Triton-distributed/python/triton_dist/kernels/nvidia/comm_perf_model.py:78: UserWarning: can not get max bandwidth of interface bonding_masters, return 0...
  warnings.warn(f"can not get max bandwidth of interface {interface}, return 0...")
/root/Triton-distributed/python/triton_dist/kernels/nvidia/comm_perf_model.py:78: UserWarning: can not get max bandwidth of interface bonding_masters, return 0...
  warnings.warn(f"can not get max bandwidth of interface {interface}, return 0...")
/root/Triton-distributed/python/triton_dist/kernels/nvidia/comm_perf_model.py:78: UserWarning: can not get max bandwidth of interface bonding_masters, return 0...
  warnings.warn(f"can not get max bandwidth of interface {interface}, return 0...")
[search][coarse] candidate 16/64: max_total=6.7200 ms, mean_total=6.4275 ms, speedup_mean=0.8675, speedup_min=0.8300, overlap_mean=23.20%, lead_ratio=1.000 | chunk=512, window=4, stage=4, steady_sms=6, tail_sms=16, lanes=2, bands=1, frontier=1
[custom] test shape: M 8192, N 29568, K 8192
✅ all close!
✅ all close!
✅ all close!
✅ all close!
Rank 0 [custom] latency (ms): torch_total=5.60, torch_gemm_only=3.77, torch_rs_only=2.04, v2_total=7.17, v2_gemm_only=4.84, v2_rs_only=3.21, v2_internal_overlap=10.86%, v2_speedup_vs_torch=0.78, v2_speedup_vs_old=nan, chunk_rows=512, num_chunks=4, active_chunk_window=4, stage_slots=2, comm_lanes=1, n_bands=1, frontier_chunks=2
Rank 1 [custom] latency (ms): torch_total=5.58, torch_gemm_only=3.74, torch_rs_only=2.01, v2_total=7.27, v2_gemm_only=4.83, v2_rs_only=3.11, v2_internal_overlap=8.56%, v2_speedup_vs_torch=0.77, v2_speedup_vs_old=nan, chunk_rows=512, num_chunks=4, active_chunk_window=4, stage_slots=2, comm_lanes=1, n_bands=1, frontier_chunks=2
Rank 2 [custom] latency (ms): torch_total=5.57, torch_gemm_only=3.74, torch_rs_only=2.01, v2_total=6.59, v2_gemm_only=4.85, v2_rs_only=3.09, v2_internal_overlap=17.01%, v2_speedup_vs_torch=0.85, v2_speedup_vs_old=nan, chunk_rows=512, num_chunks=4, active_chunk_window=4, stage_slots=2, comm_lanes=1, n_bands=1, frontier_chunks=2
Rank 3 [custom] latency (ms): torch_total=5.60, torch_gemm_only=3.86, torch_rs_only=2.03, v2_total=6.92, v2_gemm_only=4.89, v2_rs_only=3.17, v2_internal_overlap=14.08%, v2_speedup_vs_torch=0.81, v2_speedup_vs_old=nan, chunk_rows=512, num_chunks=4, active_chunk_window=4, stage_slots=2, comm_lanes=1, n_bands=1, frontier_chunks=2
W0828 19:14:45.773000 24161 site-packages/torch/distributed/run.py:766] 
W0828 19:14:45.773000 24161 site-packages/torch/distributed/run.py:766] *****************************************
W0828 19:14:45.773000 24161 site-packages/torch/distributed/run.py:766] Setting OMP_NUM_THREADS environment variable for each process to be 1 in default, to avoid your system being overloaded, please further tune the variable for optimal performance in your application as needed. 
W0828 19:14:45.773000 24161 site-packages/torch/distributed/run.py:766] *****************************************
<frozen importlib._bootstrap_external>:1301: FutureWarning: The cuda.cuda module is deprecated and will be removed in a future release, please switch to use the cuda.bindings.driver module instead.
<frozen importlib._bootstrap_external>:1301: FutureWarning: The cuda.cudart module is deprecated and will be removed in a future release, please switch to use the cuda.bindings.runtime module instead.
<frozen importlib._bootstrap_external>:1301: FutureWarning: The cuda.cuda module is deprecated and will be removed in a future release, please switch to use the cuda.bindings.driver module instead.
<frozen importlib._bootstrap_external>:1301: FutureWarning: The cuda.cudart module is deprecated and will be removed in a future release, please switch to use the cuda.bindings.runtime module instead.
<frozen importlib._bootstrap_external>:1301: FutureWarning: The cuda.cuda module is deprecated and will be removed in a future release, please switch to use the cuda.bindings.driver module instead.
<frozen importlib._bootstrap_external>:1301: FutureWarning: The cuda.cudart module is deprecated and will be removed in a future release, please switch to use the cuda.bindings.runtime module instead.
<frozen importlib._bootstrap_external>:1301: FutureWarning: The cuda.cuda module is deprecated and will be removed in a future release, please switch to use the cuda.bindings.driver module instead.
<frozen importlib._bootstrap_external>:1301: FutureWarning: The cuda.cudart module is deprecated and will be removed in a future release, please switch to use the cuda.bindings.runtime module instead.
/root/Triton-distributed/python/triton_dist/kernels/nvidia/comm_perf_model.py:78: UserWarning: can not get max bandwidth of interface bonding_masters, return 0...
  warnings.warn(f"can not get max bandwidth of interface {interface}, return 0...")
/root/Triton-distributed/python/triton_dist/kernels/nvidia/comm_perf_model.py:78: UserWarning: can not get max bandwidth of interface bonding_masters, return 0...
  warnings.warn(f"can not get max bandwidth of interface {interface}, return 0...")
/root/Triton-distributed/python/triton_dist/kernels/nvidia/comm_perf_model.py:78: UserWarning: can not get max bandwidth of interface bonding_masters, return 0...
  warnings.warn(f"can not get max bandwidth of interface {interface}, return 0...")
/root/Triton-distributed/python/triton_dist/kernels/nvidia/comm_perf_model.py:78: UserWarning: can not get max bandwidth of interface bonding_masters, return 0...
  warnings.warn(f"can not get max bandwidth of interface {interface}, return 0...")
[search][coarse] candidate 17/64: max_total=7.2700 ms, mean_total=6.9875 ms, speedup_mean=0.8025, speedup_min=0.7700, overlap_mean=12.63%, lead_ratio=2.000 | chunk=512, window=4, stage=2, steady_sms=4, tail_sms=12, lanes=1, bands=1, frontier=2
[custom] test shape: M 8192, N 29568, K 8192
✅ all close!
✅ all close!
✅ all close!
✅ all close!
Rank 0 [custom] latency (ms): torch_total=5.60, torch_gemm_only=3.77, torch_rs_only=2.06, v2_total=6.67, v2_gemm_only=4.83, v2_rs_only=3.59, v2_internal_overlap=20.73%, v2_speedup_vs_torch=0.84, v2_speedup_vs_old=nan, chunk_rows=512, num_chunks=4, active_chunk_window=4, stage_slots=2, comm_lanes=2, n_bands=1, frontier_chunks=2
Rank 1 [custom] latency (ms): torch_total=5.58, torch_gemm_only=3.75, torch_rs_only=2.09, v2_total=7.31, v2_gemm_only=4.83, v2_rs_only=3.61, v2_internal_overlap=13.36%, v2_speedup_vs_torch=0.76, v2_speedup_vs_old=nan, chunk_rows=512, num_chunks=4, active_chunk_window=4, stage_slots=2, comm_lanes=2, n_bands=1, frontier_chunks=2
Rank 2 [custom] latency (ms): torch_total=5.56, torch_gemm_only=3.75, torch_rs_only=2.09, v2_total=6.68, v2_gemm_only=4.85, v2_rs_only=3.50, v2_internal_overlap=20.02%, v2_speedup_vs_torch=0.83, v2_speedup_vs_old=nan, chunk_rows=512, num_chunks=4, active_chunk_window=4, stage_slots=2, comm_lanes=2, n_bands=1, frontier_chunks=2
Rank 3 [custom] latency (ms): torch_total=5.59, torch_gemm_only=3.81, torch_rs_only=2.09, v2_total=7.08, v2_gemm_only=4.87, v2_rs_only=3.55, v2_internal_overlap=15.91%, v2_speedup_vs_torch=0.79, v2_speedup_vs_old=nan, chunk_rows=512, num_chunks=4, active_chunk_window=4, stage_slots=2, comm_lanes=2, n_bands=1, frontier_chunks=2
W0828 19:14:56.605000 24812 site-packages/torch/distributed/run.py:766] 
W0828 19:14:56.605000 24812 site-packages/torch/distributed/run.py:766] *****************************************
W0828 19:14:56.605000 24812 site-packages/torch/distributed/run.py:766] Setting OMP_NUM_THREADS environment variable for each process to be 1 in default, to avoid your system being overloaded, please further tune the variable for optimal performance in your application as needed. 
W0828 19:14:56.605000 24812 site-packages/torch/distributed/run.py:766] *****************************************
<frozen importlib._bootstrap_external>:1301: FutureWarning: The cuda.cuda module is deprecated and will be removed in a future release, please switch to use the cuda.bindings.driver module instead.
<frozen importlib._bootstrap_external>:1301: FutureWarning: The cuda.cudart module is deprecated and will be removed in a future release, please switch to use the cuda.bindings.runtime module instead.
<frozen importlib._bootstrap_external>:1301: FutureWarning: The cuda.cuda module is deprecated and will be removed in a future release, please switch to use the cuda.bindings.driver module instead.
<frozen importlib._bootstrap_external>:1301: FutureWarning: The cuda.cudart module is deprecated and will be removed in a future release, please switch to use the cuda.bindings.runtime module instead.
<frozen importlib._bootstrap_external>:1301: FutureWarning: The cuda.cuda module is deprecated and will be removed in a future release, please switch to use the cuda.bindings.driver module instead.
<frozen importlib._bootstrap_external>:1301: FutureWarning: The cuda.cuda module is deprecated and will be removed in a future release, please switch to use the cuda.bindings.driver module instead.
<frozen importlib._bootstrap_external>:1301: FutureWarning: The cuda.cudart module is deprecated and will be removed in a future release, please switch to use the cuda.bindings.runtime module instead.
<frozen importlib._bootstrap_external>:1301: FutureWarning: The cuda.cudart module is deprecated and will be removed in a future release, please switch to use the cuda.bindings.runtime module instead.
/root/Triton-distributed/python/triton_dist/kernels/nvidia/comm_perf_model.py:78: UserWarning: can not get max bandwidth of interface bonding_masters, return 0...
  warnings.warn(f"can not get max bandwidth of interface {interface}, return 0...")
/root/Triton-distributed/python/triton_dist/kernels/nvidia/comm_perf_model.py:78: UserWarning: can not get max bandwidth of interface bonding_masters, return 0...
  warnings.warn(f"can not get max bandwidth of interface {interface}, return 0...")
/root/Triton-distributed/python/triton_dist/kernels/nvidia/comm_perf_model.py:78: UserWarning: can not get max bandwidth of interface bonding_masters, return 0...
  warnings.warn(f"can not get max bandwidth of interface {interface}, return 0...")
/root/Triton-distributed/python/triton_dist/kernels/nvidia/comm_perf_model.py:78: UserWarning: can not get max bandwidth of interface bonding_masters, return 0...
  warnings.warn(f"can not get max bandwidth of interface {interface}, return 0...")
[search][coarse] candidate 18/64: max_total=7.3100 ms, mean_total=6.9350 ms, speedup_mean=0.8050, speedup_min=0.7600, overlap_mean=17.50%, lead_ratio=2.000 | chunk=512, window=4, stage=2, steady_sms=4, tail_sms=12, lanes=2, bands=1, frontier=2
interrupting stalled child process group 25463 at 2026-08-28T19:22:05+08:00
terminating exact stalled torchrun/workers: 25463 25528 25529 25530 25531 at 2026-08-28T19:22:30+08:00
[custom] test shape: M 8192, N 29568, K 8192
✅ all close!
✅ all close!
✅ all close!
✅ all close!
W0828 19:15:07.713000 25463 site-packages/torch/distributed/run.py:766] 
W0828 19:15:07.713000 25463 site-packages/torch/distributed/run.py:766] *****************************************
W0828 19:15:07.713000 25463 site-packages/torch/distributed/run.py:766] Setting OMP_NUM_THREADS environment variable for each process to be 1 in default, to avoid your system being overloaded, please further tune the variable for optimal performance in your application as needed. 
W0828 19:15:07.713000 25463 site-packages/torch/distributed/run.py:766] *****************************************
<frozen importlib._bootstrap_external>:1301: FutureWarning: The cuda.cuda module is deprecated and will be removed in a future release, please switch to use the cuda.bindings.driver module instead.
<frozen importlib._bootstrap_external>:1301: FutureWarning: The cuda.cudart module is deprecated and will be removed in a future release, please switch to use the cuda.bindings.runtime module instead.
<frozen importlib._bootstrap_external>:1301: FutureWarning: The cuda.cuda module is deprecated and will be removed in a future release, please switch to use the cuda.bindings.driver module instead.
<frozen importlib._bootstrap_external>:1301: FutureWarning: The cuda.cudart module is deprecated and will be removed in a future release, please switch to use the cuda.bindings.runtime module instead.
<frozen importlib._bootstrap_external>:1301: FutureWarning: The cuda.cuda module is deprecated and will be removed in a future release, please switch to use the cuda.bindings.driver module instead.
<frozen importlib._bootstrap_external>:1301: FutureWarning: The cuda.cudart module is deprecated and will be removed in a future release, please switch to use the cuda.bindings.runtime module instead.
<frozen importlib._bootstrap_external>:1301: FutureWarning: The cuda.cuda module is deprecated and will be removed in a future release, please switch to use the cuda.bindings.driver module instead.
<frozen importlib._bootstrap_external>:1301: FutureWarning: The cuda.cudart module is deprecated and will be removed in a future release, please switch to use the cuda.bindings.runtime module instead.
/root/Triton-distributed/python/triton_dist/kernels/nvidia/comm_perf_model.py:78: UserWarning: can not get max bandwidth of interface bonding_masters, return 0...
  warnings.warn(f"can not get max bandwidth of interface {interface}, return 0...")
/root/Triton-distributed/python/triton_dist/kernels/nvidia/comm_perf_model.py:78: UserWarning: can not get max bandwidth of interface bonding_masters, return 0...
  warnings.warn(f"can not get max bandwidth of interface {interface}, return 0...")
/root/Triton-distributed/python/triton_dist/kernels/nvidia/comm_perf_model.py:78: UserWarning: can not get max bandwidth of interface bonding_masters, return 0...
  warnings.warn(f"can not get max bandwidth of interface {interface}, return 0...")
/root/Triton-distributed/python/triton_dist/kernels/nvidia/comm_perf_model.py:78: UserWarning: can not get max bandwidth of interface bonding_masters, return 0...
  warnings.warn(f"can not get max bandwidth of interface {interface}, return 0...")
W0828 19:22:05.050000 25463 site-packages/torch/distributed/elastic/agent/server/api.py:719] Received 2 death signal, shutting down workers
W0828 19:22:05.051000 25463 site-packages/torch/distributed/elastic/multiprocessing/api.py:900] Sending process 25528 closing signal SIGINT
W0828 19:22:05.051000 25463 site-packages/torch/distributed/elastic/multiprocessing/api.py:900] Sending process 25529 closing signal SIGINT
W0828 19:22:05.052000 25463 site-packages/torch/distributed/elastic/multiprocessing/api.py:900] Sending process 25530 closing signal SIGINT
W0828 19:22:05.053000 25463 site-packages/torch/distributed/elastic/multiprocessing/api.py:900] Sending process 25531 closing signal SIGINT
W0828 19:22:30.190000 25463 site-packages/torch/distributed/elastic/multiprocessing/api.py:900] Sending process 25528 closing signal SIGTERM
W0828 19:22:30.193000 25463 site-packages/torch/distributed/elastic/multiprocessing/api.py:900] Sending process 25529 closing signal SIGTERM
W0828 19:22:30.193000 25463 site-packages/torch/distributed/elastic/multiprocessing/api.py:900] Sending process 25530 closing signal SIGTERM
W0828 19:22:30.194000 25463 site-packages/torch/distributed/elastic/multiprocessing/api.py:900] Sending process 25531 closing signal SIGTERM
Traceback (most recent call last):
  File "/root/miniconda3/lib/python3.12/site-packages/torch/distributed/elastic/agent/server/api.py", line 711, in run
    result = self._invoke_run(role)
             ^^^^^^^^^^^^^^^^^^^^^^
  File "/root/miniconda3/lib/python3.12/site-packages/torch/distributed/elastic/agent/server/api.py", line 870, in _invoke_run
    time.sleep(monitor_interval)
  File "/root/miniconda3/lib/python3.12/site-packages/torch/distributed/elastic/multiprocessing/api.py", line 84, in _terminate_process_handler
    raise SignalException(f"Process {os.getpid()} got signal: {sigval}", sigval=sigval)
torch.distributed.elastic.multiprocessing.api.SignalException: Process 25463 got signal: 2

During handling of the above exception, another exception occurred:

Traceback (most recent call last):
  File "/root/miniconda3/bin/torchrun", line 7, in <module>
    sys.exit(main())
             ^^^^^^
  File "/root/miniconda3/lib/python3.12/site-packages/torch/distributed/elastic/multiprocessing/errors/__init__.py", line 355, in wrapper
    return f(*args, **kwargs)
           ^^^^^^^^^^^^^^^^^^
  File "/root/miniconda3/lib/python3.12/site-packages/torch/distributed/run.py", line 892, in main
    run(args)
  File "/root/miniconda3/lib/python3.12/site-packages/torch/distributed/run.py", line 883, in run
    elastic_launch(
  File "/root/miniconda3/lib/python3.12/site-packages/torch/distributed/launcher/api.py", line 139, in __call__
    return launch_agent(self._config, self._entrypoint, list(args))
           ^^^^^^^^^^^^^^^^^^^^^^^^^^^^^^^^^^^^^^^^^^^^^^^^^^^^^^^^
  File "/root/miniconda3/lib/python3.12/site-packages/torch/distributed/launcher/api.py", line 261, in launch_agent
    result = agent.run()
             ^^^^^^^^^^^
  File "/root/miniconda3/lib/python3.12/site-packages/torch/distributed/elastic/metrics/api.py", line 138, in wrapper
    result = f(*args, **kwargs)
             ^^^^^^^^^^^^^^^^^^
  File "/root/miniconda3/lib/python3.12/site-packages/torch/distributed/elastic/agent/server/api.py", line 720, in run
    self._shutdown(e.sigval)
  File "/root/miniconda3/lib/python3.12/site-packages/torch/distributed/elastic/agent/server/local_elastic_agent.py", line 372, in _shutdown
    self._pcontext.close(death_sig)
  File "/root/miniconda3/lib/python3.12/site-packages/torch/distributed/elastic/multiprocessing/api.py", line 577, in close
    self._close(death_sig=death_sig, timeout=timeout)
  File "/root/miniconda3/lib/python3.12/site-packages/torch/distributed/elastic/multiprocessing/api.py", line 912, in _close
    handler.proc.wait(time_to_wait)
  File "/root/miniconda3/lib/python3.12/subprocess.py", line 1266, in wait
    return self._wait(timeout=timeout)
           ^^^^^^^^^^^^^^^^^^^^^^^^^^^
  File "/root/miniconda3/lib/python3.12/subprocess.py", line 2055, in _wait
    time.sleep(delay)
  File "/root/miniconda3/lib/python3.12/site-packages/torch/distributed/elastic/multiprocessing/api.py", line 84, in _terminate_process_handler
    raise SignalException(f"Process {os.getpid()} got signal: {sigval}", sigval=sigval)
torch.distributed.elastic.multiprocessing.api.SignalException: Process 25463 got signal: 15
[search][coarse] candidate 19/64 failed(rc=1): chunk=512, window=4, stage=2, steady_sms=4, tail_sms=16, lanes=1, bands=1, frontier=2
[custom] test shape: M 8192, N 29568, K 8192
✅ all close!
✅ all close!
✅ all close!
✅ all close!
Rank 0 [custom] latency (ms): torch_total=5.59, torch_gemm_only=3.74, torch_rs_only=2.05, v2_total=6.60, v2_gemm_only=4.82, v2_rs_only=3.58, v2_internal_overlap=21.40%, v2_speedup_vs_torch=0.85, v2_speedup_vs_old=nan, chunk_rows=512, num_chunks=4, active_chunk_window=4, stage_slots=2, comm_lanes=2, n_bands=1, frontier_chunks=2
Rank 1 [custom] latency (ms): torch_total=5.57, torch_gemm_only=3.74, torch_rs_only=2.03, v2_total=7.31, v2_gemm_only=4.83, v2_rs_only=3.55, v2_internal_overlap=12.73%, v2_speedup_vs_torch=0.76, v2_speedup_vs_old=nan, chunk_rows=512, num_chunks=4, active_chunk_window=4, stage_slots=2, comm_lanes=2, n_bands=1, frontier_chunks=2
Rank 2 [custom] latency (ms): torch_total=5.57, torch_gemm_only=3.74, torch_rs_only=2.04, v2_total=6.60, v2_gemm_only=4.85, v2_rs_only=3.43, v2_internal_overlap=20.28%, v2_speedup_vs_torch=0.84, v2_speedup_vs_old=nan, chunk_rows=512, num_chunks=4, active_chunk_window=4, stage_slots=2, comm_lanes=2, n_bands=1, frontier_chunks=2
Rank 3 [custom] latency (ms): torch_total=5.58, torch_gemm_only=3.80, torch_rs_only=2.03, v2_total=7.09, v2_gemm_only=4.83, v2_rs_only=3.42, v2_internal_overlap=14.04%, v2_speedup_vs_torch=0.79, v2_speedup_vs_old=nan, chunk_rows=512, num_chunks=4, active_chunk_window=4, stage_slots=2, comm_lanes=2, n_bands=1, frontier_chunks=2
W0828 19:22:32.946000 26483 site-packages/torch/distributed/run.py:766] 
W0828 19:22:32.946000 26483 site-packages/torch/distributed/run.py:766] *****************************************
W0828 19:22:32.946000 26483 site-packages/torch/distributed/run.py:766] Setting OMP_NUM_THREADS environment variable for each process to be 1 in default, to avoid your system being overloaded, please further tune the variable for optimal performance in your application as needed. 
W0828 19:22:32.946000 26483 site-packages/torch/distributed/run.py:766] *****************************************
<frozen importlib._bootstrap_external>:1301: FutureWarning: The cuda.cuda module is deprecated and will be removed in a future release, please switch to use the cuda.bindings.driver module instead.
<frozen importlib._bootstrap_external>:1301: FutureWarning: The cuda.cudart module is deprecated and will be removed in a future release, please switch to use the cuda.bindings.runtime module instead.
<frozen importlib._bootstrap_external>:1301: FutureWarning: The cuda.cuda module is deprecated and will be removed in a future release, please switch to use the cuda.bindings.driver module instead.
<frozen importlib._bootstrap_external>:1301: FutureWarning: The cuda.cudart module is deprecated and will be removed in a future release, please switch to use the cuda.bindings.runtime module instead.
<frozen importlib._bootstrap_external>:1301: FutureWarning: The cuda.cuda module is deprecated and will be removed in a future release, please switch to use the cuda.bindings.driver module instead.
<frozen importlib._bootstrap_external>:1301: FutureWarning: The cuda.cudart module is deprecated and will be removed in a future release, please switch to use the cuda.bindings.runtime module instead.
<frozen importlib._bootstrap_external>:1301: FutureWarning: The cuda.cuda module is deprecated and will be removed in a future release, please switch to use the cuda.bindings.driver module instead.
<frozen importlib._bootstrap_external>:1301: FutureWarning: The cuda.cudart module is deprecated and will be removed in a future release, please switch to use the cuda.bindings.runtime module instead.
/root/Triton-distributed/python/triton_dist/kernels/nvidia/comm_perf_model.py:78: UserWarning: can not get max bandwidth of interface bonding_masters, return 0...
  warnings.warn(f"can not get max bandwidth of interface {interface}, return 0...")
/root/Triton-distributed/python/triton_dist/kernels/nvidia/comm_perf_model.py:78: UserWarning: can not get max bandwidth of interface bonding_masters, return 0...
  warnings.warn(f"can not get max bandwidth of interface {interface}, return 0...")
/root/Triton-distributed/python/triton_dist/kernels/nvidia/comm_perf_model.py:78: UserWarning: can not get max bandwidth of interface bonding_masters, return 0...
  warnings.warn(f"can not get max bandwidth of interface {interface}, return 0...")
/root/Triton-distributed/python/triton_dist/kernels/nvidia/comm_perf_model.py:78: UserWarning: can not get max bandwidth of interface bonding_masters, return 0...
  warnings.warn(f"can not get max bandwidth of interface {interface}, return 0...")
[search][coarse] candidate 20/64: max_total=7.3100 ms, mean_total=6.9000 ms, speedup_mean=0.8100, speedup_min=0.7600, overlap_mean=17.11%, lead_ratio=2.000 | chunk=512, window=4, stage=2, steady_sms=4, tail_sms=16, lanes=2, bands=1, frontier=2
[custom] test shape: M 8192, N 29568, K 8192
✅ all close!
✅ all close!
✅ all close!
✅ all close!
Rank 0 [custom] latency (ms): torch_total=5.62, torch_gemm_only=3.75, torch_rs_only=2.12, v2_total=6.66, v2_gemm_only=5.58, v2_rs_only=3.24, v2_internal_overlap=24.50%, v2_speedup_vs_torch=0.84, v2_speedup_vs_old=nan, chunk_rows=512, num_chunks=4, active_chunk_window=4, stage_slots=2, comm_lanes=1, n_bands=1, frontier_chunks=2
Rank 1 [custom] latency (ms): torch_total=5.60, torch_gemm_only=3.75, torch_rs_only=2.13, v2_total=6.40, v2_gemm_only=4.97, v2_rs_only=3.28, v2_internal_overlap=22.40%, v2_speedup_vs_torch=0.87, v2_speedup_vs_old=nan, chunk_rows=512, num_chunks=4, active_chunk_window=4, stage_slots=2, comm_lanes=1, n_bands=1, frontier_chunks=2
Rank 2 [custom] latency (ms): torch_total=5.60, torch_gemm_only=3.74, torch_rs_only=2.13, v2_total=6.38, v2_gemm_only=4.85, v2_rs_only=3.02, v2_internal_overlap=18.88%, v2_speedup_vs_torch=0.88, v2_speedup_vs_old=nan, chunk_rows=512, num_chunks=4, active_chunk_window=4, stage_slots=2, comm_lanes=1, n_bands=1, frontier_chunks=2
Rank 3 [custom] latency (ms): torch_total=5.63, torch_gemm_only=3.80, torch_rs_only=2.13, v2_total=6.49, v2_gemm_only=4.92, v2_rs_only=3.04, v2_internal_overlap=18.45%, v2_speedup_vs_torch=0.87, v2_speedup_vs_old=nan, chunk_rows=512, num_chunks=4, active_chunk_window=4, stage_slots=2, comm_lanes=1, n_bands=1, frontier_chunks=2
W0828 19:22:43.774000 27140 site-packages/torch/distributed/run.py:766] 
W0828 19:22:43.774000 27140 site-packages/torch/distributed/run.py:766] *****************************************
W0828 19:22:43.774000 27140 site-packages/torch/distributed/run.py:766] Setting OMP_NUM_THREADS environment variable for each process to be 1 in default, to avoid your system being overloaded, please further tune the variable for optimal performance in your application as needed. 
W0828 19:22:43.774000 27140 site-packages/torch/distributed/run.py:766] *****************************************
<frozen importlib._bootstrap_external>:1301: FutureWarning: The cuda.cuda module is deprecated and will be removed in a future release, please switch to use the cuda.bindings.driver module instead.
<frozen importlib._bootstrap_external>:1301: FutureWarning: The cuda.cudart module is deprecated and will be removed in a future release, please switch to use the cuda.bindings.runtime module instead.
<frozen importlib._bootstrap_external>:1301: FutureWarning: The cuda.cuda module is deprecated and will be removed in a future release, please switch to use the cuda.bindings.driver module instead.
<frozen importlib._bootstrap_external>:1301: FutureWarning: The cuda.cudart module is deprecated and will be removed in a future release, please switch to use the cuda.bindings.runtime module instead.
<frozen importlib._bootstrap_external>:1301: FutureWarning: The cuda.cuda module is deprecated and will be removed in a future release, please switch to use the cuda.bindings.driver module instead.
<frozen importlib._bootstrap_external>:1301: FutureWarning: The cuda.cudart module is deprecated and will be removed in a future release, please switch to use the cuda.bindings.runtime module instead.
<frozen importlib._bootstrap_external>:1301: FutureWarning: The cuda.cuda module is deprecated and will be removed in a future release, please switch to use the cuda.bindings.driver module instead.
<frozen importlib._bootstrap_external>:1301: FutureWarning: The cuda.cudart module is deprecated and will be removed in a future release, please switch to use the cuda.bindings.runtime module instead.
/root/Triton-distributed/python/triton_dist/kernels/nvidia/comm_perf_model.py:78: UserWarning: can not get max bandwidth of interface bonding_masters, return 0...
  warnings.warn(f"can not get max bandwidth of interface {interface}, return 0...")
/root/Triton-distributed/python/triton_dist/kernels/nvidia/comm_perf_model.py:78: UserWarning: can not get max bandwidth of interface bonding_masters, return 0...
  warnings.warn(f"can not get max bandwidth of interface {interface}, return 0...")
/root/Triton-distributed/python/triton_dist/kernels/nvidia/comm_perf_model.py:78: UserWarning: can not get max bandwidth of interface bonding_masters, return 0...
  warnings.warn(f"can not get max bandwidth of interface {interface}, return 0...")
/root/Triton-distributed/python/triton_dist/kernels/nvidia/comm_perf_model.py:78: UserWarning: can not get max bandwidth of interface bonding_masters, return 0...
  warnings.warn(f"can not get max bandwidth of interface {interface}, return 0...")
[search][coarse] candidate 21/64: max_total=6.6600 ms, mean_total=6.4825 ms, speedup_mean=0.8650, speedup_min=0.8400, overlap_mean=21.06%, lead_ratio=2.000 | chunk=512, window=4, stage=2, steady_sms=6, tail_sms=12, lanes=1, bands=1, frontier=2
[custom] test shape: M 8192, N 29568, K 8192
✅ all close!
✅ all close!
✅ all close!
✅ all close!
Rank 0 [custom] latency (ms): torch_total=5.62, torch_gemm_only=3.74, torch_rs_only=2.02, v2_total=6.27, v2_gemm_only=4.83, v2_rs_only=3.27, v2_internal_overlap=22.58%, v2_speedup_vs_torch=0.90, v2_speedup_vs_old=nan, chunk_rows=512, num_chunks=4, active_chunk_window=4, stage_slots=2, comm_lanes=2, n_bands=1, frontier_chunks=2
Rank 1 [custom] latency (ms): torch_total=5.61, torch_gemm_only=3.74, torch_rs_only=2.03, v2_total=6.48, v2_gemm_only=4.83, v2_rs_only=3.17, v2_internal_overlap=18.98%, v2_speedup_vs_torch=0.87, v2_speedup_vs_old=nan, chunk_rows=512, num_chunks=4, active_chunk_window=4, stage_slots=2, comm_lanes=2, n_bands=1, frontier_chunks=2
Rank 2 [custom] latency (ms): torch_total=5.59, torch_gemm_only=3.74, torch_rs_only=2.02, v2_total=6.17, v2_gemm_only=4.84, v2_rs_only=3.21, v2_internal_overlap=23.34%, v2_speedup_vs_torch=0.91, v2_speedup_vs_old=nan, chunk_rows=512, num_chunks=4, active_chunk_window=4, stage_slots=2, comm_lanes=2, n_bands=1, frontier_chunks=2
Rank 3 [custom] latency (ms): torch_total=5.59, torch_gemm_only=3.79, torch_rs_only=2.01, v2_total=6.27, v2_gemm_only=4.88, v2_rs_only=3.19, v2_internal_overlap=22.38%, v2_speedup_vs_torch=0.89, v2_speedup_vs_old=nan, chunk_rows=512, num_chunks=4, active_chunk_window=4, stage_slots=2, comm_lanes=2, n_bands=1, frontier_chunks=2
W0828 19:22:54.509000 27813 site-packages/torch/distributed/run.py:766] 
W0828 19:22:54.509000 27813 site-packages/torch/distributed/run.py:766] *****************************************
W0828 19:22:54.509000 27813 site-packages/torch/distributed/run.py:766] Setting OMP_NUM_THREADS environment variable for each process to be 1 in default, to avoid your system being overloaded, please further tune the variable for optimal performance in your application as needed. 
W0828 19:22:54.509000 27813 site-packages/torch/distributed/run.py:766] *****************************************
<frozen importlib._bootstrap_external>:1301: FutureWarning: The cuda.cuda module is deprecated and will be removed in a future release, please switch to use the cuda.bindings.driver module instead.
<frozen importlib._bootstrap_external>:1301: FutureWarning: The cuda.cudart module is deprecated and will be removed in a future release, please switch to use the cuda.bindings.runtime module instead.
<frozen importlib._bootstrap_external>:1301: FutureWarning: The cuda.cuda module is deprecated and will be removed in a future release, please switch to use the cuda.bindings.driver module instead.
<frozen importlib._bootstrap_external>:1301: FutureWarning: The cuda.cudart module is deprecated and will be removed in a future release, please switch to use the cuda.bindings.runtime module instead.
<frozen importlib._bootstrap_external>:1301: FutureWarning: The cuda.cuda module is deprecated and will be removed in a future release, please switch to use the cuda.bindings.driver module instead.
<frozen importlib._bootstrap_external>:1301: FutureWarning: The cuda.cudart module is deprecated and will be removed in a future release, please switch to use the cuda.bindings.runtime module instead.
<frozen importlib._bootstrap_external>:1301: FutureWarning: The cuda.cuda module is deprecated and will be removed in a future release, please switch to use the cuda.bindings.driver module instead.
<frozen importlib._bootstrap_external>:1301: FutureWarning: The cuda.cudart module is deprecated and will be removed in a future release, please switch to use the cuda.bindings.runtime module instead.
/root/Triton-distributed/python/triton_dist/kernels/nvidia/comm_perf_model.py:78: UserWarning: can not get max bandwidth of interface bonding_masters, return 0...
  warnings.warn(f"can not get max bandwidth of interface {interface}, return 0...")
/root/Triton-distributed/python/triton_dist/kernels/nvidia/comm_perf_model.py:78: UserWarning: can not get max bandwidth of interface bonding_masters, return 0...
  warnings.warn(f"can not get max bandwidth of interface {interface}, return 0...")
/root/Triton-distributed/python/triton_dist/kernels/nvidia/comm_perf_model.py:78: UserWarning: can not get max bandwidth of interface bonding_masters, return 0...
  warnings.warn(f"can not get max bandwidth of interface {interface}, return 0...")
/root/Triton-distributed/python/triton_dist/kernels/nvidia/comm_perf_model.py:78: UserWarning: can not get max bandwidth of interface bonding_masters, return 0...
  warnings.warn(f"can not get max bandwidth of interface {interface}, return 0...")
[search][coarse] candidate 22/64: max_total=6.4800 ms, mean_total=6.2975 ms, speedup_mean=0.8925, speedup_min=0.8700, overlap_mean=21.82%, lead_ratio=2.000 | chunk=512, window=4, stage=2, steady_sms=6, tail_sms=12, lanes=2, bands=1, frontier=2
[custom] test shape: M 8192, N 29568, K 8192
✅ all close!
✅ all close!
✅ all close!
✅ all close!
Rank 0 [custom] latency (ms): torch_total=5.57, torch_gemm_only=3.75, torch_rs_only=2.07, v2_total=6.35, v2_gemm_only=4.85, v2_rs_only=2.76, v2_internal_overlap=16.55%, v2_speedup_vs_torch=0.88, v2_speedup_vs_old=nan, chunk_rows=512, num_chunks=4, active_chunk_window=4, stage_slots=2, comm_lanes=1, n_bands=1, frontier_chunks=2
Rank 1 [custom] latency (ms): torch_total=5.55, torch_gemm_only=3.74, torch_rs_only=2.07, v2_total=6.47, v2_gemm_only=4.86, v2_rs_only=2.75, v2_internal_overlap=14.92%, v2_speedup_vs_torch=0.86, v2_speedup_vs_old=nan, chunk_rows=512, num_chunks=4, active_chunk_window=4, stage_slots=2, comm_lanes=1, n_bands=1, frontier_chunks=2
Rank 2 [custom] latency (ms): torch_total=5.55, torch_gemm_only=3.74, torch_rs_only=2.07, v2_total=6.13, v2_gemm_only=4.85, v2_rs_only=2.78, v2_internal_overlap=19.69%, v2_speedup_vs_torch=0.91, v2_speedup_vs_old=nan, chunk_rows=512, num_chunks=4, active_chunk_window=4, stage_slots=2, comm_lanes=1, n_bands=1, frontier_chunks=2
Rank 3 [custom] latency (ms): torch_total=5.58, torch_gemm_only=3.80, torch_rs_only=2.01, v2_total=6.26, v2_gemm_only=4.85, v2_rs_only=2.83, v2_internal_overlap=18.55%, v2_speedup_vs_torch=0.89, v2_speedup_vs_old=nan, chunk_rows=512, num_chunks=4, active_chunk_window=4, stage_slots=2, comm_lanes=1, n_bands=1, frontier_chunks=2
W0828 19:23:05.373000 28485 site-packages/torch/distributed/run.py:766] 
W0828 19:23:05.373000 28485 site-packages/torch/distributed/run.py:766] *****************************************
W0828 19:23:05.373000 28485 site-packages/torch/distributed/run.py:766] Setting OMP_NUM_THREADS environment variable for each process to be 1 in default, to avoid your system being overloaded, please further tune the variable for optimal performance in your application as needed. 
W0828 19:23:05.373000 28485 site-packages/torch/distributed/run.py:766] *****************************************
<frozen importlib._bootstrap_external>:1301: FutureWarning: The cuda.cuda module is deprecated and will be removed in a future release, please switch to use the cuda.bindings.driver module instead.
<frozen importlib._bootstrap_external>:1301: FutureWarning: The cuda.cudart module is deprecated and will be removed in a future release, please switch to use the cuda.bindings.runtime module instead.
<frozen importlib._bootstrap_external>:1301: FutureWarning: The cuda.cuda module is deprecated and will be removed in a future release, please switch to use the cuda.bindings.driver module instead.
<frozen importlib._bootstrap_external>:1301: FutureWarning: The cuda.cudart module is deprecated and will be removed in a future release, please switch to use the cuda.bindings.runtime module instead.
<frozen importlib._bootstrap_external>:1301: FutureWarning: The cuda.cuda module is deprecated and will be removed in a future release, please switch to use the cuda.bindings.driver module instead.
<frozen importlib._bootstrap_external>:1301: FutureWarning: The cuda.cudart module is deprecated and will be removed in a future release, please switch to use the cuda.bindings.runtime module instead.
<frozen importlib._bootstrap_external>:1301: FutureWarning: The cuda.cuda module is deprecated and will be removed in a future release, please switch to use the cuda.bindings.driver module instead.
<frozen importlib._bootstrap_external>:1301: FutureWarning: The cuda.cudart module is deprecated and will be removed in a future release, please switch to use the cuda.bindings.runtime module instead.
/root/Triton-distributed/python/triton_dist/kernels/nvidia/comm_perf_model.py:78: UserWarning: can not get max bandwidth of interface bonding_masters, return 0...
  warnings.warn(f"can not get max bandwidth of interface {interface}, return 0...")
/root/Triton-distributed/python/triton_dist/kernels/nvidia/comm_perf_model.py:78: UserWarning: can not get max bandwidth of interface bonding_masters, return 0...
  warnings.warn(f"can not get max bandwidth of interface {interface}, return 0...")
/root/Triton-distributed/python/triton_dist/kernels/nvidia/comm_perf_model.py:78: UserWarning: can not get max bandwidth of interface bonding_masters, return 0...
  warnings.warn(f"can not get max bandwidth of interface {interface}, return 0...")
/root/Triton-distributed/python/triton_dist/kernels/nvidia/comm_perf_model.py:78: UserWarning: can not get max bandwidth of interface bonding_masters, return 0...
  warnings.warn(f"can not get max bandwidth of interface {interface}, return 0...")
[search][coarse] candidate 23/64: max_total=6.4700 ms, mean_total=6.3025 ms, speedup_mean=0.8850, speedup_min=0.8600, overlap_mean=17.43%, lead_ratio=2.000 | chunk=512, window=4, stage=2, steady_sms=6, tail_sms=16, lanes=1, bands=1, frontier=2
[custom] test shape: M 8192, N 29568, K 8192
✅ all close!
✅ all close!
✅ all close!
✅ all close!
Rank 0 [custom] latency (ms): torch_total=5.61, torch_gemm_only=3.74, torch_rs_only=2.02, v2_total=6.20, v2_gemm_only=4.82, v2_rs_only=3.16, v2_internal_overlap=22.28%, v2_speedup_vs_torch=0.90, v2_speedup_vs_old=nan, chunk_rows=512, num_chunks=4, active_chunk_window=4, stage_slots=2, comm_lanes=2, n_bands=1, frontier_chunks=2
Rank 1 [custom] latency (ms): torch_total=5.61, torch_gemm_only=3.74, torch_rs_only=2.01, v2_total=6.34, v2_gemm_only=4.83, v2_rs_only=3.17, v2_internal_overlap=20.80%, v2_speedup_vs_torch=0.89, v2_speedup_vs_old=nan, chunk_rows=512, num_chunks=4, active_chunk_window=4, stage_slots=2, comm_lanes=2, n_bands=1, frontier_chunks=2
Rank 2 [custom] latency (ms): torch_total=5.61, torch_gemm_only=3.74, torch_rs_only=2.03, v2_total=5.99, v2_gemm_only=4.86, v2_rs_only=3.16, v2_internal_overlap=25.28%, v2_speedup_vs_torch=0.94, v2_speedup_vs_old=nan, chunk_rows=512, num_chunks=4, active_chunk_window=4, stage_slots=2, comm_lanes=2, n_bands=1, frontier_chunks=2
Rank 3 [custom] latency (ms): torch_total=5.62, torch_gemm_only=3.83, torch_rs_only=2.05, v2_total=6.16, v2_gemm_only=4.88, v2_rs_only=3.21, v2_internal_overlap=23.79%, v2_speedup_vs_torch=0.91, v2_speedup_vs_old=nan, chunk_rows=512, num_chunks=4, active_chunk_window=4, stage_slots=2, comm_lanes=2, n_bands=1, frontier_chunks=2
W0828 19:23:16.137000 29136 site-packages/torch/distributed/run.py:766] 
W0828 19:23:16.137000 29136 site-packages/torch/distributed/run.py:766] *****************************************
W0828 19:23:16.137000 29136 site-packages/torch/distributed/run.py:766] Setting OMP_NUM_THREADS environment variable for each process to be 1 in default, to avoid your system being overloaded, please further tune the variable for optimal performance in your application as needed. 
W0828 19:23:16.137000 29136 site-packages/torch/distributed/run.py:766] *****************************************
<frozen importlib._bootstrap_external>:1301: FutureWarning: The cuda.cuda module is deprecated and will be removed in a future release, please switch to use the cuda.bindings.driver module instead.
<frozen importlib._bootstrap_external>:1301: FutureWarning: The cuda.cudart module is deprecated and will be removed in a future release, please switch to use the cuda.bindings.runtime module instead.
<frozen importlib._bootstrap_external>:1301: FutureWarning: The cuda.cuda module is deprecated and will be removed in a future release, please switch to use the cuda.bindings.driver module instead.
<frozen importlib._bootstrap_external>:1301: FutureWarning: The cuda.cudart module is deprecated and will be removed in a future release, please switch to use the cuda.bindings.runtime module instead.
<frozen importlib._bootstrap_external>:1301: FutureWarning: The cuda.cuda module is deprecated and will be removed in a future release, please switch to use the cuda.bindings.driver module instead.
<frozen importlib._bootstrap_external>:1301: FutureWarning: The cuda.cudart module is deprecated and will be removed in a future release, please switch to use the cuda.bindings.runtime module instead.
<frozen importlib._bootstrap_external>:1301: FutureWarning: The cuda.cuda module is deprecated and will be removed in a future release, please switch to use the cuda.bindings.driver module instead.
<frozen importlib._bootstrap_external>:1301: FutureWarning: The cuda.cudart module is deprecated and will be removed in a future release, please switch to use the cuda.bindings.runtime module instead.
/root/Triton-distributed/python/triton_dist/kernels/nvidia/comm_perf_model.py:78: UserWarning: can not get max bandwidth of interface bonding_masters, return 0...
  warnings.warn(f"can not get max bandwidth of interface {interface}, return 0...")
/root/Triton-distributed/python/triton_dist/kernels/nvidia/comm_perf_model.py:78: UserWarning: can not get max bandwidth of interface bonding_masters, return 0...
  warnings.warn(f"can not get max bandwidth of interface {interface}, return 0...")
/root/Triton-distributed/python/triton_dist/kernels/nvidia/comm_perf_model.py:78: UserWarning: can not get max bandwidth of interface bonding_masters, return 0...
  warnings.warn(f"can not get max bandwidth of interface {interface}, return 0...")
/root/Triton-distributed/python/triton_dist/kernels/nvidia/comm_perf_model.py:78: UserWarning: can not get max bandwidth of interface bonding_masters, return 0...
  warnings.warn(f"can not get max bandwidth of interface {interface}, return 0...")
[search][coarse] candidate 24/64: max_total=6.3400 ms, mean_total=6.1725 ms, speedup_mean=0.9100, speedup_min=0.8900, overlap_mean=23.04%, lead_ratio=2.000 | chunk=512, window=4, stage=2, steady_sms=6, tail_sms=16, lanes=2, bands=1, frontier=2
[custom] test shape: M 8192, N 29568, K 8192
✅ all close!
✅ all close!
✅ all close!
✅ all close!
Rank 0 [custom] latency (ms): torch_total=5.60, torch_gemm_only=3.75, torch_rs_only=2.03, v2_total=7.55, v2_gemm_only=5.66, v2_rs_only=3.49, v2_internal_overlap=17.49%, v2_speedup_vs_torch=0.74, v2_speedup_vs_old=nan, chunk_rows=512, num_chunks=4, active_chunk_window=4, stage_slots=4, comm_lanes=1, n_bands=1, frontier_chunks=2
Rank 1 [custom] latency (ms): torch_total=5.58, torch_gemm_only=3.74, torch_rs_only=2.04, v2_total=7.66, v2_gemm_only=5.87, v2_rs_only=3.65, v2_internal_overlap=19.58%, v2_speedup_vs_torch=0.73, v2_speedup_vs_old=nan, chunk_rows=512, num_chunks=4, active_chunk_window=4, stage_slots=4, comm_lanes=1, n_bands=1, frontier_chunks=2
Rank 2 [custom] latency (ms): torch_total=5.57, torch_gemm_only=3.75, torch_rs_only=2.03, v2_total=7.63, v2_gemm_only=5.80, v2_rs_only=3.28, v2_internal_overlap=15.94%, v2_speedup_vs_torch=0.73, v2_speedup_vs_old=nan, chunk_rows=512, num_chunks=4, active_chunk_window=4, stage_slots=4, comm_lanes=1, n_bands=1, frontier_chunks=2
Rank 3 [custom] latency (ms): torch_total=5.59, torch_gemm_only=3.80, torch_rs_only=2.03, v2_total=7.03, v2_gemm_only=4.83, v2_rs_only=3.20, v2_internal_overlap=12.47%, v2_speedup_vs_torch=0.80, v2_speedup_vs_old=nan, chunk_rows=512, num_chunks=4, active_chunk_window=4, stage_slots=4, comm_lanes=1, n_bands=1, frontier_chunks=2
W0828 19:23:27.419000 29787 site-packages/torch/distributed/run.py:766] 
W0828 19:23:27.419000 29787 site-packages/torch/distributed/run.py:766] *****************************************
W0828 19:23:27.419000 29787 site-packages/torch/distributed/run.py:766] Setting OMP_NUM_THREADS environment variable for each process to be 1 in default, to avoid your system being overloaded, please further tune the variable for optimal performance in your application as needed. 
W0828 19:23:27.419000 29787 site-packages/torch/distributed/run.py:766] *****************************************
<frozen importlib._bootstrap_external>:1301: FutureWarning: The cuda.cuda module is deprecated and will be removed in a future release, please switch to use the cuda.bindings.driver module instead.
<frozen importlib._bootstrap_external>:1301: FutureWarning: The cuda.cudart module is deprecated and will be removed in a future release, please switch to use the cuda.bindings.runtime module instead.
<frozen importlib._bootstrap_external>:1301: FutureWarning: The cuda.cuda module is deprecated and will be removed in a future release, please switch to use the cuda.bindings.driver module instead.
<frozen importlib._bootstrap_external>:1301: FutureWarning: The cuda.cudart module is deprecated and will be removed in a future release, please switch to use the cuda.bindings.runtime module instead.
<frozen importlib._bootstrap_external>:1301: FutureWarning: The cuda.cuda module is deprecated and will be removed in a future release, please switch to use the cuda.bindings.driver module instead.
<frozen importlib._bootstrap_external>:1301: FutureWarning: The cuda.cudart module is deprecated and will be removed in a future release, please switch to use the cuda.bindings.runtime module instead.
<frozen importlib._bootstrap_external>:1301: FutureWarning: The cuda.cuda module is deprecated and will be removed in a future release, please switch to use the cuda.bindings.driver module instead.
<frozen importlib._bootstrap_external>:1301: FutureWarning: The cuda.cudart module is deprecated and will be removed in a future release, please switch to use the cuda.bindings.runtime module instead.
/root/Triton-distributed/python/triton_dist/kernels/nvidia/comm_perf_model.py:78: UserWarning: can not get max bandwidth of interface bonding_masters, return 0...
  warnings.warn(f"can not get max bandwidth of interface {interface}, return 0...")
/root/Triton-distributed/python/triton_dist/kernels/nvidia/comm_perf_model.py:78: UserWarning: can not get max bandwidth of interface bonding_masters, return 0...
  warnings.warn(f"can not get max bandwidth of interface {interface}, return 0...")
/root/Triton-distributed/python/triton_dist/kernels/nvidia/comm_perf_model.py:78: UserWarning: can not get max bandwidth of interface bonding_masters, return 0...
  warnings.warn(f"can not get max bandwidth of interface {interface}, return 0...")
/root/Triton-distributed/python/triton_dist/kernels/nvidia/comm_perf_model.py:78: UserWarning: can not get max bandwidth of interface bonding_masters, return 0...
  warnings.warn(f"can not get max bandwidth of interface {interface}, return 0...")
[search][coarse] candidate 25/64: max_total=7.6600 ms, mean_total=7.4675 ms, speedup_mean=0.7500, speedup_min=0.7300, overlap_mean=16.37%, lead_ratio=1.000 | chunk=512, window=4, stage=4, steady_sms=4, tail_sms=12, lanes=1, bands=1, frontier=2
interrupting second confirmed liveness-stall: torchrun=30456 workers=30521 30522 30523 30524 at 2026-08-28T19:26:41+08:00
[custom] test shape: M 8192, N 29568, K 8192
✅ all close!
✅ all close!
✅ all close!
✅ all close!
W0828 19:23:38.876000 30456 site-packages/torch/distributed/run.py:766] 
W0828 19:23:38.876000 30456 site-packages/torch/distributed/run.py:766] *****************************************
W0828 19:23:38.876000 30456 site-packages/torch/distributed/run.py:766] Setting OMP_NUM_THREADS environment variable for each process to be 1 in default, to avoid your system being overloaded, please further tune the variable for optimal performance in your application as needed. 
W0828 19:23:38.876000 30456 site-packages/torch/distributed/run.py:766] *****************************************
<frozen importlib._bootstrap_external>:1301: FutureWarning: The cuda.cuda module is deprecated and will be removed in a future release, please switch to use the cuda.bindings.driver module instead.
<frozen importlib._bootstrap_external>:1301: FutureWarning: The cuda.cudart module is deprecated and will be removed in a future release, please switch to use the cuda.bindings.runtime module instead.
<frozen importlib._bootstrap_external>:1301: FutureWarning: The cuda.cuda module is deprecated and will be removed in a future release, please switch to use the cuda.bindings.driver module instead.
<frozen importlib._bootstrap_external>:1301: FutureWarning: The cuda.cudart module is deprecated and will be removed in a future release, please switch to use the cuda.bindings.runtime module instead.
<frozen importlib._bootstrap_external>:1301: FutureWarning: The cuda.cuda module is deprecated and will be removed in a future release, please switch to use the cuda.bindings.driver module instead.
<frozen importlib._bootstrap_external>:1301: FutureWarning: The cuda.cudart module is deprecated and will be removed in a future release, please switch to use the cuda.bindings.runtime module instead.
<frozen importlib._bootstrap_external>:1301: FutureWarning: The cuda.cuda module is deprecated and will be removed in a future release, please switch to use the cuda.bindings.driver module instead.
<frozen importlib._bootstrap_external>:1301: FutureWarning: The cuda.cudart module is deprecated and will be removed in a future release, please switch to use the cuda.bindings.runtime module instead.
/root/Triton-distributed/python/triton_dist/kernels/nvidia/comm_perf_model.py:78: UserWarning: can not get max bandwidth of interface bonding_masters, return 0...
  warnings.warn(f"can not get max bandwidth of interface {interface}, return 0...")
/root/Triton-distributed/python/triton_dist/kernels/nvidia/comm_perf_model.py:78: UserWarning: can not get max bandwidth of interface bonding_masters, return 0...
  warnings.warn(f"can not get max bandwidth of interface {interface}, return 0...")
/root/Triton-distributed/python/triton_dist/kernels/nvidia/comm_perf_model.py:78: UserWarning: can not get max bandwidth of interface bonding_masters, return 0...
  warnings.warn(f"can not get max bandwidth of interface {interface}, return 0...")
/root/Triton-distributed/python/triton_dist/kernels/nvidia/comm_perf_model.py:78: UserWarning: can not get max bandwidth of interface bonding_masters, return 0...
  warnings.warn(f"can not get max bandwidth of interface {interface}, return 0...")
W0828 19:26:41.943000 30456 site-packages/torch/distributed/elastic/agent/server/api.py:719] Received 15 death signal, shutting down workers
W0828 19:26:41.947000 30456 site-packages/torch/distributed/elastic/multiprocessing/api.py:900] Sending process 30521 closing signal SIGTERM
W0828 19:26:41.948000 30456 site-packages/torch/distributed/elastic/multiprocessing/api.py:900] Sending process 30522 closing signal SIGTERM
W0828 19:26:41.948000 30456 site-packages/torch/distributed/elastic/multiprocessing/api.py:900] Sending process 30523 closing signal SIGTERM
W0828 19:26:41.949000 30456 site-packages/torch/distributed/elastic/multiprocessing/api.py:900] Sending process 30524 closing signal SIGTERM
Traceback (most recent call last):
  File "/root/miniconda3/bin/torchrun", line 7, in <module>
    sys.exit(main())
             ^^^^^^
  File "/root/miniconda3/lib/python3.12/site-packages/torch/distributed/elastic/multiprocessing/errors/__init__.py", line 355, in wrapper
    return f(*args, **kwargs)
           ^^^^^^^^^^^^^^^^^^
  File "/root/miniconda3/lib/python3.12/site-packages/torch/distributed/run.py", line 892, in main
    run(args)
  File "/root/miniconda3/lib/python3.12/site-packages/torch/distributed/run.py", line 883, in run
    elastic_launch(
  File "/root/miniconda3/lib/python3.12/site-packages/torch/distributed/launcher/api.py", line 139, in __call__
    return launch_agent(self._config, self._entrypoint, list(args))
           ^^^^^^^^^^^^^^^^^^^^^^^^^^^^^^^^^^^^^^^^^^^^^^^^^^^^^^^^
  File "/root/miniconda3/lib/python3.12/site-packages/torch/distributed/launcher/api.py", line 261, in launch_agent
    result = agent.run()
             ^^^^^^^^^^^
  File "/root/miniconda3/lib/python3.12/site-packages/torch/distributed/elastic/metrics/api.py", line 138, in wrapper
    result = f(*args, **kwargs)
             ^^^^^^^^^^^^^^^^^^
  File "/root/miniconda3/lib/python3.12/site-packages/torch/distributed/elastic/agent/server/api.py", line 711, in run
    result = self._invoke_run(role)
             ^^^^^^^^^^^^^^^^^^^^^^
  File "/root/miniconda3/lib/python3.12/site-packages/torch/distributed/elastic/agent/server/api.py", line 870, in _invoke_run
    time.sleep(monitor_interval)
  File "/root/miniconda3/lib/python3.12/site-packages/torch/distributed/elastic/multiprocessing/api.py", line 84, in _terminate_process_handler
    raise SignalException(f"Process {os.getpid()} got signal: {sigval}", sigval=sigval)
torch.distributed.elastic.multiprocessing.api.SignalException: Process 30456 got signal: 15
[search][coarse] candidate 26/64 failed(rc=1): chunk=512, window=4, stage=4, steady_sms=4, tail_sms=12, lanes=2, bands=1, frontier=2
[custom] test shape: M 8192, N 29568, K 8192
✅ all close!
✅ all close!
✅ all close!
✅ all close!
Rank 0 [custom] latency (ms): torch_total=5.59, torch_gemm_only=3.72, torch_rs_only=2.02, v2_total=6.50, v2_gemm_only=4.82, v2_rs_only=3.02, v2_internal_overlap=17.06%, v2_speedup_vs_torch=0.86, v2_speedup_vs_old=nan, chunk_rows=512, num_chunks=4, active_chunk_window=4, stage_slots=4, comm_lanes=1, n_bands=1, frontier_chunks=2
Rank 1 [custom] latency (ms): torch_total=5.57, torch_gemm_only=3.74, torch_rs_only=2.01, v2_total=6.50, v2_gemm_only=4.83, v2_rs_only=2.94, v2_internal_overlap=16.36%, v2_speedup_vs_torch=0.86, v2_speedup_vs_old=nan, chunk_rows=512, num_chunks=4, active_chunk_window=4, stage_slots=4, comm_lanes=1, n_bands=1, frontier_chunks=2
Rank 2 [custom] latency (ms): torch_total=5.57, torch_gemm_only=3.74, torch_rs_only=2.04, v2_total=6.29, v2_gemm_only=4.86, v2_rs_only=2.92, v2_internal_overlap=19.19%, v2_speedup_vs_torch=0.89, v2_speedup_vs_old=nan, chunk_rows=512, num_chunks=4, active_chunk_window=4, stage_slots=4, comm_lanes=1, n_bands=1, frontier_chunks=2
Rank 3 [custom] latency (ms): torch_total=5.60, torch_gemm_only=3.79, torch_rs_only=2.03, v2_total=6.49, v2_gemm_only=4.86, v2_rs_only=2.98, v2_internal_overlap=17.17%, v2_speedup_vs_torch=0.86, v2_speedup_vs_old=nan, chunk_rows=512, num_chunks=4, active_chunk_window=4, stage_slots=4, comm_lanes=1, n_bands=1, frontier_chunks=2
W0828 19:26:44.667000 30879 site-packages/torch/distributed/run.py:766] 
W0828 19:26:44.667000 30879 site-packages/torch/distributed/run.py:766] *****************************************
W0828 19:26:44.667000 30879 site-packages/torch/distributed/run.py:766] Setting OMP_NUM_THREADS environment variable for each process to be 1 in default, to avoid your system being overloaded, please further tune the variable for optimal performance in your application as needed. 
W0828 19:26:44.667000 30879 site-packages/torch/distributed/run.py:766] *****************************************
<frozen importlib._bootstrap_external>:1301: FutureWarning: The cuda.cuda module is deprecated and will be removed in a future release, please switch to use the cuda.bindings.driver module instead.
<frozen importlib._bootstrap_external>:1301: FutureWarning: The cuda.cudart module is deprecated and will be removed in a future release, please switch to use the cuda.bindings.runtime module instead.
<frozen importlib._bootstrap_external>:1301: FutureWarning: The cuda.cuda module is deprecated and will be removed in a future release, please switch to use the cuda.bindings.driver module instead.
<frozen importlib._bootstrap_external>:1301: FutureWarning: The cuda.cudart module is deprecated and will be removed in a future release, please switch to use the cuda.bindings.runtime module instead.
<frozen importlib._bootstrap_external>:1301: FutureWarning: The cuda.cuda module is deprecated and will be removed in a future release, please switch to use the cuda.bindings.driver module instead.
<frozen importlib._bootstrap_external>:1301: FutureWarning: The cuda.cudart module is deprecated and will be removed in a future release, please switch to use the cuda.bindings.runtime module instead.
<frozen importlib._bootstrap_external>:1301: FutureWarning: The cuda.cuda module is deprecated and will be removed in a future release, please switch to use the cuda.bindings.driver module instead.
<frozen importlib._bootstrap_external>:1301: FutureWarning: The cuda.cudart module is deprecated and will be removed in a future release, please switch to use the cuda.bindings.runtime module instead.
/root/Triton-distributed/python/triton_dist/kernels/nvidia/comm_perf_model.py:78: UserWarning: can not get max bandwidth of interface bonding_masters, return 0...
  warnings.warn(f"can not get max bandwidth of interface {interface}, return 0...")
/root/Triton-distributed/python/triton_dist/kernels/nvidia/comm_perf_model.py:78: UserWarning: can not get max bandwidth of interface bonding_masters, return 0...
  warnings.warn(f"can not get max bandwidth of interface {interface}, return 0...")
/root/Triton-distributed/python/triton_dist/kernels/nvidia/comm_perf_model.py:78: UserWarning: can not get max bandwidth of interface bonding_masters, return 0...
  warnings.warn(f"can not get max bandwidth of interface {interface}, return 0...")
/root/Triton-distributed/python/triton_dist/kernels/nvidia/comm_perf_model.py:78: UserWarning: can not get max bandwidth of interface bonding_masters, return 0...
  warnings.warn(f"can not get max bandwidth of interface {interface}, return 0...")
[search][coarse] candidate 27/64: max_total=6.5000 ms, mean_total=6.4450 ms, speedup_mean=0.8675, speedup_min=0.8600, overlap_mean=17.45%, lead_ratio=1.000 | chunk=512, window=4, stage=4, steady_sms=4, tail_sms=16, lanes=1, bands=1, frontier=2
[custom] test shape: M 8192, N 29568, K 8192
✅ all close!
✅ all close!
✅ all close!
✅ all close!
Rank 0 [custom] latency (ms): torch_total=5.58, torch_gemm_only=3.74, torch_rs_only=2.02, v2_total=6.53, v2_gemm_only=4.85, v2_rs_only=3.48, v2_internal_overlap=21.67%, v2_speedup_vs_torch=0.85, v2_speedup_vs_old=nan, chunk_rows=512, num_chunks=4, active_chunk_window=4, stage_slots=4, comm_lanes=2, n_bands=1, frontier_chunks=2
Rank 1 [custom] latency (ms): torch_total=5.56, torch_gemm_only=3.74, torch_rs_only=2.05, v2_total=6.31, v2_gemm_only=4.84, v2_rs_only=3.44, v2_internal_overlap=23.77%, v2_speedup_vs_torch=0.88, v2_speedup_vs_old=nan, chunk_rows=512, num_chunks=4, active_chunk_window=4, stage_slots=4, comm_lanes=2, n_bands=1, frontier_chunks=2
Rank 2 [custom] latency (ms): torch_total=5.56, torch_gemm_only=3.75, torch_rs_only=2.04, v2_total=6.48, v2_gemm_only=4.85, v2_rs_only=3.36, v2_internal_overlap=21.08%, v2_speedup_vs_torch=0.86, v2_speedup_vs_old=nan, chunk_rows=512, num_chunks=4, active_chunk_window=4, stage_slots=4, comm_lanes=2, n_bands=1, frontier_chunks=2
Rank 3 [custom] latency (ms): torch_total=5.57, torch_gemm_only=3.79, torch_rs_only=2.02, v2_total=6.41, v2_gemm_only=4.85, v2_rs_only=3.47, v2_internal_overlap=23.01%, v2_speedup_vs_torch=0.87, v2_speedup_vs_old=nan, chunk_rows=512, num_chunks=4, active_chunk_window=4, stage_slots=4, comm_lanes=2, n_bands=1, frontier_chunks=2
W0828 19:26:55.730000 31535 site-packages/torch/distributed/run.py:766] 
W0828 19:26:55.730000 31535 site-packages/torch/distributed/run.py:766] *****************************************
W0828 19:26:55.730000 31535 site-packages/torch/distributed/run.py:766] Setting OMP_NUM_THREADS environment variable for each process to be 1 in default, to avoid your system being overloaded, please further tune the variable for optimal performance in your application as needed. 
W0828 19:26:55.730000 31535 site-packages/torch/distributed/run.py:766] *****************************************
<frozen importlib._bootstrap_external>:1301: FutureWarning: The cuda.cuda module is deprecated and will be removed in a future release, please switch to use the cuda.bindings.driver module instead.
<frozen importlib._bootstrap_external>:1301: FutureWarning: The cuda.cudart module is deprecated and will be removed in a future release, please switch to use the cuda.bindings.runtime module instead.
<frozen importlib._bootstrap_external>:1301: FutureWarning: The cuda.cuda module is deprecated and will be removed in a future release, please switch to use the cuda.bindings.driver module instead.
<frozen importlib._bootstrap_external>:1301: FutureWarning: The cuda.cudart module is deprecated and will be removed in a future release, please switch to use the cuda.bindings.runtime module instead.
<frozen importlib._bootstrap_external>:1301: FutureWarning: The cuda.cuda module is deprecated and will be removed in a future release, please switch to use the cuda.bindings.driver module instead.
<frozen importlib._bootstrap_external>:1301: FutureWarning: The cuda.cudart module is deprecated and will be removed in a future release, please switch to use the cuda.bindings.runtime module instead.
<frozen importlib._bootstrap_external>:1301: FutureWarning: The cuda.cuda module is deprecated and will be removed in a future release, please switch to use the cuda.bindings.driver module instead.
<frozen importlib._bootstrap_external>:1301: FutureWarning: The cuda.cudart module is deprecated and will be removed in a future release, please switch to use the cuda.bindings.runtime module instead.
/root/Triton-distributed/python/triton_dist/kernels/nvidia/comm_perf_model.py:78: UserWarning: can not get max bandwidth of interface bonding_masters, return 0...
  warnings.warn(f"can not get max bandwidth of interface {interface}, return 0...")
/root/Triton-distributed/python/triton_dist/kernels/nvidia/comm_perf_model.py:78: UserWarning: can not get max bandwidth of interface bonding_masters, return 0...
  warnings.warn(f"can not get max bandwidth of interface {interface}, return 0...")
/root/Triton-distributed/python/triton_dist/kernels/nvidia/comm_perf_model.py:78: UserWarning: can not get max bandwidth of interface bonding_masters, return 0...
  warnings.warn(f"can not get max bandwidth of interface {interface}, return 0...")
/root/Triton-distributed/python/triton_dist/kernels/nvidia/comm_perf_model.py:78: UserWarning: can not get max bandwidth of interface bonding_masters, return 0...
  warnings.warn(f"can not get max bandwidth of interface {interface}, return 0...")
[search][coarse] candidate 28/64: max_total=6.5300 ms, mean_total=6.4325 ms, speedup_mean=0.8650, speedup_min=0.8500, overlap_mean=22.38%, lead_ratio=1.000 | chunk=512, window=4, stage=4, steady_sms=4, tail_sms=16, lanes=2, bands=1, frontier=2
[custom] test shape: M 8192, N 29568, K 8192
✅ all close!
✅ all close!
✅ all close!
✅ all close!
Rank 0 [custom] latency (ms): torch_total=5.61, torch_gemm_only=3.74, torch_rs_only=2.09, v2_total=6.29, v2_gemm_only=4.82, v2_rs_only=2.99, v2_internal_overlap=19.44%, v2_speedup_vs_torch=0.89, v2_speedup_vs_old=nan, chunk_rows=512, num_chunks=4, active_chunk_window=4, stage_slots=4, comm_lanes=1, n_bands=1, frontier_chunks=2
Rank 1 [custom] latency (ms): torch_total=5.60, torch_gemm_only=3.74, torch_rs_only=2.08, v2_total=6.38, v2_gemm_only=4.84, v2_rs_only=2.93, v2_internal_overlap=17.86%, v2_speedup_vs_torch=0.88, v2_speedup_vs_old=nan, chunk_rows=512, num_chunks=4, active_chunk_window=4, stage_slots=4, comm_lanes=1, n_bands=1, frontier_chunks=2
Rank 2 [custom] latency (ms): torch_total=5.61, torch_gemm_only=3.74, torch_rs_only=2.10, v2_total=6.05, v2_gemm_only=4.85, v2_rs_only=2.93, v2_internal_overlap=22.18%, v2_speedup_vs_torch=0.93, v2_speedup_vs_old=nan, chunk_rows=512, num_chunks=4, active_chunk_window=4, stage_slots=4, comm_lanes=1, n_bands=1, frontier_chunks=2
Rank 3 [custom] latency (ms): torch_total=5.61, torch_gemm_only=3.82, torch_rs_only=2.10, v2_total=6.14, v2_gemm_only=4.85, v2_rs_only=2.96, v2_internal_overlap=21.41%, v2_speedup_vs_torch=0.91, v2_speedup_vs_old=nan, chunk_rows=512, num_chunks=4, active_chunk_window=4, stage_slots=4, comm_lanes=1, n_bands=1, frontier_chunks=2
W0828 19:27:06.628000 32209 site-packages/torch/distributed/run.py:766] 
W0828 19:27:06.628000 32209 site-packages/torch/distributed/run.py:766] *****************************************
W0828 19:27:06.628000 32209 site-packages/torch/distributed/run.py:766] Setting OMP_NUM_THREADS environment variable for each process to be 1 in default, to avoid your system being overloaded, please further tune the variable for optimal performance in your application as needed. 
W0828 19:27:06.628000 32209 site-packages/torch/distributed/run.py:766] *****************************************
<frozen importlib._bootstrap_external>:1301: FutureWarning: The cuda.cuda module is deprecated and will be removed in a future release, please switch to use the cuda.bindings.driver module instead.
<frozen importlib._bootstrap_external>:1301: FutureWarning: The cuda.cudart module is deprecated and will be removed in a future release, please switch to use the cuda.bindings.runtime module instead.
<frozen importlib._bootstrap_external>:1301: FutureWarning: The cuda.cuda module is deprecated and will be removed in a future release, please switch to use the cuda.bindings.driver module instead.
<frozen importlib._bootstrap_external>:1301: FutureWarning: The cuda.cudart module is deprecated and will be removed in a future release, please switch to use the cuda.bindings.runtime module instead.
<frozen importlib._bootstrap_external>:1301: FutureWarning: The cuda.cuda module is deprecated and will be removed in a future release, please switch to use the cuda.bindings.driver module instead.
<frozen importlib._bootstrap_external>:1301: FutureWarning: The cuda.cudart module is deprecated and will be removed in a future release, please switch to use the cuda.bindings.runtime module instead.
<frozen importlib._bootstrap_external>:1301: FutureWarning: The cuda.cuda module is deprecated and will be removed in a future release, please switch to use the cuda.bindings.driver module instead.
<frozen importlib._bootstrap_external>:1301: FutureWarning: The cuda.cudart module is deprecated and will be removed in a future release, please switch to use the cuda.bindings.runtime module instead.
/root/Triton-distributed/python/triton_dist/kernels/nvidia/comm_perf_model.py:78: UserWarning: can not get max bandwidth of interface bonding_masters, return 0...
  warnings.warn(f"can not get max bandwidth of interface {interface}, return 0...")
/root/Triton-distributed/python/triton_dist/kernels/nvidia/comm_perf_model.py:78: UserWarning: can not get max bandwidth of interface bonding_masters, return 0...
  warnings.warn(f"can not get max bandwidth of interface {interface}, return 0...")
/root/Triton-distributed/python/triton_dist/kernels/nvidia/comm_perf_model.py:78: UserWarning: can not get max bandwidth of interface bonding_masters, return 0...
  warnings.warn(f"can not get max bandwidth of interface {interface}, return 0...")
/root/Triton-distributed/python/triton_dist/kernels/nvidia/comm_perf_model.py:78: UserWarning: can not get max bandwidth of interface bonding_masters, return 0...
  warnings.warn(f"can not get max bandwidth of interface {interface}, return 0...")
[search][coarse] candidate 29/64: max_total=6.3800 ms, mean_total=6.2150 ms, speedup_mean=0.9025, speedup_min=0.8800, overlap_mean=20.22%, lead_ratio=1.000 | chunk=512, window=4, stage=4, steady_sms=6, tail_sms=12, lanes=1, bands=1, frontier=2
[custom] test shape: M 8192, N 29568, K 8192
✅ all close!
✅ all close!
✅ all close!
✅ all close!
Rank 0 [custom] latency (ms): torch_total=5.56, torch_gemm_only=3.75, torch_rs_only=2.11, v2_total=6.07, v2_gemm_only=4.85, v2_rs_only=3.23, v2_internal_overlap=24.90%, v2_speedup_vs_torch=0.92, v2_speedup_vs_old=nan, chunk_rows=512, num_chunks=4, active_chunk_window=4, stage_slots=4, comm_lanes=2, n_bands=1, frontier_chunks=2
Rank 1 [custom] latency (ms): torch_total=5.56, torch_gemm_only=3.74, torch_rs_only=2.10, v2_total=6.11, v2_gemm_only=4.83, v2_rs_only=3.23, v2_internal_overlap=24.15%, v2_speedup_vs_torch=0.91, v2_speedup_vs_old=nan, chunk_rows=512, num_chunks=4, active_chunk_window=4, stage_slots=4, comm_lanes=2, n_bands=1, frontier_chunks=2
Rank 2 [custom] latency (ms): torch_total=5.56, torch_gemm_only=3.75, torch_rs_only=2.11, v2_total=5.96, v2_gemm_only=4.85, v2_rs_only=3.36, v2_internal_overlap=27.40%, v2_speedup_vs_torch=0.93, v2_speedup_vs_old=nan, chunk_rows=512, num_chunks=4, active_chunk_window=4, stage_slots=4, comm_lanes=2, n_bands=1, frontier_chunks=2
Rank 3 [custom] latency (ms): torch_total=5.58, torch_gemm_only=3.80, torch_rs_only=2.14, v2_total=5.95, v2_gemm_only=4.87, v2_rs_only=3.32, v2_internal_overlap=27.28%, v2_speedup_vs_torch=0.94, v2_speedup_vs_old=nan, chunk_rows=512, num_chunks=4, active_chunk_window=4, stage_slots=4, comm_lanes=2, n_bands=1, frontier_chunks=2
W0828 19:27:17.509000 32874 site-packages/torch/distributed/run.py:766] 
W0828 19:27:17.509000 32874 site-packages/torch/distributed/run.py:766] *****************************************
W0828 19:27:17.509000 32874 site-packages/torch/distributed/run.py:766] Setting OMP_NUM_THREADS environment variable for each process to be 1 in default, to avoid your system being overloaded, please further tune the variable for optimal performance in your application as needed. 
W0828 19:27:17.509000 32874 site-packages/torch/distributed/run.py:766] *****************************************
<frozen importlib._bootstrap_external>:1301: FutureWarning: The cuda.cuda module is deprecated and will be removed in a future release, please switch to use the cuda.bindings.driver module instead.
<frozen importlib._bootstrap_external>:1301: FutureWarning: The cuda.cudart module is deprecated and will be removed in a future release, please switch to use the cuda.bindings.runtime module instead.
<frozen importlib._bootstrap_external>:1301: FutureWarning: The cuda.cuda module is deprecated and will be removed in a future release, please switch to use the cuda.bindings.driver module instead.
<frozen importlib._bootstrap_external>:1301: FutureWarning: The cuda.cudart module is deprecated and will be removed in a future release, please switch to use the cuda.bindings.runtime module instead.
<frozen importlib._bootstrap_external>:1301: FutureWarning: The cuda.cuda module is deprecated and will be removed in a future release, please switch to use the cuda.bindings.driver module instead.
<frozen importlib._bootstrap_external>:1301: FutureWarning: The cuda.cudart module is deprecated and will be removed in a future release, please switch to use the cuda.bindings.runtime module instead.
<frozen importlib._bootstrap_external>:1301: FutureWarning: The cuda.cuda module is deprecated and will be removed in a future release, please switch to use the cuda.bindings.driver module instead.
<frozen importlib._bootstrap_external>:1301: FutureWarning: The cuda.cudart module is deprecated and will be removed in a future release, please switch to use the cuda.bindings.runtime module instead.
/root/Triton-distributed/python/triton_dist/kernels/nvidia/comm_perf_model.py:78: UserWarning: can not get max bandwidth of interface bonding_masters, return 0...
  warnings.warn(f"can not get max bandwidth of interface {interface}, return 0...")
/root/Triton-distributed/python/triton_dist/kernels/nvidia/comm_perf_model.py:78: UserWarning: can not get max bandwidth of interface bonding_masters, return 0...
  warnings.warn(f"can not get max bandwidth of interface {interface}, return 0...")
/root/Triton-distributed/python/triton_dist/kernels/nvidia/comm_perf_model.py:78: UserWarning: can not get max bandwidth of interface bonding_masters, return 0...
  warnings.warn(f"can not get max bandwidth of interface {interface}, return 0...")
/root/Triton-distributed/python/triton_dist/kernels/nvidia/comm_perf_model.py:78: UserWarning: can not get max bandwidth of interface bonding_masters, return 0...
  warnings.warn(f"can not get max bandwidth of interface {interface}, return 0...")
[search][coarse] candidate 30/64: max_total=6.1100 ms, mean_total=6.0225 ms, speedup_mean=0.9250, speedup_min=0.9100, overlap_mean=25.93%, lead_ratio=1.000 | chunk=512, window=4, stage=4, steady_sms=6, tail_sms=12, lanes=2, bands=1, frontier=2
[custom] test shape: M 8192, N 29568, K 8192
✅ all close!
✅ all close!
✅ all close!
✅ all close!
Rank 0 [custom] latency (ms): torch_total=5.55, torch_gemm_only=3.76, torch_rs_only=2.08, v2_total=6.20, v2_gemm_only=4.87, v2_rs_only=3.08, v2_internal_overlap=22.04%, v2_speedup_vs_torch=0.90, v2_speedup_vs_old=nan, chunk_rows=512, num_chunks=4, active_chunk_window=4, stage_slots=4, comm_lanes=1, n_bands=1, frontier_chunks=2
Rank 1 [custom] latency (ms): torch_total=5.56, torch_gemm_only=3.74, torch_rs_only=2.09, v2_total=6.25, v2_gemm_only=4.83, v2_rs_only=2.88, v2_internal_overlap=18.94%, v2_speedup_vs_torch=0.89, v2_speedup_vs_old=nan, chunk_rows=512, num_chunks=4, active_chunk_window=4, stage_slots=4, comm_lanes=1, n_bands=1, frontier_chunks=2
Rank 2 [custom] latency (ms): torch_total=5.54, torch_gemm_only=3.74, torch_rs_only=2.09, v2_total=5.98, v2_gemm_only=4.85, v2_rs_only=2.90, v2_internal_overlap=22.89%, v2_speedup_vs_torch=0.93, v2_speedup_vs_old=nan, chunk_rows=512, num_chunks=4, active_chunk_window=4, stage_slots=4, comm_lanes=1, n_bands=1, frontier_chunks=2
Rank 3 [custom] latency (ms): torch_total=5.58, torch_gemm_only=3.78, torch_rs_only=2.11, v2_total=6.05, v2_gemm_only=4.91, v2_rs_only=3.02, v2_internal_overlap=23.66%, v2_speedup_vs_torch=0.92, v2_speedup_vs_old=nan, chunk_rows=512, num_chunks=4, active_chunk_window=4, stage_slots=4, comm_lanes=1, n_bands=1, frontier_chunks=2
W0828 19:27:28.367000 33525 site-packages/torch/distributed/run.py:766] 
W0828 19:27:28.367000 33525 site-packages/torch/distributed/run.py:766] *****************************************
W0828 19:27:28.367000 33525 site-packages/torch/distributed/run.py:766] Setting OMP_NUM_THREADS environment variable for each process to be 1 in default, to avoid your system being overloaded, please further tune the variable for optimal performance in your application as needed. 
W0828 19:27:28.367000 33525 site-packages/torch/distributed/run.py:766] *****************************************
<frozen importlib._bootstrap_external>:1301: FutureWarning: The cuda.cuda module is deprecated and will be removed in a future release, please switch to use the cuda.bindings.driver module instead.
<frozen importlib._bootstrap_external>:1301: FutureWarning: The cuda.cudart module is deprecated and will be removed in a future release, please switch to use the cuda.bindings.runtime module instead.
<frozen importlib._bootstrap_external>:1301: FutureWarning: The cuda.cuda module is deprecated and will be removed in a future release, please switch to use the cuda.bindings.driver module instead.
<frozen importlib._bootstrap_external>:1301: FutureWarning: The cuda.cudart module is deprecated and will be removed in a future release, please switch to use the cuda.bindings.runtime module instead.
<frozen importlib._bootstrap_external>:1301: FutureWarning: The cuda.cuda module is deprecated and will be removed in a future release, please switch to use the cuda.bindings.driver module instead.
<frozen importlib._bootstrap_external>:1301: FutureWarning: The cuda.cudart module is deprecated and will be removed in a future release, please switch to use the cuda.bindings.runtime module instead.
<frozen importlib._bootstrap_external>:1301: FutureWarning: The cuda.cuda module is deprecated and will be removed in a future release, please switch to use the cuda.bindings.driver module instead.
<frozen importlib._bootstrap_external>:1301: FutureWarning: The cuda.cudart module is deprecated and will be removed in a future release, please switch to use the cuda.bindings.runtime module instead.
/root/Triton-distributed/python/triton_dist/kernels/nvidia/comm_perf_model.py:78: UserWarning: can not get max bandwidth of interface bonding_masters, return 0...
  warnings.warn(f"can not get max bandwidth of interface {interface}, return 0...")
/root/Triton-distributed/python/triton_dist/kernels/nvidia/comm_perf_model.py:78: UserWarning: can not get max bandwidth of interface bonding_masters, return 0...
  warnings.warn(f"can not get max bandwidth of interface {interface}, return 0...")
/root/Triton-distributed/python/triton_dist/kernels/nvidia/comm_perf_model.py:78: UserWarning: can not get max bandwidth of interface bonding_masters, return 0...
  warnings.warn(f"can not get max bandwidth of interface {interface}, return 0...")
/root/Triton-distributed/python/triton_dist/kernels/nvidia/comm_perf_model.py:78: UserWarning: can not get max bandwidth of interface bonding_masters, return 0...
  warnings.warn(f"can not get max bandwidth of interface {interface}, return 0...")
[search][coarse] candidate 31/64: max_total=6.2500 ms, mean_total=6.1200 ms, speedup_mean=0.9100, speedup_min=0.8900, overlap_mean=21.88%, lead_ratio=1.000 | chunk=512, window=4, stage=4, steady_sms=6, tail_sms=16, lanes=1, bands=1, frontier=2
[custom] test shape: M 8192, N 29568, K 8192
✅ all close!
✅ all close!
✅ all close!
✅ all close!
Rank 0 [custom] latency (ms): torch_total=5.57, torch_gemm_only=3.80, torch_rs_only=2.08, v2_total=6.14, v2_gemm_only=4.82, v2_rs_only=3.13, v2_internal_overlap=22.79%, v2_speedup_vs_torch=0.91, v2_speedup_vs_old=nan, chunk_rows=512, num_chunks=4, active_chunk_window=4, stage_slots=4, comm_lanes=2, n_bands=1, frontier_chunks=2
Rank 1 [custom] latency (ms): torch_total=5.57, torch_gemm_only=3.74, torch_rs_only=2.07, v2_total=6.22, v2_gemm_only=4.83, v2_rs_only=3.08, v2_internal_overlap=21.45%, v2_speedup_vs_torch=0.90, v2_speedup_vs_old=nan, chunk_rows=512, num_chunks=4, active_chunk_window=4, stage_slots=4, comm_lanes=2, n_bands=1, frontier_chunks=2
Rank 2 [custom] latency (ms): torch_total=5.56, torch_gemm_only=3.80, torch_rs_only=2.09, v2_total=6.01, v2_gemm_only=4.79, v2_rs_only=3.03, v2_internal_overlap=23.09%, v2_speedup_vs_torch=0.93, v2_speedup_vs_old=nan, chunk_rows=512, num_chunks=4, active_chunk_window=4, stage_slots=4, comm_lanes=2, n_bands=1, frontier_chunks=2
Rank 3 [custom] latency (ms): torch_total=5.58, torch_gemm_only=3.78, torch_rs_only=2.10, v2_total=6.12, v2_gemm_only=4.89, v2_rs_only=3.12, v2_internal_overlap=23.59%, v2_speedup_vs_torch=0.91, v2_speedup_vs_old=nan, chunk_rows=512, num_chunks=4, active_chunk_window=4, stage_slots=4, comm_lanes=2, n_bands=1, frontier_chunks=2
W0828 19:27:39.537000 34176 site-packages/torch/distributed/run.py:766] 
W0828 19:27:39.537000 34176 site-packages/torch/distributed/run.py:766] *****************************************
W0828 19:27:39.537000 34176 site-packages/torch/distributed/run.py:766] Setting OMP_NUM_THREADS environment variable for each process to be 1 in default, to avoid your system being overloaded, please further tune the variable for optimal performance in your application as needed. 
W0828 19:27:39.537000 34176 site-packages/torch/distributed/run.py:766] *****************************************
<frozen importlib._bootstrap_external>:1301: FutureWarning: The cuda.cuda module is deprecated and will be removed in a future release, please switch to use the cuda.bindings.driver module instead.
<frozen importlib._bootstrap_external>:1301: FutureWarning: The cuda.cudart module is deprecated and will be removed in a future release, please switch to use the cuda.bindings.runtime module instead.
<frozen importlib._bootstrap_external>:1301: FutureWarning: The cuda.cuda module is deprecated and will be removed in a future release, please switch to use the cuda.bindings.driver module instead.
<frozen importlib._bootstrap_external>:1301: FutureWarning: The cuda.cudart module is deprecated and will be removed in a future release, please switch to use the cuda.bindings.runtime module instead.
<frozen importlib._bootstrap_external>:1301: FutureWarning: The cuda.cuda module is deprecated and will be removed in a future release, please switch to use the cuda.bindings.driver module instead.
<frozen importlib._bootstrap_external>:1301: FutureWarning: The cuda.cudart module is deprecated and will be removed in a future release, please switch to use the cuda.bindings.runtime module instead.
<frozen importlib._bootstrap_external>:1301: FutureWarning: The cuda.cuda module is deprecated and will be removed in a future release, please switch to use the cuda.bindings.driver module instead.
<frozen importlib._bootstrap_external>:1301: FutureWarning: The cuda.cudart module is deprecated and will be removed in a future release, please switch to use the cuda.bindings.runtime module instead.
/root/Triton-distributed/python/triton_dist/kernels/nvidia/comm_perf_model.py:78: UserWarning: can not get max bandwidth of interface bonding_masters, return 0...
  warnings.warn(f"can not get max bandwidth of interface {interface}, return 0...")
/root/Triton-distributed/python/triton_dist/kernels/nvidia/comm_perf_model.py:78: UserWarning: can not get max bandwidth of interface bonding_masters, return 0...
  warnings.warn(f"can not get max bandwidth of interface {interface}, return 0...")
/root/Triton-distributed/python/triton_dist/kernels/nvidia/comm_perf_model.py:78: UserWarning: can not get max bandwidth of interface bonding_masters, return 0...
  warnings.warn(f"can not get max bandwidth of interface {interface}, return 0...")
/root/Triton-distributed/python/triton_dist/kernels/nvidia/comm_perf_model.py:78: UserWarning: can not get max bandwidth of interface bonding_masters, return 0...
  warnings.warn(f"can not get max bandwidth of interface {interface}, return 0...")
[search][coarse] candidate 32/64: max_total=6.2200 ms, mean_total=6.1225 ms, speedup_mean=0.9125, speedup_min=0.9000, overlap_mean=22.73%, lead_ratio=1.000 | chunk=512, window=4, stage=4, steady_sms=6, tail_sms=16, lanes=2, bands=1, frontier=2
[custom] test shape: M 8192, N 29568, K 8192
✅ all close!
✅ all close!
✅ all close!
✅ all close!
Rank 0 [custom] latency (ms): torch_total=5.59, torch_gemm_only=3.74, torch_rs_only=2.11, v2_total=6.59, v2_gemm_only=5.16, v2_rs_only=3.18, v2_internal_overlap=21.07%, v2_speedup_vs_torch=0.85, v2_speedup_vs_old=nan, chunk_rows=512, num_chunks=4, active_chunk_window=4, stage_slots=2, comm_lanes=1, n_bands=2, frontier_chunks=1
Rank 1 [custom] latency (ms): torch_total=5.57, torch_gemm_only=3.73, torch_rs_only=2.07, v2_total=6.49, v2_gemm_only=4.89, v2_rs_only=3.17, v2_internal_overlap=19.49%, v2_speedup_vs_torch=0.86, v2_speedup_vs_old=nan, chunk_rows=512, num_chunks=4, active_chunk_window=4, stage_slots=2, comm_lanes=1, n_bands=2, frontier_chunks=1
Rank 2 [custom] latency (ms): torch_total=5.56, torch_gemm_only=3.73, torch_rs_only=2.07, v2_total=7.21, v2_gemm_only=5.95, v2_rs_only=3.38, v2_internal_overlap=22.67%, v2_speedup_vs_torch=0.77, v2_speedup_vs_old=nan, chunk_rows=512, num_chunks=4, active_chunk_window=4, stage_slots=2, comm_lanes=1, n_bands=2, frontier_chunks=1
Rank 3 [custom] latency (ms): torch_total=5.56, torch_gemm_only=3.79, torch_rs_only=2.08, v2_total=7.22, v2_gemm_only=5.99, v2_rs_only=3.30, v2_internal_overlap=22.29%, v2_speedup_vs_torch=0.77, v2_speedup_vs_old=nan, chunk_rows=512, num_chunks=4, active_chunk_window=4, stage_slots=2, comm_lanes=1, n_bands=2, frontier_chunks=1
W0828 19:27:50.524000 34846 site-packages/torch/distributed/run.py:766] 
W0828 19:27:50.524000 34846 site-packages/torch/distributed/run.py:766] *****************************************
W0828 19:27:50.524000 34846 site-packages/torch/distributed/run.py:766] Setting OMP_NUM_THREADS environment variable for each process to be 1 in default, to avoid your system being overloaded, please further tune the variable for optimal performance in your application as needed. 
W0828 19:27:50.524000 34846 site-packages/torch/distributed/run.py:766] *****************************************
<frozen importlib._bootstrap_external>:1301: FutureWarning: The cuda.cuda module is deprecated and will be removed in a future release, please switch to use the cuda.bindings.driver module instead.
<frozen importlib._bootstrap_external>:1301: FutureWarning: The cuda.cudart module is deprecated and will be removed in a future release, please switch to use the cuda.bindings.runtime module instead.
<frozen importlib._bootstrap_external>:1301: FutureWarning: The cuda.cuda module is deprecated and will be removed in a future release, please switch to use the cuda.bindings.driver module instead.
<frozen importlib._bootstrap_external>:1301: FutureWarning: The cuda.cudart module is deprecated and will be removed in a future release, please switch to use the cuda.bindings.runtime module instead.
<frozen importlib._bootstrap_external>:1301: FutureWarning: The cuda.cuda module is deprecated and will be removed in a future release, please switch to use the cuda.bindings.driver module instead.
<frozen importlib._bootstrap_external>:1301: FutureWarning: The cuda.cudart module is deprecated and will be removed in a future release, please switch to use the cuda.bindings.runtime module instead.
<frozen importlib._bootstrap_external>:1301: FutureWarning: The cuda.cuda module is deprecated and will be removed in a future release, please switch to use the cuda.bindings.driver module instead.
<frozen importlib._bootstrap_external>:1301: FutureWarning: The cuda.cudart module is deprecated and will be removed in a future release, please switch to use the cuda.bindings.runtime module instead.
/root/Triton-distributed/python/triton_dist/kernels/nvidia/comm_perf_model.py:78: UserWarning: can not get max bandwidth of interface bonding_masters, return 0...
  warnings.warn(f"can not get max bandwidth of interface {interface}, return 0...")
/root/Triton-distributed/python/triton_dist/kernels/nvidia/comm_perf_model.py:78: UserWarning: can not get max bandwidth of interface bonding_masters, return 0...
  warnings.warn(f"can not get max bandwidth of interface {interface}, return 0...")
/root/Triton-distributed/python/triton_dist/kernels/nvidia/comm_perf_model.py:78: UserWarning: can not get max bandwidth of interface bonding_masters, return 0...
  warnings.warn(f"can not get max bandwidth of interface {interface}, return 0...")
/root/Triton-distributed/python/triton_dist/kernels/nvidia/comm_perf_model.py:78: UserWarning: can not get max bandwidth of interface bonding_masters, return 0...
  warnings.warn(f"can not get max bandwidth of interface {interface}, return 0...")
[search][coarse] candidate 33/64: max_total=7.2200 ms, mean_total=6.8775 ms, speedup_mean=0.8125, speedup_min=0.7700, overlap_mean=21.38%, lead_ratio=4.000 | chunk=512, window=4, stage=2, steady_sms=4, tail_sms=12, lanes=1, bands=2, frontier=1
[custom] test shape: M 8192, N 29568, K 8192
✅ all close!
✅ all close!
✅ all close!
✅ all close!
Rank 0 [custom] latency (ms): torch_total=5.56, torch_gemm_only=3.74, torch_rs_only=2.10, v2_total=6.04, v2_gemm_only=4.90, v2_rs_only=3.17, v2_internal_overlap=25.09%, v2_speedup_vs_torch=0.92, v2_speedup_vs_old=nan, chunk_rows=512, num_chunks=4, active_chunk_window=4, stage_slots=2, comm_lanes=2, n_bands=2, frontier_chunks=1
Rank 1 [custom] latency (ms): torch_total=5.56, torch_gemm_only=3.74, torch_rs_only=2.07, v2_total=6.05, v2_gemm_only=4.90, v2_rs_only=3.25, v2_internal_overlap=25.87%, v2_speedup_vs_torch=0.92, v2_speedup_vs_old=nan, chunk_rows=512, num_chunks=4, active_chunk_window=4, stage_slots=2, comm_lanes=2, n_bands=2, frontier_chunks=1
Rank 2 [custom] latency (ms): torch_total=5.55, torch_gemm_only=3.73, torch_rs_only=2.07, v2_total=6.32, v2_gemm_only=5.18, v2_rs_only=3.25, v2_internal_overlap=24.93%, v2_speedup_vs_torch=0.88, v2_speedup_vs_old=nan, chunk_rows=512, num_chunks=4, active_chunk_window=4, stage_slots=2, comm_lanes=2, n_bands=2, frontier_chunks=1
Rank 3 [custom] latency (ms): torch_total=5.57, torch_gemm_only=3.77, torch_rs_only=2.10, v2_total=6.04, v2_gemm_only=4.92, v2_rs_only=3.17, v2_internal_overlap=25.30%, v2_speedup_vs_torch=0.92, v2_speedup_vs_old=nan, chunk_rows=512, num_chunks=4, active_chunk_window=4, stage_slots=2, comm_lanes=2, n_bands=2, frontier_chunks=1
W0828 19:28:21.924000 35783 site-packages/torch/distributed/run.py:766] 
W0828 19:28:21.924000 35783 site-packages/torch/distributed/run.py:766] *****************************************
W0828 19:28:21.924000 35783 site-packages/torch/distributed/run.py:766] Setting OMP_NUM_THREADS environment variable for each process to be 1 in default, to avoid your system being overloaded, please further tune the variable for optimal performance in your application as needed. 
W0828 19:28:21.924000 35783 site-packages/torch/distributed/run.py:766] *****************************************
<frozen importlib._bootstrap_external>:1301: FutureWarning: The cuda.cuda module is deprecated and will be removed in a future release, please switch to use the cuda.bindings.driver module instead.
<frozen importlib._bootstrap_external>:1301: FutureWarning: The cuda.cudart module is deprecated and will be removed in a future release, please switch to use the cuda.bindings.runtime module instead.
<frozen importlib._bootstrap_external>:1301: FutureWarning: The cuda.cuda module is deprecated and will be removed in a future release, please switch to use the cuda.bindings.driver module instead.
<frozen importlib._bootstrap_external>:1301: FutureWarning: The cuda.cudart module is deprecated and will be removed in a future release, please switch to use the cuda.bindings.runtime module instead.
<frozen importlib._bootstrap_external>:1301: FutureWarning: The cuda.cuda module is deprecated and will be removed in a future release, please switch to use the cuda.bindings.driver module instead.
<frozen importlib._bootstrap_external>:1301: FutureWarning: The cuda.cudart module is deprecated and will be removed in a future release, please switch to use the cuda.bindings.runtime module instead.
<frozen importlib._bootstrap_external>:1301: FutureWarning: The cuda.cuda module is deprecated and will be removed in a future release, please switch to use the cuda.bindings.driver module instead.
<frozen importlib._bootstrap_external>:1301: FutureWarning: The cuda.cudart module is deprecated and will be removed in a future release, please switch to use the cuda.bindings.runtime module instead.
/root/Triton-distributed/python/triton_dist/kernels/nvidia/comm_perf_model.py:78: UserWarning: can not get max bandwidth of interface bonding_masters, return 0...
  warnings.warn(f"can not get max bandwidth of interface {interface}, return 0...")
/root/Triton-distributed/python/triton_dist/kernels/nvidia/comm_perf_model.py:78: UserWarning: can not get max bandwidth of interface bonding_masters, return 0...
  warnings.warn(f"can not get max bandwidth of interface {interface}, return 0...")
/root/Triton-distributed/python/triton_dist/kernels/nvidia/comm_perf_model.py:78: UserWarning: can not get max bandwidth of interface bonding_masters, return 0...
  warnings.warn(f"can not get max bandwidth of interface {interface}, return 0...")
/root/Triton-distributed/python/triton_dist/kernels/nvidia/comm_perf_model.py:78: UserWarning: can not get max bandwidth of interface bonding_masters, return 0...
  warnings.warn(f"can not get max bandwidth of interface {interface}, return 0...")
[search][coarse] candidate 34/64: max_total=6.3200 ms, mean_total=6.1125 ms, speedup_mean=0.9100, speedup_min=0.8800, overlap_mean=25.30%, lead_ratio=4.000 | chunk=512, window=4, stage=2, steady_sms=4, tail_sms=12, lanes=2, bands=2, frontier=1
[custom] test shape: M 8192, N 29568, K 8192
✅ all close!
✅ all close!
✅ all close!
✅ all close!
Rank 0 [custom] latency (ms): torch_total=5.56, torch_gemm_only=3.72, torch_rs_only=2.08, v2_total=6.01, v2_gemm_only=4.91, v2_rs_only=3.24, v2_internal_overlap=26.29%, v2_speedup_vs_torch=0.93, v2_speedup_vs_old=nan, chunk_rows=512, num_chunks=4, active_chunk_window=4, stage_slots=2, comm_lanes=1, n_bands=2, frontier_chunks=1
Rank 1 [custom] latency (ms): torch_total=5.55, torch_gemm_only=3.74, torch_rs_only=2.10, v2_total=6.01, v2_gemm_only=4.90, v2_rs_only=3.17, v2_internal_overlap=25.54%, v2_speedup_vs_torch=0.92, v2_speedup_vs_old=nan, chunk_rows=512, num_chunks=4, active_chunk_window=4, stage_slots=2, comm_lanes=1, n_bands=2, frontier_chunks=1
Rank 2 [custom] latency (ms): torch_total=5.54, torch_gemm_only=3.73, torch_rs_only=2.07, v2_total=6.35, v2_gemm_only=5.23, v2_rs_only=3.21, v2_internal_overlap=24.80%, v2_speedup_vs_torch=0.87, v2_speedup_vs_old=nan, chunk_rows=512, num_chunks=4, active_chunk_window=4, stage_slots=2, comm_lanes=1, n_bands=2, frontier_chunks=1
Rank 3 [custom] latency (ms): torch_total=5.58, torch_gemm_only=3.79, torch_rs_only=2.09, v2_total=6.01, v2_gemm_only=4.91, v2_rs_only=3.26, v2_internal_overlap=26.38%, v2_speedup_vs_torch=0.93, v2_speedup_vs_old=nan, chunk_rows=512, num_chunks=4, active_chunk_window=4, stage_slots=2, comm_lanes=1, n_bands=2, frontier_chunks=1
W0828 19:28:32.801000 36434 site-packages/torch/distributed/run.py:766] 
W0828 19:28:32.801000 36434 site-packages/torch/distributed/run.py:766] *****************************************
W0828 19:28:32.801000 36434 site-packages/torch/distributed/run.py:766] Setting OMP_NUM_THREADS environment variable for each process to be 1 in default, to avoid your system being overloaded, please further tune the variable for optimal performance in your application as needed. 
W0828 19:28:32.801000 36434 site-packages/torch/distributed/run.py:766] *****************************************
<frozen importlib._bootstrap_external>:1301: FutureWarning: The cuda.cuda module is deprecated and will be removed in a future release, please switch to use the cuda.bindings.driver module instead.
<frozen importlib._bootstrap_external>:1301: FutureWarning: The cuda.cudart module is deprecated and will be removed in a future release, please switch to use the cuda.bindings.runtime module instead.
<frozen importlib._bootstrap_external>:1301: FutureWarning: The cuda.cuda module is deprecated and will be removed in a future release, please switch to use the cuda.bindings.driver module instead.
<frozen importlib._bootstrap_external>:1301: FutureWarning: The cuda.cudart module is deprecated and will be removed in a future release, please switch to use the cuda.bindings.runtime module instead.
<frozen importlib._bootstrap_external>:1301: FutureWarning: The cuda.cuda module is deprecated and will be removed in a future release, please switch to use the cuda.bindings.driver module instead.
<frozen importlib._bootstrap_external>:1301: FutureWarning: The cuda.cudart module is deprecated and will be removed in a future release, please switch to use the cuda.bindings.runtime module instead.
<frozen importlib._bootstrap_external>:1301: FutureWarning: The cuda.cuda module is deprecated and will be removed in a future release, please switch to use the cuda.bindings.driver module instead.
<frozen importlib._bootstrap_external>:1301: FutureWarning: The cuda.cudart module is deprecated and will be removed in a future release, please switch to use the cuda.bindings.runtime module instead.
/root/Triton-distributed/python/triton_dist/kernels/nvidia/comm_perf_model.py:78: UserWarning: can not get max bandwidth of interface bonding_masters, return 0...
  warnings.warn(f"can not get max bandwidth of interface {interface}, return 0...")
/root/Triton-distributed/python/triton_dist/kernels/nvidia/comm_perf_model.py:78: UserWarning: can not get max bandwidth of interface bonding_masters, return 0...
  warnings.warn(f"can not get max bandwidth of interface {interface}, return 0...")
/root/Triton-distributed/python/triton_dist/kernels/nvidia/comm_perf_model.py:78: UserWarning: can not get max bandwidth of interface bonding_masters, return 0...
  warnings.warn(f"can not get max bandwidth of interface {interface}, return 0...")
/root/Triton-distributed/python/triton_dist/kernels/nvidia/comm_perf_model.py:78: UserWarning: can not get max bandwidth of interface bonding_masters, return 0...
  warnings.warn(f"can not get max bandwidth of interface {interface}, return 0...")
[search][coarse] candidate 35/64: max_total=6.3500 ms, mean_total=6.0950 ms, speedup_mean=0.9125, speedup_min=0.8700, overlap_mean=25.75%, lead_ratio=4.000 | chunk=512, window=4, stage=2, steady_sms=4, tail_sms=16, lanes=1, bands=2, frontier=1
[custom] test shape: M 8192, N 29568, K 8192
✅ all close!
✅ all close!
✅ all close!
✅ all close!
Rank 0 [custom] latency (ms): torch_total=5.54, torch_gemm_only=3.73, torch_rs_only=2.03, v2_total=6.00, v2_gemm_only=4.91, v2_rs_only=3.17, v2_internal_overlap=25.76%, v2_speedup_vs_torch=0.92, v2_speedup_vs_old=nan, chunk_rows=512, num_chunks=4, active_chunk_window=4, stage_slots=2, comm_lanes=2, n_bands=2, frontier_chunks=1
Rank 1 [custom] latency (ms): torch_total=5.55, torch_gemm_only=3.74, torch_rs_only=2.00, v2_total=6.00, v2_gemm_only=4.90, v2_rs_only=3.15, v2_internal_overlap=25.47%, v2_speedup_vs_torch=0.92, v2_speedup_vs_old=nan, chunk_rows=512, num_chunks=4, active_chunk_window=4, stage_slots=2, comm_lanes=2, n_bands=2, frontier_chunks=1
Rank 2 [custom] latency (ms): torch_total=5.54, torch_gemm_only=3.73, torch_rs_only=2.01, v2_total=6.01, v2_gemm_only=4.92, v2_rs_only=3.15, v2_internal_overlap=25.55%, v2_speedup_vs_torch=0.92, v2_speedup_vs_old=nan, chunk_rows=512, num_chunks=4, active_chunk_window=4, stage_slots=2, comm_lanes=2, n_bands=2, frontier_chunks=1
Rank 3 [custom] latency (ms): torch_total=5.56, torch_gemm_only=3.79, torch_rs_only=2.03, v2_total=5.99, v2_gemm_only=4.90, v2_rs_only=3.14, v2_internal_overlap=25.51%, v2_speedup_vs_torch=0.93, v2_speedup_vs_old=nan, chunk_rows=512, num_chunks=4, active_chunk_window=4, stage_slots=2, comm_lanes=2, n_bands=2, frontier_chunks=1
W0828 19:28:43.917000 37104 site-packages/torch/distributed/run.py:766] 
W0828 19:28:43.917000 37104 site-packages/torch/distributed/run.py:766] *****************************************
W0828 19:28:43.917000 37104 site-packages/torch/distributed/run.py:766] Setting OMP_NUM_THREADS environment variable for each process to be 1 in default, to avoid your system being overloaded, please further tune the variable for optimal performance in your application as needed. 
W0828 19:28:43.917000 37104 site-packages/torch/distributed/run.py:766] *****************************************
<frozen importlib._bootstrap_external>:1301: FutureWarning: The cuda.cuda module is deprecated and will be removed in a future release, please switch to use the cuda.bindings.driver module instead.
<frozen importlib._bootstrap_external>:1301: FutureWarning: The cuda.cudart module is deprecated and will be removed in a future release, please switch to use the cuda.bindings.runtime module instead.
<frozen importlib._bootstrap_external>:1301: FutureWarning: The cuda.cuda module is deprecated and will be removed in a future release, please switch to use the cuda.bindings.driver module instead.
<frozen importlib._bootstrap_external>:1301: FutureWarning: The cuda.cudart module is deprecated and will be removed in a future release, please switch to use the cuda.bindings.runtime module instead.
<frozen importlib._bootstrap_external>:1301: FutureWarning: The cuda.cuda module is deprecated and will be removed in a future release, please switch to use the cuda.bindings.driver module instead.
<frozen importlib._bootstrap_external>:1301: FutureWarning: The cuda.cudart module is deprecated and will be removed in a future release, please switch to use the cuda.bindings.runtime module instead.
<frozen importlib._bootstrap_external>:1301: FutureWarning: The cuda.cuda module is deprecated and will be removed in a future release, please switch to use the cuda.bindings.driver module instead.
<frozen importlib._bootstrap_external>:1301: FutureWarning: The cuda.cudart module is deprecated and will be removed in a future release, please switch to use the cuda.bindings.runtime module instead.
/root/Triton-distributed/python/triton_dist/kernels/nvidia/comm_perf_model.py:78: UserWarning: can not get max bandwidth of interface bonding_masters, return 0...
  warnings.warn(f"can not get max bandwidth of interface {interface}, return 0...")
/root/Triton-distributed/python/triton_dist/kernels/nvidia/comm_perf_model.py:78: UserWarning: can not get max bandwidth of interface bonding_masters, return 0...
  warnings.warn(f"can not get max bandwidth of interface {interface}, return 0...")
/root/Triton-distributed/python/triton_dist/kernels/nvidia/comm_perf_model.py:78: UserWarning: can not get max bandwidth of interface bonding_masters, return 0...
  warnings.warn(f"can not get max bandwidth of interface {interface}, return 0...")
/root/Triton-distributed/python/triton_dist/kernels/nvidia/comm_perf_model.py:78: UserWarning: can not get max bandwidth of interface bonding_masters, return 0...
  warnings.warn(f"can not get max bandwidth of interface {interface}, return 0...")
[search][coarse] candidate 36/64: max_total=6.0100 ms, mean_total=6.0000 ms, speedup_mean=0.9225, speedup_min=0.9200, overlap_mean=25.57%, lead_ratio=4.000 | chunk=512, window=4, stage=2, steady_sms=4, tail_sms=16, lanes=2, bands=2, frontier=1
[custom] test shape: M 8192, N 29568, K 8192
✅ all close!
✅ all close!
✅ all close!
✅ all close!
Rank 0 [custom] latency (ms): torch_total=5.57, torch_gemm_only=3.74, torch_rs_only=2.09, v2_total=5.80, v2_gemm_only=4.89, v2_rs_only=3.21, v2_internal_overlap=28.44%, v2_speedup_vs_torch=0.96, v2_speedup_vs_old=nan, chunk_rows=512, num_chunks=4, active_chunk_window=4, stage_slots=2, comm_lanes=1, n_bands=2, frontier_chunks=1
Rank 1 [custom] latency (ms): torch_total=5.56, torch_gemm_only=3.74, torch_rs_only=2.09, v2_total=5.75, v2_gemm_only=4.92, v2_rs_only=3.25, v2_internal_overlap=29.55%, v2_speedup_vs_torch=0.97, v2_speedup_vs_old=nan, chunk_rows=512, num_chunks=4, active_chunk_window=4, stage_slots=2, comm_lanes=1, n_bands=2, frontier_chunks=1
Rank 2 [custom] latency (ms): torch_total=5.56, torch_gemm_only=3.75, torch_rs_only=2.13, v2_total=5.75, v2_gemm_only=4.94, v2_rs_only=3.20, v2_internal_overlap=29.36%, v2_speedup_vs_torch=0.97, v2_speedup_vs_old=nan, chunk_rows=512, num_chunks=4, active_chunk_window=4, stage_slots=2, comm_lanes=1, n_bands=2, frontier_chunks=1
Rank 3 [custom] latency (ms): torch_total=5.57, torch_gemm_only=3.79, torch_rs_only=2.10, v2_total=5.77, v2_gemm_only=4.97, v2_rs_only=3.19, v2_internal_overlap=29.24%, v2_speedup_vs_torch=0.96, v2_speedup_vs_old=nan, chunk_rows=512, num_chunks=4, active_chunk_window=4, stage_slots=2, comm_lanes=1, n_bands=2, frontier_chunks=1
W0828 19:28:54.736000 37760 site-packages/torch/distributed/run.py:766] 
W0828 19:28:54.736000 37760 site-packages/torch/distributed/run.py:766] *****************************************
W0828 19:28:54.736000 37760 site-packages/torch/distributed/run.py:766] Setting OMP_NUM_THREADS environment variable for each process to be 1 in default, to avoid your system being overloaded, please further tune the variable for optimal performance in your application as needed. 
W0828 19:28:54.736000 37760 site-packages/torch/distributed/run.py:766] *****************************************
<frozen importlib._bootstrap_external>:1301: FutureWarning: The cuda.cuda module is deprecated and will be removed in a future release, please switch to use the cuda.bindings.driver module instead.
<frozen importlib._bootstrap_external>:1301: FutureWarning: The cuda.cudart module is deprecated and will be removed in a future release, please switch to use the cuda.bindings.runtime module instead.
<frozen importlib._bootstrap_external>:1301: FutureWarning: The cuda.cuda module is deprecated and will be removed in a future release, please switch to use the cuda.bindings.driver module instead.
<frozen importlib._bootstrap_external>:1301: FutureWarning: The cuda.cudart module is deprecated and will be removed in a future release, please switch to use the cuda.bindings.runtime module instead.
<frozen importlib._bootstrap_external>:1301: FutureWarning: The cuda.cuda module is deprecated and will be removed in a future release, please switch to use the cuda.bindings.driver module instead.
<frozen importlib._bootstrap_external>:1301: FutureWarning: The cuda.cudart module is deprecated and will be removed in a future release, please switch to use the cuda.bindings.runtime module instead.
<frozen importlib._bootstrap_external>:1301: FutureWarning: The cuda.cuda module is deprecated and will be removed in a future release, please switch to use the cuda.bindings.driver module instead.
<frozen importlib._bootstrap_external>:1301: FutureWarning: The cuda.cudart module is deprecated and will be removed in a future release, please switch to use the cuda.bindings.runtime module instead.
/root/Triton-distributed/python/triton_dist/kernels/nvidia/comm_perf_model.py:78: UserWarning: can not get max bandwidth of interface bonding_masters, return 0...
  warnings.warn(f"can not get max bandwidth of interface {interface}, return 0...")
/root/Triton-distributed/python/triton_dist/kernels/nvidia/comm_perf_model.py:78: UserWarning: can not get max bandwidth of interface bonding_masters, return 0...
  warnings.warn(f"can not get max bandwidth of interface {interface}, return 0...")
/root/Triton-distributed/python/triton_dist/kernels/nvidia/comm_perf_model.py:78: UserWarning: can not get max bandwidth of interface bonding_masters, return 0...
  warnings.warn(f"can not get max bandwidth of interface {interface}, return 0...")
/root/Triton-distributed/python/triton_dist/kernels/nvidia/comm_perf_model.py:78: UserWarning: can not get max bandwidth of interface bonding_masters, return 0...
  warnings.warn(f"can not get max bandwidth of interface {interface}, return 0...")
[search][coarse] candidate 37/64: max_total=5.8000 ms, mean_total=5.7675 ms, speedup_mean=0.9650, speedup_min=0.9600, overlap_mean=29.15%, lead_ratio=4.000 | chunk=512, window=4, stage=2, steady_sms=6, tail_sms=12, lanes=1, bands=2, frontier=1
[custom] test shape: M 8192, N 29568, K 8192
✅ all close!
✅ all close!
✅ all close!
✅ all close!
Rank 0 [custom] latency (ms): torch_total=5.59, torch_gemm_only=3.72, torch_rs_only=2.00, v2_total=5.77, v2_gemm_only=4.89, v2_rs_only=3.12, v2_internal_overlap=28.05%, v2_speedup_vs_torch=0.97, v2_speedup_vs_old=nan, chunk_rows=512, num_chunks=4, active_chunk_window=4, stage_slots=2, comm_lanes=2, n_bands=2, frontier_chunks=1
Rank 1 [custom] latency (ms): torch_total=5.59, torch_gemm_only=3.74, torch_rs_only=2.04, v2_total=5.82, v2_gemm_only=4.97, v2_rs_only=3.14, v2_internal_overlap=28.26%, v2_speedup_vs_torch=0.96, v2_speedup_vs_old=nan, chunk_rows=512, num_chunks=4, active_chunk_window=4, stage_slots=2, comm_lanes=2, n_bands=2, frontier_chunks=1
Rank 2 [custom] latency (ms): torch_total=5.58, torch_gemm_only=3.72, torch_rs_only=2.02, v2_total=6.92, v2_gemm_only=5.69, v2_rs_only=3.14, v2_internal_overlap=21.68%, v2_speedup_vs_torch=0.81, v2_speedup_vs_old=nan, chunk_rows=512, num_chunks=4, active_chunk_window=4, stage_slots=2, comm_lanes=2, n_bands=2, frontier_chunks=1
Rank 3 [custom] latency (ms): torch_total=5.58, torch_gemm_only=3.78, torch_rs_only=2.01, v2_total=5.77, v2_gemm_only=4.95, v2_rs_only=3.16, v2_internal_overlap=28.80%, v2_speedup_vs_torch=0.97, v2_speedup_vs_old=nan, chunk_rows=512, num_chunks=4, active_chunk_window=4, stage_slots=2, comm_lanes=2, n_bands=2, frontier_chunks=1
W0828 19:29:05.843000 38411 site-packages/torch/distributed/run.py:766] 
W0828 19:29:05.843000 38411 site-packages/torch/distributed/run.py:766] *****************************************
W0828 19:29:05.843000 38411 site-packages/torch/distributed/run.py:766] Setting OMP_NUM_THREADS environment variable for each process to be 1 in default, to avoid your system being overloaded, please further tune the variable for optimal performance in your application as needed. 
W0828 19:29:05.843000 38411 site-packages/torch/distributed/run.py:766] *****************************************
<frozen importlib._bootstrap_external>:1301: FutureWarning: The cuda.cuda module is deprecated and will be removed in a future release, please switch to use the cuda.bindings.driver module instead.
<frozen importlib._bootstrap_external>:1301: FutureWarning: The cuda.cudart module is deprecated and will be removed in a future release, please switch to use the cuda.bindings.runtime module instead.
<frozen importlib._bootstrap_external>:1301: FutureWarning: The cuda.cuda module is deprecated and will be removed in a future release, please switch to use the cuda.bindings.driver module instead.
<frozen importlib._bootstrap_external>:1301: FutureWarning: The cuda.cudart module is deprecated and will be removed in a future release, please switch to use the cuda.bindings.runtime module instead.
<frozen importlib._bootstrap_external>:1301: FutureWarning: The cuda.cuda module is deprecated and will be removed in a future release, please switch to use the cuda.bindings.driver module instead.
<frozen importlib._bootstrap_external>:1301: FutureWarning: The cuda.cudart module is deprecated and will be removed in a future release, please switch to use the cuda.bindings.runtime module instead.
<frozen importlib._bootstrap_external>:1301: FutureWarning: The cuda.cuda module is deprecated and will be removed in a future release, please switch to use the cuda.bindings.driver module instead.
<frozen importlib._bootstrap_external>:1301: FutureWarning: The cuda.cudart module is deprecated and will be removed in a future release, please switch to use the cuda.bindings.runtime module instead.
/root/Triton-distributed/python/triton_dist/kernels/nvidia/comm_perf_model.py:78: UserWarning: can not get max bandwidth of interface bonding_masters, return 0...
  warnings.warn(f"can not get max bandwidth of interface {interface}, return 0...")
/root/Triton-distributed/python/triton_dist/kernels/nvidia/comm_perf_model.py:78: UserWarning: can not get max bandwidth of interface bonding_masters, return 0...
  warnings.warn(f"can not get max bandwidth of interface {interface}, return 0...")
/root/Triton-distributed/python/triton_dist/kernels/nvidia/comm_perf_model.py:78: UserWarning: can not get max bandwidth of interface bonding_masters, return 0...
  warnings.warn(f"can not get max bandwidth of interface {interface}, return 0...")
/root/Triton-distributed/python/triton_dist/kernels/nvidia/comm_perf_model.py:78: UserWarning: can not get max bandwidth of interface bonding_masters, return 0...
  warnings.warn(f"can not get max bandwidth of interface {interface}, return 0...")
[search][coarse] candidate 38/64: max_total=6.9200 ms, mean_total=6.0700 ms, speedup_mean=0.9275, speedup_min=0.8100, overlap_mean=26.70%, lead_ratio=4.000 | chunk=512, window=4, stage=2, steady_sms=6, tail_sms=12, lanes=2, bands=2, frontier=1
[custom] test shape: M 8192, N 29568, K 8192
✅ all close!
✅ all close!
✅ all close!
✅ all close!
Rank 0 [custom] latency (ms): torch_total=5.55, torch_gemm_only=3.74, torch_rs_only=2.06, v2_total=5.68, v2_gemm_only=4.93, v2_rs_only=3.18, v2_internal_overlap=29.96%, v2_speedup_vs_torch=0.98, v2_speedup_vs_old=nan, chunk_rows=512, num_chunks=4, active_chunk_window=4, stage_slots=2, comm_lanes=1, n_bands=2, frontier_chunks=1
Rank 1 [custom] latency (ms): torch_total=5.54, torch_gemm_only=3.74, torch_rs_only=2.02, v2_total=5.69, v2_gemm_only=4.90, v2_rs_only=3.19, v2_internal_overlap=29.69%, v2_speedup_vs_torch=0.97, v2_speedup_vs_old=nan, chunk_rows=512, num_chunks=4, active_chunk_window=4, stage_slots=2, comm_lanes=1, n_bands=2, frontier_chunks=1
Rank 2 [custom] latency (ms): torch_total=5.55, torch_gemm_only=3.73, torch_rs_only=2.04, v2_total=5.66, v2_gemm_only=4.92, v2_rs_only=3.22, v2_internal_overlap=30.40%, v2_speedup_vs_torch=0.98, v2_speedup_vs_old=nan, chunk_rows=512, num_chunks=4, active_chunk_window=4, stage_slots=2, comm_lanes=1, n_bands=2, frontier_chunks=1
Rank 3 [custom] latency (ms): torch_total=5.56, torch_gemm_only=3.78, torch_rs_only=2.06, v2_total=5.70, v2_gemm_only=4.98, v2_rs_only=3.29, v2_internal_overlap=31.15%, v2_speedup_vs_torch=0.98, v2_speedup_vs_old=nan, chunk_rows=512, num_chunks=4, active_chunk_window=4, stage_slots=2, comm_lanes=1, n_bands=2, frontier_chunks=1
W0828 19:29:16.799000 39080 site-packages/torch/distributed/run.py:766] 
W0828 19:29:16.799000 39080 site-packages/torch/distributed/run.py:766] *****************************************
W0828 19:29:16.799000 39080 site-packages/torch/distributed/run.py:766] Setting OMP_NUM_THREADS environment variable for each process to be 1 in default, to avoid your system being overloaded, please further tune the variable for optimal performance in your application as needed. 
W0828 19:29:16.799000 39080 site-packages/torch/distributed/run.py:766] *****************************************
<frozen importlib._bootstrap_external>:1301: FutureWarning: The cuda.cuda module is deprecated and will be removed in a future release, please switch to use the cuda.bindings.driver module instead.
<frozen importlib._bootstrap_external>:1301: FutureWarning: The cuda.cudart module is deprecated and will be removed in a future release, please switch to use the cuda.bindings.runtime module instead.
<frozen importlib._bootstrap_external>:1301: FutureWarning: The cuda.cuda module is deprecated and will be removed in a future release, please switch to use the cuda.bindings.driver module instead.
<frozen importlib._bootstrap_external>:1301: FutureWarning: The cuda.cudart module is deprecated and will be removed in a future release, please switch to use the cuda.bindings.runtime module instead.
<frozen importlib._bootstrap_external>:1301: FutureWarning: The cuda.cuda module is deprecated and will be removed in a future release, please switch to use the cuda.bindings.driver module instead.
<frozen importlib._bootstrap_external>:1301: FutureWarning: The cuda.cuda module is deprecated and will be removed in a future release, please switch to use the cuda.bindings.driver module instead.
<frozen importlib._bootstrap_external>:1301: FutureWarning: The cuda.cudart module is deprecated and will be removed in a future release, please switch to use the cuda.bindings.runtime module instead.
<frozen importlib._bootstrap_external>:1301: FutureWarning: The cuda.cudart module is deprecated and will be removed in a future release, please switch to use the cuda.bindings.runtime module instead.
/root/Triton-distributed/python/triton_dist/kernels/nvidia/comm_perf_model.py:78: UserWarning: can not get max bandwidth of interface bonding_masters, return 0...
  warnings.warn(f"can not get max bandwidth of interface {interface}, return 0...")
/root/Triton-distributed/python/triton_dist/kernels/nvidia/comm_perf_model.py:78: UserWarning: can not get max bandwidth of interface bonding_masters, return 0...
  warnings.warn(f"can not get max bandwidth of interface {interface}, return 0...")
/root/Triton-distributed/python/triton_dist/kernels/nvidia/comm_perf_model.py:78: UserWarning: can not get max bandwidth of interface bonding_masters, return 0...
  warnings.warn(f"can not get max bandwidth of interface {interface}, return 0...")
/root/Triton-distributed/python/triton_dist/kernels/nvidia/comm_perf_model.py:78: UserWarning: can not get max bandwidth of interface bonding_masters, return 0...
  warnings.warn(f"can not get max bandwidth of interface {interface}, return 0...")
[search][coarse] candidate 39/64: max_total=5.7000 ms, mean_total=5.6825 ms, speedup_mean=0.9775, speedup_min=0.9700, overlap_mean=30.30%, lead_ratio=4.000 | chunk=512, window=4, stage=2, steady_sms=6, tail_sms=16, lanes=1, bands=2, frontier=1
[custom] test shape: M 8192, N 29568, K 8192
✅ all close!
✅ all close!
✅ all close!
✅ all close!
Rank 0 [custom] latency (ms): torch_total=5.58, torch_gemm_only=3.75, torch_rs_only=1.99, v2_total=6.56, v2_gemm_only=5.73, v2_rs_only=3.33, v2_internal_overlap=27.62%, v2_speedup_vs_torch=0.85, v2_speedup_vs_old=nan, chunk_rows=512, num_chunks=4, active_chunk_window=4, stage_slots=2, comm_lanes=2, n_bands=2, frontier_chunks=1
Rank 1 [custom] latency (ms): torch_total=5.56, torch_gemm_only=3.74, torch_rs_only=2.05, v2_total=6.72, v2_gemm_only=5.96, v2_rs_only=3.34, v2_internal_overlap=27.75%, v2_speedup_vs_torch=0.83, v2_speedup_vs_old=nan, chunk_rows=512, num_chunks=4, active_chunk_window=4, stage_slots=2, comm_lanes=2, n_bands=2, frontier_chunks=1
Rank 2 [custom] latency (ms): torch_total=5.56, torch_gemm_only=3.74, torch_rs_only=2.05, v2_total=5.74, v2_gemm_only=4.92, v2_rs_only=3.34, v2_internal_overlap=30.47%, v2_speedup_vs_torch=0.97, v2_speedup_vs_old=nan, chunk_rows=512, num_chunks=4, active_chunk_window=4, stage_slots=2, comm_lanes=2, n_bands=2, frontier_chunks=1
Rank 3 [custom] latency (ms): torch_total=5.58, torch_gemm_only=3.79, torch_rs_only=2.05, v2_total=5.75, v2_gemm_only=4.90, v2_rs_only=3.28, v2_internal_overlap=29.72%, v2_speedup_vs_torch=0.97, v2_speedup_vs_old=nan, chunk_rows=512, num_chunks=4, active_chunk_window=4, stage_slots=2, comm_lanes=2, n_bands=2, frontier_chunks=1
W0828 19:29:27.689000 39736 site-packages/torch/distributed/run.py:766] 
W0828 19:29:27.689000 39736 site-packages/torch/distributed/run.py:766] *****************************************
W0828 19:29:27.689000 39736 site-packages/torch/distributed/run.py:766] Setting OMP_NUM_THREADS environment variable for each process to be 1 in default, to avoid your system being overloaded, please further tune the variable for optimal performance in your application as needed. 
W0828 19:29:27.689000 39736 site-packages/torch/distributed/run.py:766] *****************************************
<frozen importlib._bootstrap_external>:1301: FutureWarning: The cuda.cuda module is deprecated and will be removed in a future release, please switch to use the cuda.bindings.driver module instead.
<frozen importlib._bootstrap_external>:1301: FutureWarning: The cuda.cudart module is deprecated and will be removed in a future release, please switch to use the cuda.bindings.runtime module instead.
<frozen importlib._bootstrap_external>:1301: FutureWarning: The cuda.cuda module is deprecated and will be removed in a future release, please switch to use the cuda.bindings.driver module instead.
<frozen importlib._bootstrap_external>:1301: FutureWarning: The cuda.cudart module is deprecated and will be removed in a future release, please switch to use the cuda.bindings.runtime module instead.
<frozen importlib._bootstrap_external>:1301: FutureWarning: The cuda.cuda module is deprecated and will be removed in a future release, please switch to use the cuda.bindings.driver module instead.
<frozen importlib._bootstrap_external>:1301: FutureWarning: The cuda.cudart module is deprecated and will be removed in a future release, please switch to use the cuda.bindings.runtime module instead.
<frozen importlib._bootstrap_external>:1301: FutureWarning: The cuda.cuda module is deprecated and will be removed in a future release, please switch to use the cuda.bindings.driver module instead.
<frozen importlib._bootstrap_external>:1301: FutureWarning: The cuda.cudart module is deprecated and will be removed in a future release, please switch to use the cuda.bindings.runtime module instead.
/root/Triton-distributed/python/triton_dist/kernels/nvidia/comm_perf_model.py:78: UserWarning: can not get max bandwidth of interface bonding_masters, return 0...
  warnings.warn(f"can not get max bandwidth of interface {interface}, return 0...")
/root/Triton-distributed/python/triton_dist/kernels/nvidia/comm_perf_model.py:78: UserWarning: can not get max bandwidth of interface bonding_masters, return 0...
  warnings.warn(f"can not get max bandwidth of interface {interface}, return 0...")
/root/Triton-distributed/python/triton_dist/kernels/nvidia/comm_perf_model.py:78: UserWarning: can not get max bandwidth of interface bonding_masters, return 0...
  warnings.warn(f"can not get max bandwidth of interface {interface}, return 0...")
/root/Triton-distributed/python/triton_dist/kernels/nvidia/comm_perf_model.py:78: UserWarning: can not get max bandwidth of interface bonding_masters, return 0...
  warnings.warn(f"can not get max bandwidth of interface {interface}, return 0...")
[search][coarse] candidate 40/64: max_total=6.7200 ms, mean_total=6.1925 ms, speedup_mean=0.9050, speedup_min=0.8300, overlap_mean=28.89%, lead_ratio=4.000 | chunk=512, window=4, stage=2, steady_sms=6, tail_sms=16, lanes=2, bands=2, frontier=1
[custom] test shape: M 8192, N 29568, K 8192
✅ all close!
✅ all close!
✅ all close!
✅ all close!
Rank 0 [custom] latency (ms): torch_total=5.55, torch_gemm_only=3.77, torch_rs_only=2.02, v2_total=5.67, v2_gemm_only=4.96, v2_rs_only=3.33, v2_internal_overlap=31.71%, v2_speedup_vs_torch=0.98, v2_speedup_vs_old=nan, chunk_rows=512, num_chunks=4, active_chunk_window=4, stage_slots=4, comm_lanes=1, n_bands=2, frontier_chunks=1
Rank 1 [custom] latency (ms): torch_total=5.56, torch_gemm_only=3.76, torch_rs_only=2.02, v2_total=5.62, v2_gemm_only=4.91, v2_rs_only=3.40, v2_internal_overlap=32.39%, v2_speedup_vs_torch=0.99, v2_speedup_vs_old=nan, chunk_rows=512, num_chunks=4, active_chunk_window=4, stage_slots=4, comm_lanes=1, n_bands=2, frontier_chunks=1
Rank 2 [custom] latency (ms): torch_total=5.55, torch_gemm_only=3.76, torch_rs_only=2.00, v2_total=5.65, v2_gemm_only=4.93, v2_rs_only=3.23, v2_internal_overlap=30.66%, v2_speedup_vs_torch=0.98, v2_speedup_vs_old=nan, chunk_rows=512, num_chunks=4, active_chunk_window=4, stage_slots=4, comm_lanes=1, n_bands=2, frontier_chunks=1
Rank 3 [custom] latency (ms): torch_total=5.58, torch_gemm_only=3.80, torch_rs_only=2.02, v2_total=5.62, v2_gemm_only=4.96, v2_rs_only=3.27, v2_internal_overlap=31.71%, v2_speedup_vs_torch=0.99, v2_speedup_vs_old=nan, chunk_rows=512, num_chunks=4, active_chunk_window=4, stage_slots=4, comm_lanes=1, n_bands=2, frontier_chunks=1
W0828 19:29:38.679000 40387 site-packages/torch/distributed/run.py:766] 
W0828 19:29:38.679000 40387 site-packages/torch/distributed/run.py:766] *****************************************
W0828 19:29:38.679000 40387 site-packages/torch/distributed/run.py:766] Setting OMP_NUM_THREADS environment variable for each process to be 1 in default, to avoid your system being overloaded, please further tune the variable for optimal performance in your application as needed. 
W0828 19:29:38.679000 40387 site-packages/torch/distributed/run.py:766] *****************************************
<frozen importlib._bootstrap_external>:1301: FutureWarning: The cuda.cuda module is deprecated and will be removed in a future release, please switch to use the cuda.bindings.driver module instead.
<frozen importlib._bootstrap_external>:1301: FutureWarning: The cuda.cudart module is deprecated and will be removed in a future release, please switch to use the cuda.bindings.runtime module instead.
<frozen importlib._bootstrap_external>:1301: FutureWarning: The cuda.cuda module is deprecated and will be removed in a future release, please switch to use the cuda.bindings.driver module instead.
<frozen importlib._bootstrap_external>:1301: FutureWarning: The cuda.cudart module is deprecated and will be removed in a future release, please switch to use the cuda.bindings.runtime module instead.
<frozen importlib._bootstrap_external>:1301: FutureWarning: The cuda.cuda module is deprecated and will be removed in a future release, please switch to use the cuda.bindings.driver module instead.
<frozen importlib._bootstrap_external>:1301: FutureWarning: The cuda.cudart module is deprecated and will be removed in a future release, please switch to use the cuda.bindings.runtime module instead.
<frozen importlib._bootstrap_external>:1301: FutureWarning: The cuda.cuda module is deprecated and will be removed in a future release, please switch to use the cuda.bindings.driver module instead.
<frozen importlib._bootstrap_external>:1301: FutureWarning: The cuda.cudart module is deprecated and will be removed in a future release, please switch to use the cuda.bindings.runtime module instead.
/root/Triton-distributed/python/triton_dist/kernels/nvidia/comm_perf_model.py:78: UserWarning: can not get max bandwidth of interface bonding_masters, return 0...
  warnings.warn(f"can not get max bandwidth of interface {interface}, return 0...")
/root/Triton-distributed/python/triton_dist/kernels/nvidia/comm_perf_model.py:78: UserWarning: can not get max bandwidth of interface bonding_masters, return 0...
  warnings.warn(f"can not get max bandwidth of interface {interface}, return 0...")
/root/Triton-distributed/python/triton_dist/kernels/nvidia/comm_perf_model.py:78: UserWarning: can not get max bandwidth of interface bonding_masters, return 0...
  warnings.warn(f"can not get max bandwidth of interface {interface}, return 0...")
/root/Triton-distributed/python/triton_dist/kernels/nvidia/comm_perf_model.py:78: UserWarning: can not get max bandwidth of interface bonding_masters, return 0...
  warnings.warn(f"can not get max bandwidth of interface {interface}, return 0...")
[search][coarse] candidate 41/64: max_total=5.6700 ms, mean_total=5.6400 ms, speedup_mean=0.9850, speedup_min=0.9800, overlap_mean=31.62%, lead_ratio=2.000 | chunk=512, window=4, stage=4, steady_sms=4, tail_sms=12, lanes=1, bands=2, frontier=1
[custom] test shape: M 8192, N 29568, K 8192
✅ all close!
✅ all close!
✅ all close!
✅ all close!
Rank 0 [custom] latency (ms): torch_total=5.61, torch_gemm_only=3.74, torch_rs_only=2.07, v2_total=5.61, v2_gemm_only=4.92, v2_rs_only=3.20, v2_internal_overlap=30.85%, v2_speedup_vs_torch=1.00, v2_speedup_vs_old=nan, chunk_rows=512, num_chunks=4, active_chunk_window=4, stage_slots=4, comm_lanes=2, n_bands=2, frontier_chunks=1
Rank 1 [custom] latency (ms): torch_total=5.59, torch_gemm_only=3.74, torch_rs_only=2.08, v2_total=5.62, v2_gemm_only=4.92, v2_rs_only=3.21, v2_internal_overlap=30.93%, v2_speedup_vs_torch=1.00, v2_speedup_vs_old=nan, chunk_rows=512, num_chunks=4, active_chunk_window=4, stage_slots=4, comm_lanes=2, n_bands=2, frontier_chunks=1
Rank 2 [custom] latency (ms): torch_total=5.60, torch_gemm_only=3.74, torch_rs_only=2.10, v2_total=5.64, v2_gemm_only=4.92, v2_rs_only=3.25, v2_internal_overlap=30.91%, v2_speedup_vs_torch=0.99, v2_speedup_vs_old=nan, chunk_rows=512, num_chunks=4, active_chunk_window=4, stage_slots=4, comm_lanes=2, n_bands=2, frontier_chunks=1
Rank 3 [custom] latency (ms): torch_total=5.62, torch_gemm_only=3.80, torch_rs_only=2.08, v2_total=5.67, v2_gemm_only=4.99, v2_rs_only=3.28, v2_internal_overlap=31.48%, v2_speedup_vs_torch=0.99, v2_speedup_vs_old=nan, chunk_rows=512, num_chunks=4, active_chunk_window=4, stage_slots=4, comm_lanes=2, n_bands=2, frontier_chunks=1
W0828 19:29:49.568000 41040 site-packages/torch/distributed/run.py:766] 
W0828 19:29:49.568000 41040 site-packages/torch/distributed/run.py:766] *****************************************
W0828 19:29:49.568000 41040 site-packages/torch/distributed/run.py:766] Setting OMP_NUM_THREADS environment variable for each process to be 1 in default, to avoid your system being overloaded, please further tune the variable for optimal performance in your application as needed. 
W0828 19:29:49.568000 41040 site-packages/torch/distributed/run.py:766] *****************************************
<frozen importlib._bootstrap_external>:1301: FutureWarning: The cuda.cuda module is deprecated and will be removed in a future release, please switch to use the cuda.bindings.driver module instead.
<frozen importlib._bootstrap_external>:1301: FutureWarning: The cuda.cudart module is deprecated and will be removed in a future release, please switch to use the cuda.bindings.runtime module instead.
<frozen importlib._bootstrap_external>:1301: FutureWarning: The cuda.cuda module is deprecated and will be removed in a future release, please switch to use the cuda.bindings.driver module instead.
<frozen importlib._bootstrap_external>:1301: FutureWarning: The cuda.cudart module is deprecated and will be removed in a future release, please switch to use the cuda.bindings.runtime module instead.
<frozen importlib._bootstrap_external>:1301: FutureWarning: The cuda.cuda module is deprecated and will be removed in a future release, please switch to use the cuda.bindings.driver module instead.
<frozen importlib._bootstrap_external>:1301: FutureWarning: The cuda.cudart module is deprecated and will be removed in a future release, please switch to use the cuda.bindings.runtime module instead.
<frozen importlib._bootstrap_external>:1301: FutureWarning: The cuda.cuda module is deprecated and will be removed in a future release, please switch to use the cuda.bindings.driver module instead.
<frozen importlib._bootstrap_external>:1301: FutureWarning: The cuda.cudart module is deprecated and will be removed in a future release, please switch to use the cuda.bindings.runtime module instead.
/root/Triton-distributed/python/triton_dist/kernels/nvidia/comm_perf_model.py:78: UserWarning: can not get max bandwidth of interface bonding_masters, return 0...
  warnings.warn(f"can not get max bandwidth of interface {interface}, return 0...")
/root/Triton-distributed/python/triton_dist/kernels/nvidia/comm_perf_model.py:78: UserWarning: can not get max bandwidth of interface bonding_masters, return 0...
  warnings.warn(f"can not get max bandwidth of interface {interface}, return 0...")
/root/Triton-distributed/python/triton_dist/kernels/nvidia/comm_perf_model.py:78: UserWarning: can not get max bandwidth of interface bonding_masters, return 0...
  warnings.warn(f"can not get max bandwidth of interface {interface}, return 0...")
/root/Triton-distributed/python/triton_dist/kernels/nvidia/comm_perf_model.py:78: UserWarning: can not get max bandwidth of interface bonding_masters, return 0...
  warnings.warn(f"can not get max bandwidth of interface {interface}, return 0...")
[search][coarse] candidate 42/64: max_total=5.6700 ms, mean_total=5.6350 ms, speedup_mean=0.9950, speedup_min=0.9900, overlap_mean=31.04%, lead_ratio=2.000 | chunk=512, window=4, stage=4, steady_sms=4, tail_sms=12, lanes=2, bands=2, frontier=1
[custom] test shape: M 8192, N 29568, K 8192
✅ all close!
✅ all close!
✅ all close!
✅ all close!
Rank 0 [custom] latency (ms): torch_total=5.56, torch_gemm_only=3.74, torch_rs_only=2.04, v2_total=5.63, v2_gemm_only=4.90, v2_rs_only=3.17, v2_internal_overlap=30.19%, v2_speedup_vs_torch=0.99, v2_speedup_vs_old=nan, chunk_rows=512, num_chunks=4, active_chunk_window=4, stage_slots=4, comm_lanes=1, n_bands=2, frontier_chunks=1
Rank 1 [custom] latency (ms): torch_total=5.56, torch_gemm_only=3.74, torch_rs_only=2.02, v2_total=5.60, v2_gemm_only=4.90, v2_rs_only=3.20, v2_internal_overlap=30.85%, v2_speedup_vs_torch=0.99, v2_speedup_vs_old=nan, chunk_rows=512, num_chunks=4, active_chunk_window=4, stage_slots=4, comm_lanes=1, n_bands=2, frontier_chunks=1
Rank 2 [custom] latency (ms): torch_total=5.57, torch_gemm_only=3.75, torch_rs_only=2.02, v2_total=5.62, v2_gemm_only=4.91, v2_rs_only=3.14, v2_internal_overlap=30.16%, v2_speedup_vs_torch=0.99, v2_speedup_vs_old=nan, chunk_rows=512, num_chunks=4, active_chunk_window=4, stage_slots=4, comm_lanes=1, n_bands=2, frontier_chunks=1
Rank 3 [custom] latency (ms): torch_total=5.57, torch_gemm_only=3.79, torch_rs_only=2.04, v2_total=5.62, v2_gemm_only=5.00, v2_rs_only=3.18, v2_internal_overlap=31.37%, v2_speedup_vs_torch=0.99, v2_speedup_vs_old=nan, chunk_rows=512, num_chunks=4, active_chunk_window=4, stage_slots=4, comm_lanes=1, n_bands=2, frontier_chunks=1
W0828 19:30:00.336000 41708 site-packages/torch/distributed/run.py:766] 
W0828 19:30:00.336000 41708 site-packages/torch/distributed/run.py:766] *****************************************
W0828 19:30:00.336000 41708 site-packages/torch/distributed/run.py:766] Setting OMP_NUM_THREADS environment variable for each process to be 1 in default, to avoid your system being overloaded, please further tune the variable for optimal performance in your application as needed. 
W0828 19:30:00.336000 41708 site-packages/torch/distributed/run.py:766] *****************************************
<frozen importlib._bootstrap_external>:1301: FutureWarning: The cuda.cuda module is deprecated and will be removed in a future release, please switch to use the cuda.bindings.driver module instead.
<frozen importlib._bootstrap_external>:1301: FutureWarning: The cuda.cudart module is deprecated and will be removed in a future release, please switch to use the cuda.bindings.runtime module instead.
<frozen importlib._bootstrap_external>:1301: FutureWarning: The cuda.cuda module is deprecated and will be removed in a future release, please switch to use the cuda.bindings.driver module instead.
<frozen importlib._bootstrap_external>:1301: FutureWarning: The cuda.cudart module is deprecated and will be removed in a future release, please switch to use the cuda.bindings.runtime module instead.
<frozen importlib._bootstrap_external>:1301: FutureWarning: The cuda.cuda module is deprecated and will be removed in a future release, please switch to use the cuda.bindings.driver module instead.
<frozen importlib._bootstrap_external>:1301: FutureWarning: The cuda.cudart module is deprecated and will be removed in a future release, please switch to use the cuda.bindings.runtime module instead.
<frozen importlib._bootstrap_external>:1301: FutureWarning: The cuda.cuda module is deprecated and will be removed in a future release, please switch to use the cuda.bindings.driver module instead.
<frozen importlib._bootstrap_external>:1301: FutureWarning: The cuda.cudart module is deprecated and will be removed in a future release, please switch to use the cuda.bindings.runtime module instead.
/root/Triton-distributed/python/triton_dist/kernels/nvidia/comm_perf_model.py:78: UserWarning: can not get max bandwidth of interface bonding_masters, return 0...
  warnings.warn(f"can not get max bandwidth of interface {interface}, return 0...")
/root/Triton-distributed/python/triton_dist/kernels/nvidia/comm_perf_model.py:78: UserWarning: can not get max bandwidth of interface bonding_masters, return 0...
  warnings.warn(f"can not get max bandwidth of interface {interface}, return 0...")
/root/Triton-distributed/python/triton_dist/kernels/nvidia/comm_perf_model.py:78: UserWarning: can not get max bandwidth of interface bonding_masters, return 0...
  warnings.warn(f"can not get max bandwidth of interface {interface}, return 0...")
/root/Triton-distributed/python/triton_dist/kernels/nvidia/comm_perf_model.py:78: UserWarning: can not get max bandwidth of interface bonding_masters, return 0...
  warnings.warn(f"can not get max bandwidth of interface {interface}, return 0...")
[search][coarse] candidate 43/64: max_total=5.6300 ms, mean_total=5.6175 ms, speedup_mean=0.9900, speedup_min=0.9900, overlap_mean=30.64%, lead_ratio=2.000 | chunk=512, window=4, stage=4, steady_sms=4, tail_sms=16, lanes=1, bands=2, frontier=1
[custom] test shape: M 8192, N 29568, K 8192
✅ all close!
✅ all close!
✅ all close!
✅ all close!
Rank 0 [custom] latency (ms): torch_total=5.59, torch_gemm_only=3.74, torch_rs_only=2.03, v2_total=5.61, v2_gemm_only=4.94, v2_rs_only=3.03, v2_internal_overlap=29.60%, v2_speedup_vs_torch=1.00, v2_speedup_vs_old=nan, chunk_rows=512, num_chunks=4, active_chunk_window=4, stage_slots=4, comm_lanes=2, n_bands=2, frontier_chunks=1
Rank 1 [custom] latency (ms): torch_total=5.57, torch_gemm_only=3.73, torch_rs_only=2.01, v2_total=5.62, v2_gemm_only=4.92, v2_rs_only=3.02, v2_internal_overlap=29.17%, v2_speedup_vs_torch=0.99, v2_speedup_vs_old=nan, chunk_rows=512, num_chunks=4, active_chunk_window=4, stage_slots=4, comm_lanes=2, n_bands=2, frontier_chunks=1
Rank 2 [custom] latency (ms): torch_total=5.57, torch_gemm_only=3.74, torch_rs_only=2.03, v2_total=5.62, v2_gemm_only=4.92, v2_rs_only=3.06, v2_internal_overlap=29.57%, v2_speedup_vs_torch=0.99, v2_speedup_vs_old=nan, chunk_rows=512, num_chunks=4, active_chunk_window=4, stage_slots=4, comm_lanes=2, n_bands=2, frontier_chunks=1
Rank 3 [custom] latency (ms): torch_total=5.58, torch_gemm_only=3.79, torch_rs_only=2.02, v2_total=5.61, v2_gemm_only=4.95, v2_rs_only=3.05, v2_internal_overlap=29.97%, v2_speedup_vs_torch=0.99, v2_speedup_vs_old=nan, chunk_rows=512, num_chunks=4, active_chunk_window=4, stage_slots=4, comm_lanes=2, n_bands=2, frontier_chunks=1
W0828 19:30:11.407000 42364 site-packages/torch/distributed/run.py:766] 
W0828 19:30:11.407000 42364 site-packages/torch/distributed/run.py:766] *****************************************
W0828 19:30:11.407000 42364 site-packages/torch/distributed/run.py:766] Setting OMP_NUM_THREADS environment variable for each process to be 1 in default, to avoid your system being overloaded, please further tune the variable for optimal performance in your application as needed. 
W0828 19:30:11.407000 42364 site-packages/torch/distributed/run.py:766] *****************************************
<frozen importlib._bootstrap_external>:1301: FutureWarning: The cuda.cuda module is deprecated and will be removed in a future release, please switch to use the cuda.bindings.driver module instead.
<frozen importlib._bootstrap_external>:1301: FutureWarning: The cuda.cudart module is deprecated and will be removed in a future release, please switch to use the cuda.bindings.runtime module instead.
<frozen importlib._bootstrap_external>:1301: FutureWarning: The cuda.cuda module is deprecated and will be removed in a future release, please switch to use the cuda.bindings.driver module instead.
<frozen importlib._bootstrap_external>:1301: FutureWarning: The cuda.cudart module is deprecated and will be removed in a future release, please switch to use the cuda.bindings.runtime module instead.
<frozen importlib._bootstrap_external>:1301: FutureWarning: The cuda.cuda module is deprecated and will be removed in a future release, please switch to use the cuda.bindings.driver module instead.
<frozen importlib._bootstrap_external>:1301: FutureWarning: The cuda.cudart module is deprecated and will be removed in a future release, please switch to use the cuda.bindings.runtime module instead.
<frozen importlib._bootstrap_external>:1301: FutureWarning: The cuda.cuda module is deprecated and will be removed in a future release, please switch to use the cuda.bindings.driver module instead.
<frozen importlib._bootstrap_external>:1301: FutureWarning: The cuda.cudart module is deprecated and will be removed in a future release, please switch to use the cuda.bindings.runtime module instead.
/root/Triton-distributed/python/triton_dist/kernels/nvidia/comm_perf_model.py:78: UserWarning: can not get max bandwidth of interface bonding_masters, return 0...
  warnings.warn(f"can not get max bandwidth of interface {interface}, return 0...")
/root/Triton-distributed/python/triton_dist/kernels/nvidia/comm_perf_model.py:78: UserWarning: can not get max bandwidth of interface bonding_masters, return 0...
  warnings.warn(f"can not get max bandwidth of interface {interface}, return 0...")
/root/Triton-distributed/python/triton_dist/kernels/nvidia/comm_perf_model.py:78: UserWarning: can not get max bandwidth of interface bonding_masters, return 0...
  warnings.warn(f"can not get max bandwidth of interface {interface}, return 0...")
/root/Triton-distributed/python/triton_dist/kernels/nvidia/comm_perf_model.py:78: UserWarning: can not get max bandwidth of interface bonding_masters, return 0...
  warnings.warn(f"can not get max bandwidth of interface {interface}, return 0...")
[search][coarse] candidate 44/64: max_total=5.6200 ms, mean_total=5.6150 ms, speedup_mean=0.9925, speedup_min=0.9900, overlap_mean=29.58%, lead_ratio=2.000 | chunk=512, window=4, stage=4, steady_sms=4, tail_sms=16, lanes=2, bands=2, frontier=1
[custom] test shape: M 8192, N 29568, K 8192
✅ all close!
✅ all close!
✅ all close!
✅ all close!
Rank 0 [custom] latency (ms): torch_total=5.55, torch_gemm_only=3.73, torch_rs_only=2.05, v2_total=5.39, v2_gemm_only=4.91, v2_rs_only=3.23, v2_internal_overlap=33.84%, v2_speedup_vs_torch=1.03, v2_speedup_vs_old=nan, chunk_rows=512, num_chunks=4, active_chunk_window=4, stage_slots=4, comm_lanes=1, n_bands=2, frontier_chunks=1
Rank 1 [custom] latency (ms): torch_total=5.55, torch_gemm_only=3.74, torch_rs_only=2.05, v2_total=5.37, v2_gemm_only=4.90, v2_rs_only=3.32, v2_internal_overlap=34.65%, v2_speedup_vs_torch=1.03, v2_speedup_vs_old=nan, chunk_rows=512, num_chunks=4, active_chunk_window=4, stage_slots=4, comm_lanes=1, n_bands=2, frontier_chunks=1
Rank 2 [custom] latency (ms): torch_total=5.55, torch_gemm_only=3.74, torch_rs_only=2.04, v2_total=5.40, v2_gemm_only=4.92, v2_rs_only=3.38, v2_internal_overlap=34.97%, v2_speedup_vs_torch=1.03, v2_speedup_vs_old=nan, chunk_rows=512, num_chunks=4, active_chunk_window=4, stage_slots=4, comm_lanes=1, n_bands=2, frontier_chunks=1
Rank 3 [custom] latency (ms): torch_total=5.56, torch_gemm_only=3.78, torch_rs_only=2.04, v2_total=5.35, v2_gemm_only=5.02, v2_rs_only=3.33, v2_internal_overlap=35.90%, v2_speedup_vs_torch=1.04, v2_speedup_vs_old=nan, chunk_rows=512, num_chunks=4, active_chunk_window=4, stage_slots=4, comm_lanes=1, n_bands=2, frontier_chunks=1
W0828 19:30:22.276000 43015 site-packages/torch/distributed/run.py:766] 
W0828 19:30:22.276000 43015 site-packages/torch/distributed/run.py:766] *****************************************
W0828 19:30:22.276000 43015 site-packages/torch/distributed/run.py:766] Setting OMP_NUM_THREADS environment variable for each process to be 1 in default, to avoid your system being overloaded, please further tune the variable for optimal performance in your application as needed. 
W0828 19:30:22.276000 43015 site-packages/torch/distributed/run.py:766] *****************************************
<frozen importlib._bootstrap_external>:1301: FutureWarning: The cuda.cuda module is deprecated and will be removed in a future release, please switch to use the cuda.bindings.driver module instead.
<frozen importlib._bootstrap_external>:1301: FutureWarning: The cuda.cudart module is deprecated and will be removed in a future release, please switch to use the cuda.bindings.runtime module instead.
<frozen importlib._bootstrap_external>:1301: FutureWarning: The cuda.cuda module is deprecated and will be removed in a future release, please switch to use the cuda.bindings.driver module instead.
<frozen importlib._bootstrap_external>:1301: FutureWarning: The cuda.cudart module is deprecated and will be removed in a future release, please switch to use the cuda.bindings.runtime module instead.
<frozen importlib._bootstrap_external>:1301: FutureWarning: The cuda.cuda module is deprecated and will be removed in a future release, please switch to use the cuda.bindings.driver module instead.
<frozen importlib._bootstrap_external>:1301: FutureWarning: The cuda.cudart module is deprecated and will be removed in a future release, please switch to use the cuda.bindings.runtime module instead.
<frozen importlib._bootstrap_external>:1301: FutureWarning: The cuda.cuda module is deprecated and will be removed in a future release, please switch to use the cuda.bindings.driver module instead.
<frozen importlib._bootstrap_external>:1301: FutureWarning: The cuda.cudart module is deprecated and will be removed in a future release, please switch to use the cuda.bindings.runtime module instead.
/root/Triton-distributed/python/triton_dist/kernels/nvidia/comm_perf_model.py:78: UserWarning: can not get max bandwidth of interface bonding_masters, return 0...
  warnings.warn(f"can not get max bandwidth of interface {interface}, return 0...")
/root/Triton-distributed/python/triton_dist/kernels/nvidia/comm_perf_model.py:78: UserWarning: can not get max bandwidth of interface bonding_masters, return 0...
  warnings.warn(f"can not get max bandwidth of interface {interface}, return 0...")
/root/Triton-distributed/python/triton_dist/kernels/nvidia/comm_perf_model.py:78: UserWarning: can not get max bandwidth of interface bonding_masters, return 0...
  warnings.warn(f"can not get max bandwidth of interface {interface}, return 0...")
/root/Triton-distributed/python/triton_dist/kernels/nvidia/comm_perf_model.py:78: UserWarning: can not get max bandwidth of interface bonding_masters, return 0...
  warnings.warn(f"can not get max bandwidth of interface {interface}, return 0...")
[search][coarse] candidate 45/64: max_total=5.4000 ms, mean_total=5.3775 ms, speedup_mean=1.0325, speedup_min=1.0300, overlap_mean=34.84%, lead_ratio=2.000 | chunk=512, window=4, stage=4, steady_sms=6, tail_sms=12, lanes=1, bands=2, frontier=1
[custom] test shape: M 8192, N 29568, K 8192
✅ all close!
✅ all close!
✅ all close!
✅ all close!
Rank 0 [custom] latency (ms): torch_total=5.55, torch_gemm_only=3.75, torch_rs_only=2.08, v2_total=5.37, v2_gemm_only=4.89, v2_rs_only=3.12, v2_internal_overlap=32.96%, v2_speedup_vs_torch=1.03, v2_speedup_vs_old=nan, chunk_rows=512, num_chunks=4, active_chunk_window=4, stage_slots=4, comm_lanes=2, n_bands=2, frontier_chunks=1
Rank 1 [custom] latency (ms): torch_total=5.55, torch_gemm_only=3.73, torch_rs_only=2.07, v2_total=5.40, v2_gemm_only=4.90, v2_rs_only=3.11, v2_internal_overlap=32.64%, v2_speedup_vs_torch=1.03, v2_speedup_vs_old=nan, chunk_rows=512, num_chunks=4, active_chunk_window=4, stage_slots=4, comm_lanes=2, n_bands=2, frontier_chunks=1
Rank 2 [custom] latency (ms): torch_total=5.54, torch_gemm_only=3.73, torch_rs_only=2.08, v2_total=5.32, v2_gemm_only=4.92, v2_rs_only=3.14, v2_internal_overlap=33.96%, v2_speedup_vs_torch=1.04, v2_speedup_vs_old=nan, chunk_rows=512, num_chunks=4, active_chunk_window=4, stage_slots=4, comm_lanes=2, n_bands=2, frontier_chunks=1
Rank 3 [custom] latency (ms): torch_total=5.56, torch_gemm_only=3.79, torch_rs_only=2.09, v2_total=5.36, v2_gemm_only=4.92, v2_rs_only=3.13, v2_internal_overlap=33.37%, v2_speedup_vs_torch=1.04, v2_speedup_vs_old=nan, chunk_rows=512, num_chunks=4, active_chunk_window=4, stage_slots=4, comm_lanes=2, n_bands=2, frontier_chunks=1
W0828 19:30:33.341000 43667 site-packages/torch/distributed/run.py:766] 
W0828 19:30:33.341000 43667 site-packages/torch/distributed/run.py:766] *****************************************
W0828 19:30:33.341000 43667 site-packages/torch/distributed/run.py:766] Setting OMP_NUM_THREADS environment variable for each process to be 1 in default, to avoid your system being overloaded, please further tune the variable for optimal performance in your application as needed. 
W0828 19:30:33.341000 43667 site-packages/torch/distributed/run.py:766] *****************************************
<frozen importlib._bootstrap_external>:1301: FutureWarning: The cuda.cuda module is deprecated and will be removed in a future release, please switch to use the cuda.bindings.driver module instead.
<frozen importlib._bootstrap_external>:1301: FutureWarning: The cuda.cudart module is deprecated and will be removed in a future release, please switch to use the cuda.bindings.runtime module instead.
<frozen importlib._bootstrap_external>:1301: FutureWarning: The cuda.cuda module is deprecated and will be removed in a future release, please switch to use the cuda.bindings.driver module instead.
<frozen importlib._bootstrap_external>:1301: FutureWarning: The cuda.cudart module is deprecated and will be removed in a future release, please switch to use the cuda.bindings.runtime module instead.
<frozen importlib._bootstrap_external>:1301: FutureWarning: The cuda.cuda module is deprecated and will be removed in a future release, please switch to use the cuda.bindings.driver module instead.
<frozen importlib._bootstrap_external>:1301: FutureWarning: The cuda.cudart module is deprecated and will be removed in a future release, please switch to use the cuda.bindings.runtime module instead.
<frozen importlib._bootstrap_external>:1301: FutureWarning: The cuda.cuda module is deprecated and will be removed in a future release, please switch to use the cuda.bindings.driver module instead.
<frozen importlib._bootstrap_external>:1301: FutureWarning: The cuda.cudart module is deprecated and will be removed in a future release, please switch to use the cuda.bindings.runtime module instead.
/root/Triton-distributed/python/triton_dist/kernels/nvidia/comm_perf_model.py:78: UserWarning: can not get max bandwidth of interface bonding_masters, return 0...
  warnings.warn(f"can not get max bandwidth of interface {interface}, return 0...")
/root/Triton-distributed/python/triton_dist/kernels/nvidia/comm_perf_model.py:78: UserWarning: can not get max bandwidth of interface bonding_masters, return 0...
  warnings.warn(f"can not get max bandwidth of interface {interface}, return 0...")
/root/Triton-distributed/python/triton_dist/kernels/nvidia/comm_perf_model.py:78: UserWarning: can not get max bandwidth of interface bonding_masters, return 0...
  warnings.warn(f"can not get max bandwidth of interface {interface}, return 0...")
/root/Triton-distributed/python/triton_dist/kernels/nvidia/comm_perf_model.py:78: UserWarning: can not get max bandwidth of interface bonding_masters, return 0...
  warnings.warn(f"can not get max bandwidth of interface {interface}, return 0...")
[search][coarse] candidate 46/64: max_total=5.4000 ms, mean_total=5.3625 ms, speedup_mean=1.0350, speedup_min=1.0300, overlap_mean=33.23%, lead_ratio=2.000 | chunk=512, window=4, stage=4, steady_sms=6, tail_sms=12, lanes=2, bands=2, frontier=1
third liveness-stall diagnostics: torchrun=44341 workers=44406 44407 44408 44409 at 2026-08-28T19:32:51+08:00
interrupting confirmed stalled child sessions
[custom] test shape: M 8192, N 29568, K 8192
✅ all close!
✅ all close!
W0828 19:30:44.218000 44341 site-packages/torch/distributed/run.py:766] 
W0828 19:30:44.218000 44341 site-packages/torch/distributed/run.py:766] *****************************************
W0828 19:30:44.218000 44341 site-packages/torch/distributed/run.py:766] Setting OMP_NUM_THREADS environment variable for each process to be 1 in default, to avoid your system being overloaded, please further tune the variable for optimal performance in your application as needed. 
W0828 19:30:44.218000 44341 site-packages/torch/distributed/run.py:766] *****************************************
<frozen importlib._bootstrap_external>:1301: FutureWarning: The cuda.cuda module is deprecated and will be removed in a future release, please switch to use the cuda.bindings.driver module instead.
<frozen importlib._bootstrap_external>:1301: FutureWarning: The cuda.cudart module is deprecated and will be removed in a future release, please switch to use the cuda.bindings.runtime module instead.
<frozen importlib._bootstrap_external>:1301: FutureWarning: The cuda.cuda module is deprecated and will be removed in a future release, please switch to use the cuda.bindings.driver module instead.
<frozen importlib._bootstrap_external>:1301: FutureWarning: The cuda.cudart module is deprecated and will be removed in a future release, please switch to use the cuda.bindings.runtime module instead.
<frozen importlib._bootstrap_external>:1301: FutureWarning: The cuda.cuda module is deprecated and will be removed in a future release, please switch to use the cuda.bindings.driver module instead.
<frozen importlib._bootstrap_external>:1301: FutureWarning: The cuda.cudart module is deprecated and will be removed in a future release, please switch to use the cuda.bindings.runtime module instead.
<frozen importlib._bootstrap_external>:1301: FutureWarning: The cuda.cuda module is deprecated and will be removed in a future release, please switch to use the cuda.bindings.driver module instead.
<frozen importlib._bootstrap_external>:1301: FutureWarning: The cuda.cudart module is deprecated and will be removed in a future release, please switch to use the cuda.bindings.runtime module instead.
/root/Triton-distributed/python/triton_dist/kernels/nvidia/comm_perf_model.py:78: UserWarning: can not get max bandwidth of interface bonding_masters, return 0...
  warnings.warn(f"can not get max bandwidth of interface {interface}, return 0...")
/root/Triton-distributed/python/triton_dist/kernels/nvidia/comm_perf_model.py:78: UserWarning: can not get max bandwidth of interface bonding_masters, return 0...
  warnings.warn(f"can not get max bandwidth of interface {interface}, return 0...")
/root/Triton-distributed/python/triton_dist/kernels/nvidia/comm_perf_model.py:78: UserWarning: can not get max bandwidth of interface bonding_masters, return 0...
  warnings.warn(f"can not get max bandwidth of interface {interface}, return 0...")
/root/Triton-distributed/python/triton_dist/kernels/nvidia/comm_perf_model.py:78: UserWarning: can not get max bandwidth of interface bonding_masters, return 0...
  warnings.warn(f"can not get max bandwidth of interface {interface}, return 0...")
W0828 19:32:51.635000 44341 site-packages/torch/distributed/elastic/agent/server/api.py:719] Received 15 death signal, shutting down workers
W0828 19:32:51.639000 44341 site-packages/torch/distributed/elastic/multiprocessing/api.py:900] Sending process 44406 closing signal SIGTERM
W0828 19:32:51.640000 44341 site-packages/torch/distributed/elastic/multiprocessing/api.py:900] Sending process 44407 closing signal SIGTERM
W0828 19:32:51.640000 44341 site-packages/torch/distributed/elastic/multiprocessing/api.py:900] Sending process 44408 closing signal SIGTERM
W0828 19:32:51.641000 44341 site-packages/torch/distributed/elastic/multiprocessing/api.py:900] Sending process 44409 closing signal SIGTERM
Traceback (most recent call last):
  File "/root/miniconda3/bin/torchrun", line 7, in <module>
    sys.exit(main())
             ^^^^^^
  File "/root/miniconda3/lib/python3.12/site-packages/torch/distributed/elastic/multiprocessing/errors/__init__.py", line 355, in wrapper
    return f(*args, **kwargs)
           ^^^^^^^^^^^^^^^^^^
  File "/root/miniconda3/lib/python3.12/site-packages/torch/distributed/run.py", line 892, in main
    run(args)
  File "/root/miniconda3/lib/python3.12/site-packages/torch/distributed/run.py", line 883, in run
    elastic_launch(
  File "/root/miniconda3/lib/python3.12/site-packages/torch/distributed/launcher/api.py", line 139, in __call__
    return launch_agent(self._config, self._entrypoint, list(args))
           ^^^^^^^^^^^^^^^^^^^^^^^^^^^^^^^^^^^^^^^^^^^^^^^^^^^^^^^^
  File "/root/miniconda3/lib/python3.12/site-packages/torch/distributed/launcher/api.py", line 261, in launch_agent
    result = agent.run()
             ^^^^^^^^^^^
  File "/root/miniconda3/lib/python3.12/site-packages/torch/distributed/elastic/metrics/api.py", line 138, in wrapper
    result = f(*args, **kwargs)
             ^^^^^^^^^^^^^^^^^^
  File "/root/miniconda3/lib/python3.12/site-packages/torch/distributed/elastic/agent/server/api.py", line 711, in run
    result = self._invoke_run(role)
             ^^^^^^^^^^^^^^^^^^^^^^
  File "/root/miniconda3/lib/python3.12/site-packages/torch/distributed/elastic/agent/server/api.py", line 870, in _invoke_run
    time.sleep(monitor_interval)
  File "/root/miniconda3/lib/python3.12/site-packages/torch/distributed/elastic/multiprocessing/api.py", line 84, in _terminate_process_handler
    raise SignalException(f"Process {os.getpid()} got signal: {sigval}", sigval=sigval)
torch.distributed.elastic.multiprocessing.api.SignalException: Process 44341 got signal: 15
[search][coarse] candidate 47/64 failed(rc=1): chunk=512, window=4, stage=4, steady_sms=6, tail_sms=16, lanes=1, bands=2, frontier=1
[custom] test shape: M 8192, N 29568, K 8192
✅ all close!
✅ all close!
✅ all close!
✅ all close!
Rank 0 [custom] latency (ms): torch_total=5.58, torch_gemm_only=3.75, torch_rs_only=2.10, v2_total=5.32, v2_gemm_only=4.94, v2_rs_only=3.12, v2_internal_overlap=33.94%, v2_speedup_vs_torch=1.05, v2_speedup_vs_old=nan, chunk_rows=512, num_chunks=4, active_chunk_window=4, stage_slots=4, comm_lanes=2, n_bands=2, frontier_chunks=1
Rank 1 [custom] latency (ms): torch_total=5.57, torch_gemm_only=3.77, torch_rs_only=2.06, v2_total=5.34, v2_gemm_only=4.91, v2_rs_only=3.14, v2_internal_overlap=33.60%, v2_speedup_vs_torch=1.04, v2_speedup_vs_old=nan, chunk_rows=512, num_chunks=4, active_chunk_window=4, stage_slots=4, comm_lanes=2, n_bands=2, frontier_chunks=1
Rank 2 [custom] latency (ms): torch_total=5.55, torch_gemm_only=3.73, torch_rs_only=2.07, v2_total=5.33, v2_gemm_only=4.97, v2_rs_only=3.16, v2_internal_overlap=34.45%, v2_speedup_vs_torch=1.04, v2_speedup_vs_old=nan, chunk_rows=512, num_chunks=4, active_chunk_window=4, stage_slots=4, comm_lanes=2, n_bands=2, frontier_chunks=1
Rank 3 [custom] latency (ms): torch_total=5.57, torch_gemm_only=3.79, torch_rs_only=2.10, v2_total=5.34, v2_gemm_only=5.08, v2_rs_only=3.17, v2_internal_overlap=35.34%, v2_speedup_vs_torch=1.04, v2_speedup_vs_old=nan, chunk_rows=512, num_chunks=4, active_chunk_window=4, stage_slots=4, comm_lanes=2, n_bands=2, frontier_chunks=1
W0828 19:32:54.259000 44676 site-packages/torch/distributed/run.py:766] 
W0828 19:32:54.259000 44676 site-packages/torch/distributed/run.py:766] *****************************************
W0828 19:32:54.259000 44676 site-packages/torch/distributed/run.py:766] Setting OMP_NUM_THREADS environment variable for each process to be 1 in default, to avoid your system being overloaded, please further tune the variable for optimal performance in your application as needed. 
W0828 19:32:54.259000 44676 site-packages/torch/distributed/run.py:766] *****************************************
<frozen importlib._bootstrap_external>:1301: FutureWarning: The cuda.cuda module is deprecated and will be removed in a future release, please switch to use the cuda.bindings.driver module instead.
<frozen importlib._bootstrap_external>:1301: FutureWarning: The cuda.cudart module is deprecated and will be removed in a future release, please switch to use the cuda.bindings.runtime module instead.
<frozen importlib._bootstrap_external>:1301: FutureWarning: The cuda.cuda module is deprecated and will be removed in a future release, please switch to use the cuda.bindings.driver module instead.
<frozen importlib._bootstrap_external>:1301: FutureWarning: The cuda.cudart module is deprecated and will be removed in a future release, please switch to use the cuda.bindings.runtime module instead.
<frozen importlib._bootstrap_external>:1301: FutureWarning: The cuda.cuda module is deprecated and will be removed in a future release, please switch to use the cuda.bindings.driver module instead.
<frozen importlib._bootstrap_external>:1301: FutureWarning: The cuda.cuda module is deprecated and will be removed in a future release, please switch to use the cuda.bindings.driver module instead.
<frozen importlib._bootstrap_external>:1301: FutureWarning: The cuda.cudart module is deprecated and will be removed in a future release, please switch to use the cuda.bindings.runtime module instead.
<frozen importlib._bootstrap_external>:1301: FutureWarning: The cuda.cudart module is deprecated and will be removed in a future release, please switch to use the cuda.bindings.runtime module instead.
/root/Triton-distributed/python/triton_dist/kernels/nvidia/comm_perf_model.py:78: UserWarning: can not get max bandwidth of interface bonding_masters, return 0...
  warnings.warn(f"can not get max bandwidth of interface {interface}, return 0...")
/root/Triton-distributed/python/triton_dist/kernels/nvidia/comm_perf_model.py:78: UserWarning: can not get max bandwidth of interface bonding_masters, return 0...
  warnings.warn(f"can not get max bandwidth of interface {interface}, return 0...")
/root/Triton-distributed/python/triton_dist/kernels/nvidia/comm_perf_model.py:78: UserWarning: can not get max bandwidth of interface bonding_masters, return 0...
  warnings.warn(f"can not get max bandwidth of interface {interface}, return 0...")
/root/Triton-distributed/python/triton_dist/kernels/nvidia/comm_perf_model.py:78: UserWarning: can not get max bandwidth of interface bonding_masters, return 0...
  warnings.warn(f"can not get max bandwidth of interface {interface}, return 0...")
[search][coarse] candidate 48/64: max_total=5.3400 ms, mean_total=5.3325 ms, speedup_mean=1.0425, speedup_min=1.0400, overlap_mean=34.33%, lead_ratio=2.000 | chunk=512, window=4, stage=4, steady_sms=6, tail_sms=16, lanes=2, bands=2, frontier=1
[custom] test shape: M 8192, N 29568, K 8192
✅ all close!
✅ all close!
✅ all close!
✅ all close!
Rank 0 [custom] latency (ms): torch_total=5.55, torch_gemm_only=3.74, torch_rs_only=2.20, v2_total=6.68, v2_gemm_only=5.66, v2_rs_only=3.58, v2_internal_overlap=27.73%, v2_speedup_vs_torch=0.83, v2_speedup_vs_old=nan, chunk_rows=512, num_chunks=4, active_chunk_window=4, stage_slots=2, comm_lanes=1, n_bands=2, frontier_chunks=2
Rank 1 [custom] latency (ms): torch_total=5.54, torch_gemm_only=3.73, torch_rs_only=2.23, v2_total=6.91, v2_gemm_only=5.03, v2_rs_only=3.47, v2_internal_overlap=18.76%, v2_speedup_vs_torch=0.80, v2_speedup_vs_old=nan, chunk_rows=512, num_chunks=4, active_chunk_window=4, stage_slots=2, comm_lanes=1, n_bands=2, frontier_chunks=2
Rank 2 [custom] latency (ms): torch_total=5.55, torch_gemm_only=3.73, torch_rs_only=2.23, v2_total=6.88, v2_gemm_only=5.95, v2_rs_only=3.57, v2_internal_overlap=27.75%, v2_speedup_vs_torch=0.81, v2_speedup_vs_old=nan, chunk_rows=512, num_chunks=4, active_chunk_window=4, stage_slots=2, comm_lanes=1, n_bands=2, frontier_chunks=2
Rank 3 [custom] latency (ms): torch_total=5.57, torch_gemm_only=3.78, torch_rs_only=2.24, v2_total=6.42, v2_gemm_only=5.42, v2_rs_only=3.50, v2_internal_overlap=28.03%, v2_speedup_vs_torch=0.87, v2_speedup_vs_old=nan, chunk_rows=512, num_chunks=4, active_chunk_window=4, stage_slots=2, comm_lanes=1, n_bands=2, frontier_chunks=2
W0828 19:33:05.551000 45332 site-packages/torch/distributed/run.py:766] 
W0828 19:33:05.551000 45332 site-packages/torch/distributed/run.py:766] *****************************************
W0828 19:33:05.551000 45332 site-packages/torch/distributed/run.py:766] Setting OMP_NUM_THREADS environment variable for each process to be 1 in default, to avoid your system being overloaded, please further tune the variable for optimal performance in your application as needed. 
W0828 19:33:05.551000 45332 site-packages/torch/distributed/run.py:766] *****************************************
<frozen importlib._bootstrap_external>:1301: FutureWarning: The cuda.cuda module is deprecated and will be removed in a future release, please switch to use the cuda.bindings.driver module instead.
<frozen importlib._bootstrap_external>:1301: FutureWarning: The cuda.cudart module is deprecated and will be removed in a future release, please switch to use the cuda.bindings.runtime module instead.
<frozen importlib._bootstrap_external>:1301: FutureWarning: The cuda.cuda module is deprecated and will be removed in a future release, please switch to use the cuda.bindings.driver module instead.
<frozen importlib._bootstrap_external>:1301: FutureWarning: The cuda.cudart module is deprecated and will be removed in a future release, please switch to use the cuda.bindings.runtime module instead.
<frozen importlib._bootstrap_external>:1301: FutureWarning: The cuda.cuda module is deprecated and will be removed in a future release, please switch to use the cuda.bindings.driver module instead.
<frozen importlib._bootstrap_external>:1301: FutureWarning: The cuda.cudart module is deprecated and will be removed in a future release, please switch to use the cuda.bindings.runtime module instead.
<frozen importlib._bootstrap_external>:1301: FutureWarning: The cuda.cuda module is deprecated and will be removed in a future release, please switch to use the cuda.bindings.driver module instead.
<frozen importlib._bootstrap_external>:1301: FutureWarning: The cuda.cudart module is deprecated and will be removed in a future release, please switch to use the cuda.bindings.runtime module instead.
/root/Triton-distributed/python/triton_dist/kernels/nvidia/comm_perf_model.py:78: UserWarning: can not get max bandwidth of interface bonding_masters, return 0...
  warnings.warn(f"can not get max bandwidth of interface {interface}, return 0...")
/root/Triton-distributed/python/triton_dist/kernels/nvidia/comm_perf_model.py:78: UserWarning: can not get max bandwidth of interface bonding_masters, return 0...
  warnings.warn(f"can not get max bandwidth of interface {interface}, return 0...")
/root/Triton-distributed/python/triton_dist/kernels/nvidia/comm_perf_model.py:78: UserWarning: can not get max bandwidth of interface bonding_masters, return 0...
  warnings.warn(f"can not get max bandwidth of interface {interface}, return 0...")
/root/Triton-distributed/python/triton_dist/kernels/nvidia/comm_perf_model.py:78: UserWarning: can not get max bandwidth of interface bonding_masters, return 0...
  warnings.warn(f"can not get max bandwidth of interface {interface}, return 0...")
[search][coarse] candidate 49/64: max_total=6.9100 ms, mean_total=6.7225 ms, speedup_mean=0.8275, speedup_min=0.8000, overlap_mean=25.57%, lead_ratio=4.000 | chunk=512, window=4, stage=2, steady_sms=4, tail_sms=12, lanes=1, bands=2, frontier=2
[custom] test shape: M 8192, N 29568, K 8192
✅ all close!
✅ all close!
✅ all close!
✅ all close!
Rank 0 [custom] latency (ms): torch_total=5.56, torch_gemm_only=3.76, torch_rs_only=2.06, v2_total=5.86, v2_gemm_only=4.89, v2_rs_only=3.29, v2_internal_overlap=28.37%, v2_speedup_vs_torch=0.95, v2_speedup_vs_old=nan, chunk_rows=512, num_chunks=4, active_chunk_window=4, stage_slots=2, comm_lanes=2, n_bands=2, frontier_chunks=2
Rank 1 [custom] latency (ms): torch_total=5.55, torch_gemm_only=3.74, torch_rs_only=2.02, v2_total=6.16, v2_gemm_only=5.28, v2_rs_only=3.29, v2_internal_overlap=28.21%, v2_speedup_vs_torch=0.90, v2_speedup_vs_old=nan, chunk_rows=512, num_chunks=4, active_chunk_window=4, stage_slots=2, comm_lanes=2, n_bands=2, frontier_chunks=2
Rank 2 [custom] latency (ms): torch_total=5.55, torch_gemm_only=3.75, torch_rs_only=2.06, v2_total=5.75, v2_gemm_only=4.91, v2_rs_only=3.24, v2_internal_overlap=29.41%, v2_speedup_vs_torch=0.96, v2_speedup_vs_old=nan, chunk_rows=512, num_chunks=4, active_chunk_window=4, stage_slots=2, comm_lanes=2, n_bands=2, frontier_chunks=2
Rank 3 [custom] latency (ms): torch_total=5.57, torch_gemm_only=3.79, torch_rs_only=2.08, v2_total=5.81, v2_gemm_only=4.95, v2_rs_only=3.30, v2_internal_overlap=29.49%, v2_speedup_vs_torch=0.96, v2_speedup_vs_old=nan, chunk_rows=512, num_chunks=4, active_chunk_window=4, stage_slots=2, comm_lanes=2, n_bands=2, frontier_chunks=2
W0828 19:33:36.568000 46234 site-packages/torch/distributed/run.py:766] 
W0828 19:33:36.568000 46234 site-packages/torch/distributed/run.py:766] *****************************************
W0828 19:33:36.568000 46234 site-packages/torch/distributed/run.py:766] Setting OMP_NUM_THREADS environment variable for each process to be 1 in default, to avoid your system being overloaded, please further tune the variable for optimal performance in your application as needed. 
W0828 19:33:36.568000 46234 site-packages/torch/distributed/run.py:766] *****************************************
<frozen importlib._bootstrap_external>:1301: FutureWarning: The cuda.cuda module is deprecated and will be removed in a future release, please switch to use the cuda.bindings.driver module instead.
<frozen importlib._bootstrap_external>:1301: FutureWarning: The cuda.cudart module is deprecated and will be removed in a future release, please switch to use the cuda.bindings.runtime module instead.
<frozen importlib._bootstrap_external>:1301: FutureWarning: The cuda.cuda module is deprecated and will be removed in a future release, please switch to use the cuda.bindings.driver module instead.
<frozen importlib._bootstrap_external>:1301: FutureWarning: The cuda.cudart module is deprecated and will be removed in a future release, please switch to use the cuda.bindings.runtime module instead.
<frozen importlib._bootstrap_external>:1301: FutureWarning: The cuda.cuda module is deprecated and will be removed in a future release, please switch to use the cuda.bindings.driver module instead.
<frozen importlib._bootstrap_external>:1301: FutureWarning: The cuda.cudart module is deprecated and will be removed in a future release, please switch to use the cuda.bindings.runtime module instead.
<frozen importlib._bootstrap_external>:1301: FutureWarning: The cuda.cuda module is deprecated and will be removed in a future release, please switch to use the cuda.bindings.driver module instead.
<frozen importlib._bootstrap_external>:1301: FutureWarning: The cuda.cudart module is deprecated and will be removed in a future release, please switch to use the cuda.bindings.runtime module instead.
/root/Triton-distributed/python/triton_dist/kernels/nvidia/comm_perf_model.py:78: UserWarning: can not get max bandwidth of interface bonding_masters, return 0...
  warnings.warn(f"can not get max bandwidth of interface {interface}, return 0...")
/root/Triton-distributed/python/triton_dist/kernels/nvidia/comm_perf_model.py:78: UserWarning: can not get max bandwidth of interface bonding_masters, return 0...
  warnings.warn(f"can not get max bandwidth of interface {interface}, return 0...")
/root/Triton-distributed/python/triton_dist/kernels/nvidia/comm_perf_model.py:78: UserWarning: can not get max bandwidth of interface bonding_masters, return 0...
  warnings.warn(f"can not get max bandwidth of interface {interface}, return 0...")
/root/Triton-distributed/python/triton_dist/kernels/nvidia/comm_perf_model.py:78: UserWarning: can not get max bandwidth of interface bonding_masters, return 0...
  warnings.warn(f"can not get max bandwidth of interface {interface}, return 0...")
[search][coarse] candidate 50/64: max_total=6.1600 ms, mean_total=5.8950 ms, speedup_mean=0.9425, speedup_min=0.9000, overlap_mean=28.87%, lead_ratio=4.000 | chunk=512, window=4, stage=2, steady_sms=4, tail_sms=12, lanes=2, bands=2, frontier=2
[custom] test shape: M 8192, N 29568, K 8192
✅ all close!
✅ all close!
✅ all close!
✅ all close!
Rank 0 [custom] latency (ms): torch_total=5.57, torch_gemm_only=3.77, torch_rs_only=2.09, v2_total=5.94, v2_gemm_only=4.90, v2_rs_only=3.15, v2_internal_overlap=26.21%, v2_speedup_vs_torch=0.94, v2_speedup_vs_old=nan, chunk_rows=512, num_chunks=4, active_chunk_window=4, stage_slots=2, comm_lanes=1, n_bands=2, frontier_chunks=2
Rank 1 [custom] latency (ms): torch_total=5.54, torch_gemm_only=3.76, torch_rs_only=2.11, v2_total=6.66, v2_gemm_only=5.80, v2_rs_only=3.32, v2_internal_overlap=27.02%, v2_speedup_vs_torch=0.83, v2_speedup_vs_old=nan, chunk_rows=512, num_chunks=4, active_chunk_window=4, stage_slots=2, comm_lanes=1, n_bands=2, frontier_chunks=2
Rank 2 [custom] latency (ms): torch_total=5.57, torch_gemm_only=3.76, torch_rs_only=2.11, v2_total=5.92, v2_gemm_only=4.91, v2_rs_only=3.13, v2_internal_overlap=26.38%, v2_speedup_vs_torch=0.94, v2_speedup_vs_old=nan, chunk_rows=512, num_chunks=4, active_chunk_window=4, stage_slots=2, comm_lanes=1, n_bands=2, frontier_chunks=2
Rank 3 [custom] latency (ms): torch_total=5.57, torch_gemm_only=3.77, torch_rs_only=2.08, v2_total=5.87, v2_gemm_only=4.92, v2_rs_only=3.13, v2_internal_overlap=27.11%, v2_speedup_vs_torch=0.95, v2_speedup_vs_old=nan, chunk_rows=512, num_chunks=4, active_chunk_window=4, stage_slots=2, comm_lanes=1, n_bands=2, frontier_chunks=2
W0828 19:33:47.341000 46886 site-packages/torch/distributed/run.py:766] 
W0828 19:33:47.341000 46886 site-packages/torch/distributed/run.py:766] *****************************************
W0828 19:33:47.341000 46886 site-packages/torch/distributed/run.py:766] Setting OMP_NUM_THREADS environment variable for each process to be 1 in default, to avoid your system being overloaded, please further tune the variable for optimal performance in your application as needed. 
W0828 19:33:47.341000 46886 site-packages/torch/distributed/run.py:766] *****************************************
<frozen importlib._bootstrap_external>:1301: FutureWarning: The cuda.cuda module is deprecated and will be removed in a future release, please switch to use the cuda.bindings.driver module instead.
<frozen importlib._bootstrap_external>:1301: FutureWarning: The cuda.cudart module is deprecated and will be removed in a future release, please switch to use the cuda.bindings.runtime module instead.
<frozen importlib._bootstrap_external>:1301: FutureWarning: The cuda.cuda module is deprecated and will be removed in a future release, please switch to use the cuda.bindings.driver module instead.
<frozen importlib._bootstrap_external>:1301: FutureWarning: The cuda.cuda module is deprecated and will be removed in a future release, please switch to use the cuda.bindings.driver module instead.
<frozen importlib._bootstrap_external>:1301: FutureWarning: The cuda.cudart module is deprecated and will be removed in a future release, please switch to use the cuda.bindings.runtime module instead.
<frozen importlib._bootstrap_external>:1301: FutureWarning: The cuda.cudart module is deprecated and will be removed in a future release, please switch to use the cuda.bindings.runtime module instead.
<frozen importlib._bootstrap_external>:1301: FutureWarning: The cuda.cuda module is deprecated and will be removed in a future release, please switch to use the cuda.bindings.driver module instead.
<frozen importlib._bootstrap_external>:1301: FutureWarning: The cuda.cudart module is deprecated and will be removed in a future release, please switch to use the cuda.bindings.runtime module instead.
/root/Triton-distributed/python/triton_dist/kernels/nvidia/comm_perf_model.py:78: UserWarning: can not get max bandwidth of interface bonding_masters, return 0...
  warnings.warn(f"can not get max bandwidth of interface {interface}, return 0...")
/root/Triton-distributed/python/triton_dist/kernels/nvidia/comm_perf_model.py:78: UserWarning: can not get max bandwidth of interface bonding_masters, return 0...
  warnings.warn(f"can not get max bandwidth of interface {interface}, return 0...")
/root/Triton-distributed/python/triton_dist/kernels/nvidia/comm_perf_model.py:78: UserWarning: can not get max bandwidth of interface bonding_masters, return 0...
  warnings.warn(f"can not get max bandwidth of interface {interface}, return 0...")
/root/Triton-distributed/python/triton_dist/kernels/nvidia/comm_perf_model.py:78: UserWarning: can not get max bandwidth of interface bonding_masters, return 0...
  warnings.warn(f"can not get max bandwidth of interface {interface}, return 0...")
[search][coarse] candidate 51/64: max_total=6.6600 ms, mean_total=6.0975 ms, speedup_mean=0.9150, speedup_min=0.8300, overlap_mean=26.68%, lead_ratio=4.000 | chunk=512, window=4, stage=2, steady_sms=4, tail_sms=16, lanes=1, bands=2, frontier=2
[custom] test shape: M 8192, N 29568, K 8192
✅ all close!
✅ all close!
✅ all close!
✅ all close!
Rank 0 [custom] latency (ms): torch_total=5.56, torch_gemm_only=3.73, torch_rs_only=2.15, v2_total=5.89, v2_gemm_only=4.89, v2_rs_only=3.29, v2_internal_overlap=27.96%, v2_speedup_vs_torch=0.94, v2_speedup_vs_old=nan, chunk_rows=512, num_chunks=4, active_chunk_window=4, stage_slots=2, comm_lanes=2, n_bands=2, frontier_chunks=2
Rank 1 [custom] latency (ms): torch_total=5.56, torch_gemm_only=3.74, torch_rs_only=2.09, v2_total=6.58, v2_gemm_only=5.73, v2_rs_only=3.39, v2_internal_overlap=27.90%, v2_speedup_vs_torch=0.85, v2_speedup_vs_old=nan, chunk_rows=512, num_chunks=4, active_chunk_window=4, stage_slots=2, comm_lanes=2, n_bands=2, frontier_chunks=2
Rank 2 [custom] latency (ms): torch_total=5.55, torch_gemm_only=3.73, torch_rs_only=2.08, v2_total=5.75, v2_gemm_only=4.91, v2_rs_only=3.29, v2_internal_overlap=29.84%, v2_speedup_vs_torch=0.96, v2_speedup_vs_old=nan, chunk_rows=512, num_chunks=4, active_chunk_window=4, stage_slots=2, comm_lanes=2, n_bands=2, frontier_chunks=2
Rank 3 [custom] latency (ms): torch_total=5.58, torch_gemm_only=3.79, torch_rs_only=2.13, v2_total=5.93, v2_gemm_only=4.95, v2_rs_only=3.24, v2_internal_overlap=27.61%, v2_speedup_vs_torch=0.94, v2_speedup_vs_old=nan, chunk_rows=512, num_chunks=4, active_chunk_window=4, stage_slots=2, comm_lanes=2, n_bands=2, frontier_chunks=2
W0828 19:33:58.242000 47555 site-packages/torch/distributed/run.py:766] 
W0828 19:33:58.242000 47555 site-packages/torch/distributed/run.py:766] *****************************************
W0828 19:33:58.242000 47555 site-packages/torch/distributed/run.py:766] Setting OMP_NUM_THREADS environment variable for each process to be 1 in default, to avoid your system being overloaded, please further tune the variable for optimal performance in your application as needed. 
W0828 19:33:58.242000 47555 site-packages/torch/distributed/run.py:766] *****************************************
<frozen importlib._bootstrap_external>:1301: FutureWarning: The cuda.cuda module is deprecated and will be removed in a future release, please switch to use the cuda.bindings.driver module instead.
<frozen importlib._bootstrap_external>:1301: FutureWarning: The cuda.cudart module is deprecated and will be removed in a future release, please switch to use the cuda.bindings.runtime module instead.
<frozen importlib._bootstrap_external>:1301: FutureWarning: The cuda.cuda module is deprecated and will be removed in a future release, please switch to use the cuda.bindings.driver module instead.
<frozen importlib._bootstrap_external>:1301: FutureWarning: The cuda.cudart module is deprecated and will be removed in a future release, please switch to use the cuda.bindings.runtime module instead.
<frozen importlib._bootstrap_external>:1301: FutureWarning: The cuda.cuda module is deprecated and will be removed in a future release, please switch to use the cuda.bindings.driver module instead.
<frozen importlib._bootstrap_external>:1301: FutureWarning: The cuda.cudart module is deprecated and will be removed in a future release, please switch to use the cuda.bindings.runtime module instead.
<frozen importlib._bootstrap_external>:1301: FutureWarning: The cuda.cuda module is deprecated and will be removed in a future release, please switch to use the cuda.bindings.driver module instead.
<frozen importlib._bootstrap_external>:1301: FutureWarning: The cuda.cudart module is deprecated and will be removed in a future release, please switch to use the cuda.bindings.runtime module instead.
/root/Triton-distributed/python/triton_dist/kernels/nvidia/comm_perf_model.py:78: UserWarning: can not get max bandwidth of interface bonding_masters, return 0...
  warnings.warn(f"can not get max bandwidth of interface {interface}, return 0...")
/root/Triton-distributed/python/triton_dist/kernels/nvidia/comm_perf_model.py:78: UserWarning: can not get max bandwidth of interface bonding_masters, return 0...
  warnings.warn(f"can not get max bandwidth of interface {interface}, return 0...")
/root/Triton-distributed/python/triton_dist/kernels/nvidia/comm_perf_model.py:78: UserWarning: can not get max bandwidth of interface bonding_masters, return 0...
  warnings.warn(f"can not get max bandwidth of interface {interface}, return 0...")
/root/Triton-distributed/python/triton_dist/kernels/nvidia/comm_perf_model.py:78: UserWarning: can not get max bandwidth of interface bonding_masters, return 0...
  warnings.warn(f"can not get max bandwidth of interface {interface}, return 0...")
[search][coarse] candidate 52/64: max_total=6.5800 ms, mean_total=6.0375 ms, speedup_mean=0.9225, speedup_min=0.8500, overlap_mean=28.33%, lead_ratio=4.000 | chunk=512, window=4, stage=2, steady_sms=4, tail_sms=16, lanes=2, bands=2, frontier=2
[custom] test shape: M 8192, N 29568, K 8192
✅ all close!
✅ all close!
✅ all close!
✅ all close!
Rank 0 [custom] latency (ms): torch_total=5.57, torch_gemm_only=3.75, torch_rs_only=2.06, v2_total=5.53, v2_gemm_only=4.89, v2_rs_only=3.07, v2_internal_overlap=30.61%, v2_speedup_vs_torch=1.01, v2_speedup_vs_old=nan, chunk_rows=512, num_chunks=4, active_chunk_window=4, stage_slots=2, comm_lanes=1, n_bands=2, frontier_chunks=2
Rank 1 [custom] latency (ms): torch_total=5.57, torch_gemm_only=3.74, torch_rs_only=2.08, v2_total=5.58, v2_gemm_only=4.90, v2_rs_only=3.10, v2_internal_overlap=30.24%, v2_speedup_vs_torch=1.00, v2_speedup_vs_old=nan, chunk_rows=512, num_chunks=4, active_chunk_window=4, stage_slots=2, comm_lanes=1, n_bands=2, frontier_chunks=2
Rank 2 [custom] latency (ms): torch_total=5.56, torch_gemm_only=3.75, torch_rs_only=2.08, v2_total=6.07, v2_gemm_only=4.96, v2_rs_only=3.10, v2_internal_overlap=24.76%, v2_speedup_vs_torch=0.92, v2_speedup_vs_old=nan, chunk_rows=512, num_chunks=4, active_chunk_window=4, stage_slots=2, comm_lanes=1, n_bands=2, frontier_chunks=2
Rank 3 [custom] latency (ms): torch_total=5.57, torch_gemm_only=3.81, torch_rs_only=2.07, v2_total=5.55, v2_gemm_only=4.95, v2_rs_only=3.17, v2_internal_overlap=31.61%, v2_speedup_vs_torch=1.00, v2_speedup_vs_old=nan, chunk_rows=512, num_chunks=4, active_chunk_window=4, stage_slots=2, comm_lanes=1, n_bands=2, frontier_chunks=2
W0828 19:34:09.031000 48212 site-packages/torch/distributed/run.py:766] 
W0828 19:34:09.031000 48212 site-packages/torch/distributed/run.py:766] *****************************************
W0828 19:34:09.031000 48212 site-packages/torch/distributed/run.py:766] Setting OMP_NUM_THREADS environment variable for each process to be 1 in default, to avoid your system being overloaded, please further tune the variable for optimal performance in your application as needed. 
W0828 19:34:09.031000 48212 site-packages/torch/distributed/run.py:766] *****************************************
<frozen importlib._bootstrap_external>:1301: FutureWarning: The cuda.cuda module is deprecated and will be removed in a future release, please switch to use the cuda.bindings.driver module instead.
<frozen importlib._bootstrap_external>:1301: FutureWarning: The cuda.cudart module is deprecated and will be removed in a future release, please switch to use the cuda.bindings.runtime module instead.
<frozen importlib._bootstrap_external>:1301: FutureWarning: The cuda.cuda module is deprecated and will be removed in a future release, please switch to use the cuda.bindings.driver module instead.
<frozen importlib._bootstrap_external>:1301: FutureWarning: The cuda.cudart module is deprecated and will be removed in a future release, please switch to use the cuda.bindings.runtime module instead.
<frozen importlib._bootstrap_external>:1301: FutureWarning: The cuda.cuda module is deprecated and will be removed in a future release, please switch to use the cuda.bindings.driver module instead.
<frozen importlib._bootstrap_external>:1301: FutureWarning: The cuda.cudart module is deprecated and will be removed in a future release, please switch to use the cuda.bindings.runtime module instead.
<frozen importlib._bootstrap_external>:1301: FutureWarning: The cuda.cuda module is deprecated and will be removed in a future release, please switch to use the cuda.bindings.driver module instead.
<frozen importlib._bootstrap_external>:1301: FutureWarning: The cuda.cudart module is deprecated and will be removed in a future release, please switch to use the cuda.bindings.runtime module instead.
/root/Triton-distributed/python/triton_dist/kernels/nvidia/comm_perf_model.py:78: UserWarning: can not get max bandwidth of interface bonding_masters, return 0...
  warnings.warn(f"can not get max bandwidth of interface {interface}, return 0...")
/root/Triton-distributed/python/triton_dist/kernels/nvidia/comm_perf_model.py:78: UserWarning: can not get max bandwidth of interface bonding_masters, return 0...
  warnings.warn(f"can not get max bandwidth of interface {interface}, return 0...")
/root/Triton-distributed/python/triton_dist/kernels/nvidia/comm_perf_model.py:78: UserWarning: can not get max bandwidth of interface bonding_masters, return 0...
  warnings.warn(f"can not get max bandwidth of interface {interface}, return 0...")
/root/Triton-distributed/python/triton_dist/kernels/nvidia/comm_perf_model.py:78: UserWarning: can not get max bandwidth of interface bonding_masters, return 0...
  warnings.warn(f"can not get max bandwidth of interface {interface}, return 0...")
[search][coarse] candidate 53/64: max_total=6.0700 ms, mean_total=5.6825 ms, speedup_mean=0.9825, speedup_min=0.9200, overlap_mean=29.30%, lead_ratio=4.000 | chunk=512, window=4, stage=2, steady_sms=6, tail_sms=12, lanes=1, bands=2, frontier=2
[custom] test shape: M 8192, N 29568, K 8192
✅ all close!
✅ all close!
✅ all close!
✅ all close!
Rank 0 [custom] latency (ms): torch_total=5.57, torch_gemm_only=3.73, torch_rs_only=2.14, v2_total=5.54, v2_gemm_only=4.94, v2_rs_only=3.16, v2_internal_overlap=31.59%, v2_speedup_vs_torch=1.01, v2_speedup_vs_old=nan, chunk_rows=512, num_chunks=4, active_chunk_window=4, stage_slots=2, comm_lanes=2, n_bands=2, frontier_chunks=2
Rank 1 [custom] latency (ms): torch_total=5.56, torch_gemm_only=3.74, torch_rs_only=2.16, v2_total=5.50, v2_gemm_only=4.90, v2_rs_only=3.08, v2_internal_overlap=31.13%, v2_speedup_vs_torch=1.01, v2_speedup_vs_old=nan, chunk_rows=512, num_chunks=4, active_chunk_window=4, stage_slots=2, comm_lanes=2, n_bands=2, frontier_chunks=2
Rank 2 [custom] latency (ms): torch_total=5.57, torch_gemm_only=3.73, torch_rs_only=2.18, v2_total=5.48, v2_gemm_only=4.91, v2_rs_only=3.16, v2_internal_overlap=32.07%, v2_speedup_vs_torch=1.02, v2_speedup_vs_old=nan, chunk_rows=512, num_chunks=4, active_chunk_window=4, stage_slots=2, comm_lanes=2, n_bands=2, frontier_chunks=2
Rank 3 [custom] latency (ms): torch_total=5.58, torch_gemm_only=3.77, torch_rs_only=2.16, v2_total=5.48, v2_gemm_only=4.97, v2_rs_only=3.22, v2_internal_overlap=33.06%, v2_speedup_vs_torch=1.02, v2_speedup_vs_old=nan, chunk_rows=512, num_chunks=4, active_chunk_window=4, stage_slots=2, comm_lanes=2, n_bands=2, frontier_chunks=2
W0828 19:34:19.976000 48863 site-packages/torch/distributed/run.py:766] 
W0828 19:34:19.976000 48863 site-packages/torch/distributed/run.py:766] *****************************************
W0828 19:34:19.976000 48863 site-packages/torch/distributed/run.py:766] Setting OMP_NUM_THREADS environment variable for each process to be 1 in default, to avoid your system being overloaded, please further tune the variable for optimal performance in your application as needed. 
W0828 19:34:19.976000 48863 site-packages/torch/distributed/run.py:766] *****************************************
<frozen importlib._bootstrap_external>:1301: FutureWarning: The cuda.cuda module is deprecated and will be removed in a future release, please switch to use the cuda.bindings.driver module instead.
<frozen importlib._bootstrap_external>:1301: FutureWarning: The cuda.cudart module is deprecated and will be removed in a future release, please switch to use the cuda.bindings.runtime module instead.
<frozen importlib._bootstrap_external>:1301: FutureWarning: The cuda.cuda module is deprecated and will be removed in a future release, please switch to use the cuda.bindings.driver module instead.
<frozen importlib._bootstrap_external>:1301: FutureWarning: The cuda.cudart module is deprecated and will be removed in a future release, please switch to use the cuda.bindings.runtime module instead.
<frozen importlib._bootstrap_external>:1301: FutureWarning: The cuda.cuda module is deprecated and will be removed in a future release, please switch to use the cuda.bindings.driver module instead.
<frozen importlib._bootstrap_external>:1301: FutureWarning: The cuda.cudart module is deprecated and will be removed in a future release, please switch to use the cuda.bindings.runtime module instead.
<frozen importlib._bootstrap_external>:1301: FutureWarning: The cuda.cuda module is deprecated and will be removed in a future release, please switch to use the cuda.bindings.driver module instead.
<frozen importlib._bootstrap_external>:1301: FutureWarning: The cuda.cudart module is deprecated and will be removed in a future release, please switch to use the cuda.bindings.runtime module instead.
/root/Triton-distributed/python/triton_dist/kernels/nvidia/comm_perf_model.py:78: UserWarning: can not get max bandwidth of interface bonding_masters, return 0...
  warnings.warn(f"can not get max bandwidth of interface {interface}, return 0...")
/root/Triton-distributed/python/triton_dist/kernels/nvidia/comm_perf_model.py:78: UserWarning: can not get max bandwidth of interface bonding_masters, return 0...
  warnings.warn(f"can not get max bandwidth of interface {interface}, return 0...")
/root/Triton-distributed/python/triton_dist/kernels/nvidia/comm_perf_model.py:78: UserWarning: can not get max bandwidth of interface bonding_masters, return 0...
  warnings.warn(f"can not get max bandwidth of interface {interface}, return 0...")
/root/Triton-distributed/python/triton_dist/kernels/nvidia/comm_perf_model.py:78: UserWarning: can not get max bandwidth of interface bonding_masters, return 0...
  warnings.warn(f"can not get max bandwidth of interface {interface}, return 0...")
[search][coarse] candidate 54/64: max_total=5.5400 ms, mean_total=5.5000 ms, speedup_mean=1.0150, speedup_min=1.0100, overlap_mean=31.96%, lead_ratio=4.000 | chunk=512, window=4, stage=2, steady_sms=6, tail_sms=12, lanes=2, bands=2, frontier=2
[custom] test shape: M 8192, N 29568, K 8192
✅ all close!
✅ all close!
✅ all close!
✅ all close!
Rank 0 [custom] latency (ms): torch_total=5.58, torch_gemm_only=3.73, torch_rs_only=2.08, v2_total=5.45, v2_gemm_only=4.92, v2_rs_only=3.00, v2_internal_overlap=31.21%, v2_speedup_vs_torch=1.02, v2_speedup_vs_old=nan, chunk_rows=512, num_chunks=4, active_chunk_window=4, stage_slots=2, comm_lanes=1, n_bands=2, frontier_chunks=2
Rank 1 [custom] latency (ms): torch_total=5.57, torch_gemm_only=3.74, torch_rs_only=2.09, v2_total=5.47, v2_gemm_only=4.90, v2_rs_only=2.95, v2_internal_overlap=30.30%, v2_speedup_vs_torch=1.02, v2_speedup_vs_old=nan, chunk_rows=512, num_chunks=4, active_chunk_window=4, stage_slots=2, comm_lanes=1, n_bands=2, frontier_chunks=2
Rank 2 [custom] latency (ms): torch_total=5.56, torch_gemm_only=3.74, torch_rs_only=2.11, v2_total=5.44, v2_gemm_only=4.90, v2_rs_only=2.97, v2_internal_overlap=30.83%, v2_speedup_vs_torch=1.02, v2_speedup_vs_old=nan, chunk_rows=512, num_chunks=4, active_chunk_window=4, stage_slots=2, comm_lanes=1, n_bands=2, frontier_chunks=2
Rank 3 [custom] latency (ms): torch_total=5.57, torch_gemm_only=3.78, torch_rs_only=2.12, v2_total=5.51, v2_gemm_only=5.09, v2_rs_only=2.96, v2_internal_overlap=31.54%, v2_speedup_vs_torch=1.01, v2_speedup_vs_old=nan, chunk_rows=512, num_chunks=4, active_chunk_window=4, stage_slots=2, comm_lanes=1, n_bands=2, frontier_chunks=2
W0828 19:34:31.256000 49515 site-packages/torch/distributed/run.py:766] 
W0828 19:34:31.256000 49515 site-packages/torch/distributed/run.py:766] *****************************************
W0828 19:34:31.256000 49515 site-packages/torch/distributed/run.py:766] Setting OMP_NUM_THREADS environment variable for each process to be 1 in default, to avoid your system being overloaded, please further tune the variable for optimal performance in your application as needed. 
W0828 19:34:31.256000 49515 site-packages/torch/distributed/run.py:766] *****************************************
<frozen importlib._bootstrap_external>:1301: FutureWarning: The cuda.cuda module is deprecated and will be removed in a future release, please switch to use the cuda.bindings.driver module instead.
<frozen importlib._bootstrap_external>:1301: FutureWarning: The cuda.cudart module is deprecated and will be removed in a future release, please switch to use the cuda.bindings.runtime module instead.
<frozen importlib._bootstrap_external>:1301: FutureWarning: The cuda.cuda module is deprecated and will be removed in a future release, please switch to use the cuda.bindings.driver module instead.
<frozen importlib._bootstrap_external>:1301: FutureWarning: The cuda.cudart module is deprecated and will be removed in a future release, please switch to use the cuda.bindings.runtime module instead.
<frozen importlib._bootstrap_external>:1301: FutureWarning: The cuda.cuda module is deprecated and will be removed in a future release, please switch to use the cuda.bindings.driver module instead.
<frozen importlib._bootstrap_external>:1301: FutureWarning: The cuda.cudart module is deprecated and will be removed in a future release, please switch to use the cuda.bindings.runtime module instead.
<frozen importlib._bootstrap_external>:1301: FutureWarning: The cuda.cuda module is deprecated and will be removed in a future release, please switch to use the cuda.bindings.driver module instead.
<frozen importlib._bootstrap_external>:1301: FutureWarning: The cuda.cudart module is deprecated and will be removed in a future release, please switch to use the cuda.bindings.runtime module instead.
/root/Triton-distributed/python/triton_dist/kernels/nvidia/comm_perf_model.py:78: UserWarning: can not get max bandwidth of interface bonding_masters, return 0...
  warnings.warn(f"can not get max bandwidth of interface {interface}, return 0...")
/root/Triton-distributed/python/triton_dist/kernels/nvidia/comm_perf_model.py:78: UserWarning: can not get max bandwidth of interface bonding_masters, return 0...
  warnings.warn(f"can not get max bandwidth of interface {interface}, return 0...")
/root/Triton-distributed/python/triton_dist/kernels/nvidia/comm_perf_model.py:78: UserWarning: can not get max bandwidth of interface bonding_masters, return 0...
  warnings.warn(f"can not get max bandwidth of interface {interface}, return 0...")
/root/Triton-distributed/python/triton_dist/kernels/nvidia/comm_perf_model.py:78: UserWarning: can not get max bandwidth of interface bonding_masters, return 0...
  warnings.warn(f"can not get max bandwidth of interface {interface}, return 0...")
[search][coarse] candidate 55/64: max_total=5.5100 ms, mean_total=5.4675 ms, speedup_mean=1.0175, speedup_min=1.0100, overlap_mean=30.97%, lead_ratio=4.000 | chunk=512, window=4, stage=2, steady_sms=6, tail_sms=16, lanes=1, bands=2, frontier=2
[custom] test shape: M 8192, N 29568, K 8192
✅ all close!
✅ all close!
✅ all close!
✅ all close!
Rank 0 [custom] latency (ms): torch_total=5.56, torch_gemm_only=3.75, torch_rs_only=2.03, v2_total=5.50, v2_gemm_only=4.89, v2_rs_only=3.15, v2_internal_overlap=31.63%, v2_speedup_vs_torch=1.01, v2_speedup_vs_old=nan, chunk_rows=512, num_chunks=4, active_chunk_window=4, stage_slots=2, comm_lanes=2, n_bands=2, frontier_chunks=2
Rank 1 [custom] latency (ms): torch_total=5.54, torch_gemm_only=3.73, torch_rs_only=2.03, v2_total=5.47, v2_gemm_only=4.95, v2_rs_only=3.13, v2_internal_overlap=32.36%, v2_speedup_vs_torch=1.01, v2_speedup_vs_old=nan, chunk_rows=512, num_chunks=4, active_chunk_window=4, stage_slots=2, comm_lanes=2, n_bands=2, frontier_chunks=2
Rank 2 [custom] latency (ms): torch_total=5.56, torch_gemm_only=3.73, torch_rs_only=2.05, v2_total=5.46, v2_gemm_only=4.90, v2_rs_only=3.18, v2_internal_overlap=32.48%, v2_speedup_vs_torch=1.02, v2_speedup_vs_old=nan, chunk_rows=512, num_chunks=4, active_chunk_window=4, stage_slots=2, comm_lanes=2, n_bands=2, frontier_chunks=2
Rank 3 [custom] latency (ms): torch_total=5.57, torch_gemm_only=3.78, torch_rs_only=2.03, v2_total=5.47, v2_gemm_only=5.02, v2_rs_only=3.20, v2_internal_overlap=33.41%, v2_speedup_vs_torch=1.02, v2_speedup_vs_old=nan, chunk_rows=512, num_chunks=4, active_chunk_window=4, stage_slots=2, comm_lanes=2, n_bands=2, frontier_chunks=2
W0828 19:34:42.139000 50188 site-packages/torch/distributed/run.py:766] 
W0828 19:34:42.139000 50188 site-packages/torch/distributed/run.py:766] *****************************************
W0828 19:34:42.139000 50188 site-packages/torch/distributed/run.py:766] Setting OMP_NUM_THREADS environment variable for each process to be 1 in default, to avoid your system being overloaded, please further tune the variable for optimal performance in your application as needed. 
W0828 19:34:42.139000 50188 site-packages/torch/distributed/run.py:766] *****************************************
<frozen importlib._bootstrap_external>:1301: FutureWarning: The cuda.cuda module is deprecated and will be removed in a future release, please switch to use the cuda.bindings.driver module instead.
<frozen importlib._bootstrap_external>:1301: FutureWarning: The cuda.cudart module is deprecated and will be removed in a future release, please switch to use the cuda.bindings.runtime module instead.
<frozen importlib._bootstrap_external>:1301: FutureWarning: The cuda.cuda module is deprecated and will be removed in a future release, please switch to use the cuda.bindings.driver module instead.
<frozen importlib._bootstrap_external>:1301: FutureWarning: The cuda.cudart module is deprecated and will be removed in a future release, please switch to use the cuda.bindings.runtime module instead.
<frozen importlib._bootstrap_external>:1301: FutureWarning: The cuda.cuda module is deprecated and will be removed in a future release, please switch to use the cuda.bindings.driver module instead.
<frozen importlib._bootstrap_external>:1301: FutureWarning: The cuda.cudart module is deprecated and will be removed in a future release, please switch to use the cuda.bindings.runtime module instead.
<frozen importlib._bootstrap_external>:1301: FutureWarning: The cuda.cuda module is deprecated and will be removed in a future release, please switch to use the cuda.bindings.driver module instead.
<frozen importlib._bootstrap_external>:1301: FutureWarning: The cuda.cudart module is deprecated and will be removed in a future release, please switch to use the cuda.bindings.runtime module instead.
/root/Triton-distributed/python/triton_dist/kernels/nvidia/comm_perf_model.py:78: UserWarning: can not get max bandwidth of interface bonding_masters, return 0...
  warnings.warn(f"can not get max bandwidth of interface {interface}, return 0...")
/root/Triton-distributed/python/triton_dist/kernels/nvidia/comm_perf_model.py:78: UserWarning: can not get max bandwidth of interface bonding_masters, return 0...
  warnings.warn(f"can not get max bandwidth of interface {interface}, return 0...")
/root/Triton-distributed/python/triton_dist/kernels/nvidia/comm_perf_model.py:78: UserWarning: can not get max bandwidth of interface bonding_masters, return 0...
  warnings.warn(f"can not get max bandwidth of interface {interface}, return 0...")
/root/Triton-distributed/python/triton_dist/kernels/nvidia/comm_perf_model.py:78: UserWarning: can not get max bandwidth of interface bonding_masters, return 0...
  warnings.warn(f"can not get max bandwidth of interface {interface}, return 0...")
[search][coarse] candidate 56/64: max_total=5.5000 ms, mean_total=5.4750 ms, speedup_mean=1.0150, speedup_min=1.0100, overlap_mean=32.47%, lead_ratio=4.000 | chunk=512, window=4, stage=2, steady_sms=6, tail_sms=16, lanes=2, bands=2, frontier=2
[custom] test shape: M 8192, N 29568, K 8192
✅ all close!
✅ all close!
✅ all close!
✅ all close!
Rank 0 [custom] latency (ms): torch_total=5.59, torch_gemm_only=3.75, torch_rs_only=2.01, v2_total=5.62, v2_gemm_only=4.90, v2_rs_only=3.32, v2_internal_overlap=31.54%, v2_speedup_vs_torch=0.99, v2_speedup_vs_old=nan, chunk_rows=512, num_chunks=4, active_chunk_window=4, stage_slots=4, comm_lanes=1, n_bands=2, frontier_chunks=2
Rank 1 [custom] latency (ms): torch_total=5.57, torch_gemm_only=3.74, torch_rs_only=2.02, v2_total=5.63, v2_gemm_only=4.90, v2_rs_only=3.22, v2_internal_overlap=30.75%, v2_speedup_vs_torch=0.99, v2_speedup_vs_old=nan, chunk_rows=512, num_chunks=4, active_chunk_window=4, stage_slots=4, comm_lanes=1, n_bands=2, frontier_chunks=2
Rank 2 [custom] latency (ms): torch_total=5.57, torch_gemm_only=3.74, torch_rs_only=2.03, v2_total=5.59, v2_gemm_only=4.93, v2_rs_only=3.22, v2_internal_overlap=31.44%, v2_speedup_vs_torch=1.00, v2_speedup_vs_old=nan, chunk_rows=512, num_chunks=4, active_chunk_window=4, stage_slots=4, comm_lanes=1, n_bands=2, frontier_chunks=2
Rank 3 [custom] latency (ms): torch_total=5.58, torch_gemm_only=3.81, torch_rs_only=2.04, v2_total=5.62, v2_gemm_only=5.04, v2_rs_only=3.32, v2_internal_overlap=32.78%, v2_speedup_vs_torch=0.99, v2_speedup_vs_old=nan, chunk_rows=512, num_chunks=4, active_chunk_window=4, stage_slots=4, comm_lanes=1, n_bands=2, frontier_chunks=2
W0828 19:34:52.919000 50840 site-packages/torch/distributed/run.py:766] 
W0828 19:34:52.919000 50840 site-packages/torch/distributed/run.py:766] *****************************************
W0828 19:34:52.919000 50840 site-packages/torch/distributed/run.py:766] Setting OMP_NUM_THREADS environment variable for each process to be 1 in default, to avoid your system being overloaded, please further tune the variable for optimal performance in your application as needed. 
W0828 19:34:52.919000 50840 site-packages/torch/distributed/run.py:766] *****************************************
<frozen importlib._bootstrap_external>:1301: FutureWarning: The cuda.cuda module is deprecated and will be removed in a future release, please switch to use the cuda.bindings.driver module instead.
<frozen importlib._bootstrap_external>:1301: FutureWarning: The cuda.cudart module is deprecated and will be removed in a future release, please switch to use the cuda.bindings.runtime module instead.
<frozen importlib._bootstrap_external>:1301: FutureWarning: The cuda.cuda module is deprecated and will be removed in a future release, please switch to use the cuda.bindings.driver module instead.
<frozen importlib._bootstrap_external>:1301: FutureWarning: The cuda.cudart module is deprecated and will be removed in a future release, please switch to use the cuda.bindings.runtime module instead.
<frozen importlib._bootstrap_external>:1301: FutureWarning: The cuda.cuda module is deprecated and will be removed in a future release, please switch to use the cuda.bindings.driver module instead.
<frozen importlib._bootstrap_external>:1301: FutureWarning: The cuda.cudart module is deprecated and will be removed in a future release, please switch to use the cuda.bindings.runtime module instead.
<frozen importlib._bootstrap_external>:1301: FutureWarning: The cuda.cuda module is deprecated and will be removed in a future release, please switch to use the cuda.bindings.driver module instead.
<frozen importlib._bootstrap_external>:1301: FutureWarning: The cuda.cudart module is deprecated and will be removed in a future release, please switch to use the cuda.bindings.runtime module instead.
/root/Triton-distributed/python/triton_dist/kernels/nvidia/comm_perf_model.py:78: UserWarning: can not get max bandwidth of interface bonding_masters, return 0...
  warnings.warn(f"can not get max bandwidth of interface {interface}, return 0...")
/root/Triton-distributed/python/triton_dist/kernels/nvidia/comm_perf_model.py:78: UserWarning: can not get max bandwidth of interface bonding_masters, return 0...
  warnings.warn(f"can not get max bandwidth of interface {interface}, return 0...")
/root/Triton-distributed/python/triton_dist/kernels/nvidia/comm_perf_model.py:78: UserWarning: can not get max bandwidth of interface bonding_masters, return 0...
  warnings.warn(f"can not get max bandwidth of interface {interface}, return 0...")
/root/Triton-distributed/python/triton_dist/kernels/nvidia/comm_perf_model.py:78: UserWarning: can not get max bandwidth of interface bonding_masters, return 0...
  warnings.warn(f"can not get max bandwidth of interface {interface}, return 0...")
[search][coarse] candidate 57/64: max_total=5.6300 ms, mean_total=5.6150 ms, speedup_mean=0.9925, speedup_min=0.9900, overlap_mean=31.63%, lead_ratio=2.000 | chunk=512, window=4, stage=4, steady_sms=4, tail_sms=12, lanes=1, bands=2, frontier=2
[custom] test shape: M 8192, N 29568, K 8192
✅ all close!
✅ all close!
✅ all close!
✅ all close!
Rank 0 [custom] latency (ms): torch_total=5.55, torch_gemm_only=3.72, torch_rs_only=2.01, v2_total=5.59, v2_gemm_only=4.94, v2_rs_only=3.10, v2_internal_overlap=30.43%, v2_speedup_vs_torch=0.99, v2_speedup_vs_old=nan, chunk_rows=512, num_chunks=4, active_chunk_window=4, stage_slots=4, comm_lanes=2, n_bands=2, frontier_chunks=2
Rank 1 [custom] latency (ms): torch_total=5.54, torch_gemm_only=3.73, torch_rs_only=2.00, v2_total=5.61, v2_gemm_only=4.96, v2_rs_only=3.13, v2_internal_overlap=30.62%, v2_speedup_vs_torch=0.99, v2_speedup_vs_old=nan, chunk_rows=512, num_chunks=4, active_chunk_window=4, stage_slots=4, comm_lanes=2, n_bands=2, frontier_chunks=2
Rank 2 [custom] latency (ms): torch_total=5.55, torch_gemm_only=3.73, torch_rs_only=2.00, v2_total=5.58, v2_gemm_only=4.92, v2_rs_only=3.12, v2_internal_overlap=30.58%, v2_speedup_vs_torch=0.99, v2_speedup_vs_old=nan, chunk_rows=512, num_chunks=4, active_chunk_window=4, stage_slots=4, comm_lanes=2, n_bands=2, frontier_chunks=2
Rank 3 [custom] latency (ms): torch_total=5.57, torch_gemm_only=3.79, torch_rs_only=2.00, v2_total=5.58, v2_gemm_only=5.01, v2_rs_only=3.08, v2_internal_overlap=31.09%, v2_speedup_vs_torch=1.00, v2_speedup_vs_old=nan, chunk_rows=512, num_chunks=4, active_chunk_window=4, stage_slots=4, comm_lanes=2, n_bands=2, frontier_chunks=2
W0828 19:35:03.905000 51492 site-packages/torch/distributed/run.py:766] 
W0828 19:35:03.905000 51492 site-packages/torch/distributed/run.py:766] *****************************************
W0828 19:35:03.905000 51492 site-packages/torch/distributed/run.py:766] Setting OMP_NUM_THREADS environment variable for each process to be 1 in default, to avoid your system being overloaded, please further tune the variable for optimal performance in your application as needed. 
W0828 19:35:03.905000 51492 site-packages/torch/distributed/run.py:766] *****************************************
<frozen importlib._bootstrap_external>:1301: FutureWarning: The cuda.cuda module is deprecated and will be removed in a future release, please switch to use the cuda.bindings.driver module instead.
<frozen importlib._bootstrap_external>:1301: FutureWarning: The cuda.cudart module is deprecated and will be removed in a future release, please switch to use the cuda.bindings.runtime module instead.
<frozen importlib._bootstrap_external>:1301: FutureWarning: The cuda.cuda module is deprecated and will be removed in a future release, please switch to use the cuda.bindings.driver module instead.
<frozen importlib._bootstrap_external>:1301: FutureWarning: The cuda.cudart module is deprecated and will be removed in a future release, please switch to use the cuda.bindings.runtime module instead.
<frozen importlib._bootstrap_external>:1301: FutureWarning: The cuda.cuda module is deprecated and will be removed in a future release, please switch to use the cuda.bindings.driver module instead.
<frozen importlib._bootstrap_external>:1301: FutureWarning: The cuda.cudart module is deprecated and will be removed in a future release, please switch to use the cuda.bindings.runtime module instead.
<frozen importlib._bootstrap_external>:1301: FutureWarning: The cuda.cuda module is deprecated and will be removed in a future release, please switch to use the cuda.bindings.driver module instead.
<frozen importlib._bootstrap_external>:1301: FutureWarning: The cuda.cudart module is deprecated and will be removed in a future release, please switch to use the cuda.bindings.runtime module instead.
/root/Triton-distributed/python/triton_dist/kernels/nvidia/comm_perf_model.py:78: UserWarning: can not get max bandwidth of interface bonding_masters, return 0...
  warnings.warn(f"can not get max bandwidth of interface {interface}, return 0...")
/root/Triton-distributed/python/triton_dist/kernels/nvidia/comm_perf_model.py:78: UserWarning: can not get max bandwidth of interface bonding_masters, return 0...
  warnings.warn(f"can not get max bandwidth of interface {interface}, return 0...")
/root/Triton-distributed/python/triton_dist/kernels/nvidia/comm_perf_model.py:78: UserWarning: can not get max bandwidth of interface bonding_masters, return 0...
  warnings.warn(f"can not get max bandwidth of interface {interface}, return 0...")
/root/Triton-distributed/python/triton_dist/kernels/nvidia/comm_perf_model.py:78: UserWarning: can not get max bandwidth of interface bonding_masters, return 0...
  warnings.warn(f"can not get max bandwidth of interface {interface}, return 0...")
[search][coarse] candidate 58/64: max_total=5.6100 ms, mean_total=5.5900 ms, speedup_mean=0.9925, speedup_min=0.9900, overlap_mean=30.68%, lead_ratio=2.000 | chunk=512, window=4, stage=4, steady_sms=4, tail_sms=12, lanes=2, bands=2, frontier=2
[custom] test shape: M 8192, N 29568, K 8192
✅ all close!
✅ all close!
✅ all close!
✅ all close!
Rank 0 [custom] latency (ms): torch_total=5.58, torch_gemm_only=3.75, torch_rs_only=2.05, v2_total=5.63, v2_gemm_only=4.91, v2_rs_only=3.24, v2_internal_overlap=30.96%, v2_speedup_vs_torch=0.99, v2_speedup_vs_old=nan, chunk_rows=512, num_chunks=4, active_chunk_window=4, stage_slots=4, comm_lanes=1, n_bands=2, frontier_chunks=2
Rank 1 [custom] latency (ms): torch_total=5.55, torch_gemm_only=3.74, torch_rs_only=2.07, v2_total=5.62, v2_gemm_only=4.91, v2_rs_only=3.19, v2_internal_overlap=30.57%, v2_speedup_vs_torch=0.99, v2_speedup_vs_old=nan, chunk_rows=512, num_chunks=4, active_chunk_window=4, stage_slots=4, comm_lanes=1, n_bands=2, frontier_chunks=2
Rank 2 [custom] latency (ms): torch_total=5.56, torch_gemm_only=3.73, torch_rs_only=2.07, v2_total=5.60, v2_gemm_only=4.96, v2_rs_only=3.16, v2_internal_overlap=30.97%, v2_speedup_vs_torch=0.99, v2_speedup_vs_old=nan, chunk_rows=512, num_chunks=4, active_chunk_window=4, stage_slots=4, comm_lanes=1, n_bands=2, frontier_chunks=2
Rank 3 [custom] latency (ms): torch_total=5.59, torch_gemm_only=3.82, torch_rs_only=2.08, v2_total=5.61, v2_gemm_only=4.90, v2_rs_only=3.19, v2_internal_overlap=30.63%, v2_speedup_vs_torch=1.00, v2_speedup_vs_old=nan, chunk_rows=512, num_chunks=4, active_chunk_window=4, stage_slots=4, comm_lanes=1, n_bands=2, frontier_chunks=2
W0828 19:35:14.984000 52160 site-packages/torch/distributed/run.py:766] 
W0828 19:35:14.984000 52160 site-packages/torch/distributed/run.py:766] *****************************************
W0828 19:35:14.984000 52160 site-packages/torch/distributed/run.py:766] Setting OMP_NUM_THREADS environment variable for each process to be 1 in default, to avoid your system being overloaded, please further tune the variable for optimal performance in your application as needed. 
W0828 19:35:14.984000 52160 site-packages/torch/distributed/run.py:766] *****************************************
<frozen importlib._bootstrap_external>:1301: FutureWarning: The cuda.cuda module is deprecated and will be removed in a future release, please switch to use the cuda.bindings.driver module instead.
<frozen importlib._bootstrap_external>:1301: FutureWarning: The cuda.cudart module is deprecated and will be removed in a future release, please switch to use the cuda.bindings.runtime module instead.
<frozen importlib._bootstrap_external>:1301: FutureWarning: The cuda.cuda module is deprecated and will be removed in a future release, please switch to use the cuda.bindings.driver module instead.
<frozen importlib._bootstrap_external>:1301: FutureWarning: The cuda.cudart module is deprecated and will be removed in a future release, please switch to use the cuda.bindings.runtime module instead.
<frozen importlib._bootstrap_external>:1301: FutureWarning: The cuda.cuda module is deprecated and will be removed in a future release, please switch to use the cuda.bindings.driver module instead.
<frozen importlib._bootstrap_external>:1301: FutureWarning: The cuda.cudart module is deprecated and will be removed in a future release, please switch to use the cuda.bindings.runtime module instead.
<frozen importlib._bootstrap_external>:1301: FutureWarning: The cuda.cuda module is deprecated and will be removed in a future release, please switch to use the cuda.bindings.driver module instead.
<frozen importlib._bootstrap_external>:1301: FutureWarning: The cuda.cudart module is deprecated and will be removed in a future release, please switch to use the cuda.bindings.runtime module instead.
/root/Triton-distributed/python/triton_dist/kernels/nvidia/comm_perf_model.py:78: UserWarning: can not get max bandwidth of interface bonding_masters, return 0...
  warnings.warn(f"can not get max bandwidth of interface {interface}, return 0...")
/root/Triton-distributed/python/triton_dist/kernels/nvidia/comm_perf_model.py:78: UserWarning: can not get max bandwidth of interface bonding_masters, return 0...
  warnings.warn(f"can not get max bandwidth of interface {interface}, return 0...")
/root/Triton-distributed/python/triton_dist/kernels/nvidia/comm_perf_model.py:78: UserWarning: can not get max bandwidth of interface bonding_masters, return 0...
  warnings.warn(f"can not get max bandwidth of interface {interface}, return 0...")
/root/Triton-distributed/python/triton_dist/kernels/nvidia/comm_perf_model.py:78: UserWarning: can not get max bandwidth of interface bonding_masters, return 0...
  warnings.warn(f"can not get max bandwidth of interface {interface}, return 0...")
[search][coarse] candidate 59/64: max_total=5.6300 ms, mean_total=5.6150 ms, speedup_mean=0.9925, speedup_min=0.9900, overlap_mean=30.78%, lead_ratio=2.000 | chunk=512, window=4, stage=4, steady_sms=4, tail_sms=16, lanes=1, bands=2, frontier=2
[custom] test shape: M 8192, N 29568, K 8192
✅ all close!
✅ all close!
✅ all close!
✅ all close!
Rank 0 [custom] latency (ms): torch_total=5.58, torch_gemm_only=3.75, torch_rs_only=2.05, v2_total=5.57, v2_gemm_only=4.93, v2_rs_only=3.18, v2_internal_overlap=31.34%, v2_speedup_vs_torch=1.00, v2_speedup_vs_old=nan, chunk_rows=512, num_chunks=4, active_chunk_window=4, stage_slots=4, comm_lanes=2, n_bands=2, frontier_chunks=2
Rank 1 [custom] latency (ms): torch_total=5.58, torch_gemm_only=3.75, torch_rs_only=2.04, v2_total=5.61, v2_gemm_only=4.90, v2_rs_only=3.14, v2_internal_overlap=30.25%, v2_speedup_vs_torch=0.99, v2_speedup_vs_old=nan, chunk_rows=512, num_chunks=4, active_chunk_window=4, stage_slots=4, comm_lanes=2, n_bands=2, frontier_chunks=2
Rank 2 [custom] latency (ms): torch_total=5.56, torch_gemm_only=3.74, torch_rs_only=2.03, v2_total=5.58, v2_gemm_only=4.97, v2_rs_only=3.10, v2_internal_overlap=30.91%, v2_speedup_vs_torch=1.00, v2_speedup_vs_old=nan, chunk_rows=512, num_chunks=4, active_chunk_window=4, stage_slots=4, comm_lanes=2, n_bands=2, frontier_chunks=2
Rank 3 [custom] latency (ms): torch_total=5.60, torch_gemm_only=3.80, torch_rs_only=2.05, v2_total=5.59, v2_gemm_only=5.00, v2_rs_only=3.15, v2_internal_overlap=31.41%, v2_speedup_vs_torch=1.00, v2_speedup_vs_old=nan, chunk_rows=512, num_chunks=4, active_chunk_window=4, stage_slots=4, comm_lanes=2, n_bands=2, frontier_chunks=2
W0828 19:35:25.755000 52816 site-packages/torch/distributed/run.py:766] 
W0828 19:35:25.755000 52816 site-packages/torch/distributed/run.py:766] *****************************************
W0828 19:35:25.755000 52816 site-packages/torch/distributed/run.py:766] Setting OMP_NUM_THREADS environment variable for each process to be 1 in default, to avoid your system being overloaded, please further tune the variable for optimal performance in your application as needed. 
W0828 19:35:25.755000 52816 site-packages/torch/distributed/run.py:766] *****************************************
<frozen importlib._bootstrap_external>:1301: FutureWarning: The cuda.cuda module is deprecated and will be removed in a future release, please switch to use the cuda.bindings.driver module instead.
<frozen importlib._bootstrap_external>:1301: FutureWarning: The cuda.cudart module is deprecated and will be removed in a future release, please switch to use the cuda.bindings.runtime module instead.
<frozen importlib._bootstrap_external>:1301: FutureWarning: The cuda.cuda module is deprecated and will be removed in a future release, please switch to use the cuda.bindings.driver module instead.
<frozen importlib._bootstrap_external>:1301: FutureWarning: The cuda.cudart module is deprecated and will be removed in a future release, please switch to use the cuda.bindings.runtime module instead.
<frozen importlib._bootstrap_external>:1301: FutureWarning: The cuda.cuda module is deprecated and will be removed in a future release, please switch to use the cuda.bindings.driver module instead.
<frozen importlib._bootstrap_external>:1301: FutureWarning: The cuda.cudart module is deprecated and will be removed in a future release, please switch to use the cuda.bindings.runtime module instead.
<frozen importlib._bootstrap_external>:1301: FutureWarning: The cuda.cuda module is deprecated and will be removed in a future release, please switch to use the cuda.bindings.driver module instead.
<frozen importlib._bootstrap_external>:1301: FutureWarning: The cuda.cudart module is deprecated and will be removed in a future release, please switch to use the cuda.bindings.runtime module instead.
/root/Triton-distributed/python/triton_dist/kernels/nvidia/comm_perf_model.py:78: UserWarning: can not get max bandwidth of interface bonding_masters, return 0...
  warnings.warn(f"can not get max bandwidth of interface {interface}, return 0...")
/root/Triton-distributed/python/triton_dist/kernels/nvidia/comm_perf_model.py:78: UserWarning: can not get max bandwidth of interface bonding_masters, return 0...
  warnings.warn(f"can not get max bandwidth of interface {interface}, return 0...")
/root/Triton-distributed/python/triton_dist/kernels/nvidia/comm_perf_model.py:78: UserWarning: can not get max bandwidth of interface bonding_masters, return 0...
  warnings.warn(f"can not get max bandwidth of interface {interface}, return 0...")
/root/Triton-distributed/python/triton_dist/kernels/nvidia/comm_perf_model.py:78: UserWarning: can not get max bandwidth of interface bonding_masters, return 0...
  warnings.warn(f"can not get max bandwidth of interface {interface}, return 0...")
[search][coarse] candidate 60/64: max_total=5.6100 ms, mean_total=5.5875 ms, speedup_mean=0.9975, speedup_min=0.9900, overlap_mean=30.98%, lead_ratio=2.000 | chunk=512, window=4, stage=4, steady_sms=4, tail_sms=16, lanes=2, bands=2, frontier=2
[custom] test shape: M 8192, N 29568, K 8192
✅ all close!
✅ all close!
✅ all close!
✅ all close!
Rank 0 [custom] latency (ms): torch_total=5.55, torch_gemm_only=3.75, torch_rs_only=2.08, v2_total=5.34, v2_gemm_only=4.94, v2_rs_only=3.09, v2_internal_overlap=33.62%, v2_speedup_vs_torch=1.04, v2_speedup_vs_old=nan, chunk_rows=512, num_chunks=4, active_chunk_window=4, stage_slots=4, comm_lanes=1, n_bands=2, frontier_chunks=2
Rank 1 [custom] latency (ms): torch_total=5.55, torch_gemm_only=3.74, torch_rs_only=2.08, v2_total=5.36, v2_gemm_only=4.90, v2_rs_only=3.14, v2_internal_overlap=33.31%, v2_speedup_vs_torch=1.04, v2_speedup_vs_old=nan, chunk_rows=512, num_chunks=4, active_chunk_window=4, stage_slots=4, comm_lanes=1, n_bands=2, frontier_chunks=2
Rank 2 [custom] latency (ms): torch_total=5.56, torch_gemm_only=3.73, torch_rs_only=2.08, v2_total=5.32, v2_gemm_only=4.94, v2_rs_only=3.15, v2_internal_overlap=34.26%, v2_speedup_vs_torch=1.05, v2_speedup_vs_old=nan, chunk_rows=512, num_chunks=4, active_chunk_window=4, stage_slots=4, comm_lanes=1, n_bands=2, frontier_chunks=2
Rank 3 [custom] latency (ms): torch_total=5.58, torch_gemm_only=3.80, torch_rs_only=2.09, v2_total=5.36, v2_gemm_only=5.06, v2_rs_only=3.11, v2_internal_overlap=34.30%, v2_speedup_vs_torch=1.04, v2_speedup_vs_old=nan, chunk_rows=512, num_chunks=4, active_chunk_window=4, stage_slots=4, comm_lanes=1, n_bands=2, frontier_chunks=2
W0828 19:35:36.709000 53467 site-packages/torch/distributed/run.py:766] 
W0828 19:35:36.709000 53467 site-packages/torch/distributed/run.py:766] *****************************************
W0828 19:35:36.709000 53467 site-packages/torch/distributed/run.py:766] Setting OMP_NUM_THREADS environment variable for each process to be 1 in default, to avoid your system being overloaded, please further tune the variable for optimal performance in your application as needed. 
W0828 19:35:36.709000 53467 site-packages/torch/distributed/run.py:766] *****************************************
<frozen importlib._bootstrap_external>:1301: FutureWarning: The cuda.cuda module is deprecated and will be removed in a future release, please switch to use the cuda.bindings.driver module instead.
<frozen importlib._bootstrap_external>:1301: FutureWarning: The cuda.cudart module is deprecated and will be removed in a future release, please switch to use the cuda.bindings.runtime module instead.
<frozen importlib._bootstrap_external>:1301: FutureWarning: The cuda.cuda module is deprecated and will be removed in a future release, please switch to use the cuda.bindings.driver module instead.
<frozen importlib._bootstrap_external>:1301: FutureWarning: The cuda.cudart module is deprecated and will be removed in a future release, please switch to use the cuda.bindings.runtime module instead.
<frozen importlib._bootstrap_external>:1301: FutureWarning: The cuda.cuda module is deprecated and will be removed in a future release, please switch to use the cuda.bindings.driver module instead.
<frozen importlib._bootstrap_external>:1301: FutureWarning: The cuda.cudart module is deprecated and will be removed in a future release, please switch to use the cuda.bindings.runtime module instead.
<frozen importlib._bootstrap_external>:1301: FutureWarning: The cuda.cuda module is deprecated and will be removed in a future release, please switch to use the cuda.bindings.driver module instead.
<frozen importlib._bootstrap_external>:1301: FutureWarning: The cuda.cudart module is deprecated and will be removed in a future release, please switch to use the cuda.bindings.runtime module instead.
/root/Triton-distributed/python/triton_dist/kernels/nvidia/comm_perf_model.py:78: UserWarning: can not get max bandwidth of interface bonding_masters, return 0...
  warnings.warn(f"can not get max bandwidth of interface {interface}, return 0...")
/root/Triton-distributed/python/triton_dist/kernels/nvidia/comm_perf_model.py:78: UserWarning: can not get max bandwidth of interface bonding_masters, return 0...
  warnings.warn(f"can not get max bandwidth of interface {interface}, return 0...")
/root/Triton-distributed/python/triton_dist/kernels/nvidia/comm_perf_model.py:78: UserWarning: can not get max bandwidth of interface bonding_masters, return 0...
  warnings.warn(f"can not get max bandwidth of interface {interface}, return 0...")
/root/Triton-distributed/python/triton_dist/kernels/nvidia/comm_perf_model.py:78: UserWarning: can not get max bandwidth of interface bonding_masters, return 0...
  warnings.warn(f"can not get max bandwidth of interface {interface}, return 0...")
[search][coarse] candidate 61/64: max_total=5.3600 ms, mean_total=5.3450 ms, speedup_mean=1.0425, speedup_min=1.0400, overlap_mean=33.87%, lead_ratio=2.000 | chunk=512, window=4, stage=4, steady_sms=6, tail_sms=12, lanes=1, bands=2, frontier=2
[custom] test shape: M 8192, N 29568, K 8192
✅ all close!
✅ all close!
✅ all close!
✅ all close!
Rank 0 [custom] latency (ms): torch_total=5.57, torch_gemm_only=3.74, torch_rs_only=2.09, v2_total=5.57, v2_gemm_only=4.89, v2_rs_only=3.13, v2_internal_overlap=30.63%, v2_speedup_vs_torch=1.00, v2_speedup_vs_old=nan, chunk_rows=512, num_chunks=4, active_chunk_window=4, stage_slots=4, comm_lanes=2, n_bands=2, frontier_chunks=2
Rank 1 [custom] latency (ms): torch_total=5.56, torch_gemm_only=3.75, torch_rs_only=2.08, v2_total=6.16, v2_gemm_only=5.73, v2_rs_only=3.16, v2_internal_overlap=30.75%, v2_speedup_vs_torch=0.90, v2_speedup_vs_old=nan, chunk_rows=512, num_chunks=4, active_chunk_window=4, stage_slots=4, comm_lanes=2, n_bands=2, frontier_chunks=2
Rank 2 [custom] latency (ms): torch_total=5.57, torch_gemm_only=3.73, torch_rs_only=2.03, v2_total=5.31, v2_gemm_only=4.92, v2_rs_only=3.11, v2_internal_overlap=33.90%, v2_speedup_vs_torch=1.05, v2_speedup_vs_old=nan, chunk_rows=512, num_chunks=4, active_chunk_window=4, stage_slots=4, comm_lanes=2, n_bands=2, frontier_chunks=2
Rank 3 [custom] latency (ms): torch_total=5.57, torch_gemm_only=3.79, torch_rs_only=2.06, v2_total=5.39, v2_gemm_only=4.95, v2_rs_only=3.08, v2_internal_overlap=32.97%, v2_speedup_vs_torch=1.03, v2_speedup_vs_old=nan, chunk_rows=512, num_chunks=4, active_chunk_window=4, stage_slots=4, comm_lanes=2, n_bands=2, frontier_chunks=2
W0828 19:35:47.626000 54120 site-packages/torch/distributed/run.py:766] 
W0828 19:35:47.626000 54120 site-packages/torch/distributed/run.py:766] *****************************************
W0828 19:35:47.626000 54120 site-packages/torch/distributed/run.py:766] Setting OMP_NUM_THREADS environment variable for each process to be 1 in default, to avoid your system being overloaded, please further tune the variable for optimal performance in your application as needed. 
W0828 19:35:47.626000 54120 site-packages/torch/distributed/run.py:766] *****************************************
<frozen importlib._bootstrap_external>:1301: FutureWarning: The cuda.cuda module is deprecated and will be removed in a future release, please switch to use the cuda.bindings.driver module instead.
<frozen importlib._bootstrap_external>:1301: FutureWarning: The cuda.cudart module is deprecated and will be removed in a future release, please switch to use the cuda.bindings.runtime module instead.
<frozen importlib._bootstrap_external>:1301: FutureWarning: The cuda.cuda module is deprecated and will be removed in a future release, please switch to use the cuda.bindings.driver module instead.
<frozen importlib._bootstrap_external>:1301: FutureWarning: The cuda.cudart module is deprecated and will be removed in a future release, please switch to use the cuda.bindings.runtime module instead.
<frozen importlib._bootstrap_external>:1301: FutureWarning: The cuda.cuda module is deprecated and will be removed in a future release, please switch to use the cuda.bindings.driver module instead.
<frozen importlib._bootstrap_external>:1301: FutureWarning: The cuda.cudart module is deprecated and will be removed in a future release, please switch to use the cuda.bindings.runtime module instead.
<frozen importlib._bootstrap_external>:1301: FutureWarning: The cuda.cuda module is deprecated and will be removed in a future release, please switch to use the cuda.bindings.driver module instead.
<frozen importlib._bootstrap_external>:1301: FutureWarning: The cuda.cudart module is deprecated and will be removed in a future release, please switch to use the cuda.bindings.runtime module instead.
/root/Triton-distributed/python/triton_dist/kernels/nvidia/comm_perf_model.py:78: UserWarning: can not get max bandwidth of interface bonding_masters, return 0...
  warnings.warn(f"can not get max bandwidth of interface {interface}, return 0...")
/root/Triton-distributed/python/triton_dist/kernels/nvidia/comm_perf_model.py:78: UserWarning: can not get max bandwidth of interface bonding_masters, return 0...
  warnings.warn(f"can not get max bandwidth of interface {interface}, return 0...")
/root/Triton-distributed/python/triton_dist/kernels/nvidia/comm_perf_model.py:78: UserWarning: can not get max bandwidth of interface bonding_masters, return 0...
  warnings.warn(f"can not get max bandwidth of interface {interface}, return 0...")
/root/Triton-distributed/python/triton_dist/kernels/nvidia/comm_perf_model.py:78: UserWarning: can not get max bandwidth of interface bonding_masters, return 0...
  warnings.warn(f"can not get max bandwidth of interface {interface}, return 0...")
[search][coarse] candidate 62/64: max_total=6.1600 ms, mean_total=5.6075 ms, speedup_mean=0.9950, speedup_min=0.9000, overlap_mean=32.06%, lead_ratio=2.000 | chunk=512, window=4, stage=4, steady_sms=6, tail_sms=12, lanes=2, bands=2, frontier=2
[custom] test shape: M 8192, N 29568, K 8192
✅ all close!
✅ all close!
✅ all close!
✅ all close!
Rank 0 [custom] latency (ms): torch_total=5.56, torch_gemm_only=3.74, torch_rs_only=2.10, v2_total=5.64, v2_gemm_only=4.89, v2_rs_only=3.01, v2_internal_overlap=28.58%, v2_speedup_vs_torch=0.98, v2_speedup_vs_old=nan, chunk_rows=512, num_chunks=4, active_chunk_window=4, stage_slots=4, comm_lanes=1, n_bands=2, frontier_chunks=2
Rank 1 [custom] latency (ms): torch_total=5.54, torch_gemm_only=3.73, torch_rs_only=2.09, v2_total=6.33, v2_gemm_only=5.95, v2_rs_only=3.06, v2_internal_overlap=29.76%, v2_speedup_vs_torch=0.88, v2_speedup_vs_old=nan, chunk_rows=512, num_chunks=4, active_chunk_window=4, stage_slots=4, comm_lanes=1, n_bands=2, frontier_chunks=2
Rank 2 [custom] latency (ms): torch_total=5.54, torch_gemm_only=3.73, torch_rs_only=2.07, v2_total=5.55, v2_gemm_only=4.91, v2_rs_only=3.08, v2_internal_overlap=30.54%, v2_speedup_vs_torch=1.00, v2_speedup_vs_old=nan, chunk_rows=512, num_chunks=4, active_chunk_window=4, stage_slots=4, comm_lanes=1, n_bands=2, frontier_chunks=2
Rank 3 [custom] latency (ms): torch_total=5.57, torch_gemm_only=3.79, torch_rs_only=2.06, v2_total=5.59, v2_gemm_only=4.90, v2_rs_only=3.10, v2_internal_overlap=30.05%, v2_speedup_vs_torch=1.00, v2_speedup_vs_old=nan, chunk_rows=512, num_chunks=4, active_chunk_window=4, stage_slots=4, comm_lanes=1, n_bands=2, frontier_chunks=2
W0828 19:35:59.047000 54788 site-packages/torch/distributed/run.py:766] 
W0828 19:35:59.047000 54788 site-packages/torch/distributed/run.py:766] *****************************************
W0828 19:35:59.047000 54788 site-packages/torch/distributed/run.py:766] Setting OMP_NUM_THREADS environment variable for each process to be 1 in default, to avoid your system being overloaded, please further tune the variable for optimal performance in your application as needed. 
W0828 19:35:59.047000 54788 site-packages/torch/distributed/run.py:766] *****************************************
<frozen importlib._bootstrap_external>:1301: FutureWarning: The cuda.cuda module is deprecated and will be removed in a future release, please switch to use the cuda.bindings.driver module instead.
<frozen importlib._bootstrap_external>:1301: FutureWarning: The cuda.cudart module is deprecated and will be removed in a future release, please switch to use the cuda.bindings.runtime module instead.
<frozen importlib._bootstrap_external>:1301: FutureWarning: The cuda.cuda module is deprecated and will be removed in a future release, please switch to use the cuda.bindings.driver module instead.
<frozen importlib._bootstrap_external>:1301: FutureWarning: The cuda.cudart module is deprecated and will be removed in a future release, please switch to use the cuda.bindings.runtime module instead.
<frozen importlib._bootstrap_external>:1301: FutureWarning: The cuda.cuda module is deprecated and will be removed in a future release, please switch to use the cuda.bindings.driver module instead.
<frozen importlib._bootstrap_external>:1301: FutureWarning: The cuda.cudart module is deprecated and will be removed in a future release, please switch to use the cuda.bindings.runtime module instead.
<frozen importlib._bootstrap_external>:1301: FutureWarning: The cuda.cuda module is deprecated and will be removed in a future release, please switch to use the cuda.bindings.driver module instead.
<frozen importlib._bootstrap_external>:1301: FutureWarning: The cuda.cudart module is deprecated and will be removed in a future release, please switch to use the cuda.bindings.runtime module instead.
/root/Triton-distributed/python/triton_dist/kernels/nvidia/comm_perf_model.py:78: UserWarning: can not get max bandwidth of interface bonding_masters, return 0...
  warnings.warn(f"can not get max bandwidth of interface {interface}, return 0...")
/root/Triton-distributed/python/triton_dist/kernels/nvidia/comm_perf_model.py:78: UserWarning: can not get max bandwidth of interface bonding_masters, return 0...
  warnings.warn(f"can not get max bandwidth of interface {interface}, return 0...")
/root/Triton-distributed/python/triton_dist/kernels/nvidia/comm_perf_model.py:78: UserWarning: can not get max bandwidth of interface bonding_masters, return 0...
  warnings.warn(f"can not get max bandwidth of interface {interface}, return 0...")
/root/Triton-distributed/python/triton_dist/kernels/nvidia/comm_perf_model.py:78: UserWarning: can not get max bandwidth of interface bonding_masters, return 0...
  warnings.warn(f"can not get max bandwidth of interface {interface}, return 0...")
[search][coarse] candidate 63/64: max_total=6.3300 ms, mean_total=5.7775 ms, speedup_mean=0.9650, speedup_min=0.8800, overlap_mean=29.73%, lead_ratio=2.000 | chunk=512, window=4, stage=4, steady_sms=6, tail_sms=16, lanes=1, bands=2, frontier=2
[custom] test shape: M 8192, N 29568, K 8192
✅ all close!
✅ all close!
✅ all close!
✅ all close!
Rank 0 [custom] latency (ms): torch_total=5.56, torch_gemm_only=3.75, torch_rs_only=2.10, v2_total=5.46, v2_gemm_only=4.89, v2_rs_only=3.18, v2_internal_overlap=32.31%, v2_speedup_vs_torch=1.02, v2_speedup_vs_old=nan, chunk_rows=512, num_chunks=4, active_chunk_window=4, stage_slots=4, comm_lanes=2, n_bands=2, frontier_chunks=2
Rank 1 [custom] latency (ms): torch_total=5.53, torch_gemm_only=3.74, torch_rs_only=2.07, v2_total=6.26, v2_gemm_only=5.87, v2_rs_only=3.22, v2_internal_overlap=31.10%, v2_speedup_vs_torch=0.88, v2_speedup_vs_old=nan, chunk_rows=512, num_chunks=4, active_chunk_window=4, stage_slots=4, comm_lanes=2, n_bands=2, frontier_chunks=2
Rank 2 [custom] latency (ms): torch_total=5.55, torch_gemm_only=3.74, torch_rs_only=2.11, v2_total=5.31, v2_gemm_only=4.90, v2_rs_only=3.17, v2_internal_overlap=34.22%, v2_speedup_vs_torch=1.05, v2_speedup_vs_old=nan, chunk_rows=512, num_chunks=4, active_chunk_window=4, stage_slots=4, comm_lanes=2, n_bands=2, frontier_chunks=2
Rank 3 [custom] latency (ms): torch_total=5.58, torch_gemm_only=3.78, torch_rs_only=2.13, v2_total=5.44, v2_gemm_only=4.90, v2_rs_only=3.13, v2_internal_overlap=32.34%, v2_speedup_vs_torch=1.03, v2_speedup_vs_old=nan, chunk_rows=512, num_chunks=4, active_chunk_window=4, stage_slots=4, comm_lanes=2, n_bands=2, frontier_chunks=2
W0828 19:36:09.727000 55445 site-packages/torch/distributed/run.py:766] 
W0828 19:36:09.727000 55445 site-packages/torch/distributed/run.py:766] *****************************************
W0828 19:36:09.727000 55445 site-packages/torch/distributed/run.py:766] Setting OMP_NUM_THREADS environment variable for each process to be 1 in default, to avoid your system being overloaded, please further tune the variable for optimal performance in your application as needed. 
W0828 19:36:09.727000 55445 site-packages/torch/distributed/run.py:766] *****************************************
<frozen importlib._bootstrap_external>:1301: FutureWarning: The cuda.cuda module is deprecated and will be removed in a future release, please switch to use the cuda.bindings.driver module instead.
<frozen importlib._bootstrap_external>:1301: FutureWarning: The cuda.cudart module is deprecated and will be removed in a future release, please switch to use the cuda.bindings.runtime module instead.
<frozen importlib._bootstrap_external>:1301: FutureWarning: The cuda.cuda module is deprecated and will be removed in a future release, please switch to use the cuda.bindings.driver module instead.
<frozen importlib._bootstrap_external>:1301: FutureWarning: The cuda.cudart module is deprecated and will be removed in a future release, please switch to use the cuda.bindings.runtime module instead.
<frozen importlib._bootstrap_external>:1301: FutureWarning: The cuda.cuda module is deprecated and will be removed in a future release, please switch to use the cuda.bindings.driver module instead.
<frozen importlib._bootstrap_external>:1301: FutureWarning: The cuda.cudart module is deprecated and will be removed in a future release, please switch to use the cuda.bindings.runtime module instead.
<frozen importlib._bootstrap_external>:1301: FutureWarning: The cuda.cuda module is deprecated and will be removed in a future release, please switch to use the cuda.bindings.driver module instead.
<frozen importlib._bootstrap_external>:1301: FutureWarning: The cuda.cudart module is deprecated and will be removed in a future release, please switch to use the cuda.bindings.runtime module instead.
/root/Triton-distributed/python/triton_dist/kernels/nvidia/comm_perf_model.py:78: UserWarning: can not get max bandwidth of interface bonding_masters, return 0...
  warnings.warn(f"can not get max bandwidth of interface {interface}, return 0...")
/root/Triton-distributed/python/triton_dist/kernels/nvidia/comm_perf_model.py:78: UserWarning: can not get max bandwidth of interface bonding_masters, return 0...
  warnings.warn(f"can not get max bandwidth of interface {interface}, return 0...")
/root/Triton-distributed/python/triton_dist/kernels/nvidia/comm_perf_model.py:78: UserWarning: can not get max bandwidth of interface bonding_masters, return 0...
  warnings.warn(f"can not get max bandwidth of interface {interface}, return 0...")
/root/Triton-distributed/python/triton_dist/kernels/nvidia/comm_perf_model.py:78: UserWarning: can not get max bandwidth of interface bonding_masters, return 0...
  warnings.warn(f"can not get max bandwidth of interface {interface}, return 0...")
[search][coarse] candidate 64/64: max_total=6.2600 ms, mean_total=5.6175 ms, speedup_mean=0.9950, speedup_min=0.8800, overlap_mean=32.49%, lead_ratio=2.000 | chunk=512, window=4, stage=4, steady_sms=6, tail_sms=16, lanes=2, bands=2, frontier=2
[search] Top Candidates
  #1: max_total=5.3400 ms, mean_total=5.3325 ms, speedup_mean=1.0425, speedup_min=1.0400, overlap_mean=34.33%, lead_ratio=2.000 | chunk=512, window=4, stage=4, steady_sms=6, tail_sms=16, lanes=2, bands=2, frontier=1
  #2: max_total=5.3600 ms, mean_total=5.3450 ms, speedup_mean=1.0425, speedup_min=1.0400, overlap_mean=33.87%, lead_ratio=2.000 | chunk=512, window=4, stage=4, steady_sms=6, tail_sms=12, lanes=1, bands=2, frontier=2
  #3: max_total=5.4000 ms, mean_total=5.3625 ms, speedup_mean=1.0350, speedup_min=1.0300, overlap_mean=33.23%, lead_ratio=2.000 | chunk=512, window=4, stage=4, steady_sms=6, tail_sms=12, lanes=2, bands=2, frontier=1
  #4: max_total=5.4000 ms, mean_total=5.3775 ms, speedup_mean=1.0325, speedup_min=1.0300, overlap_mean=34.84%, lead_ratio=2.000 | chunk=512, window=4, stage=4, steady_sms=6, tail_sms=12, lanes=1, bands=2, frontier=1
[search] best command:
torchrun --nproc_per_node 4 /root/Triton-distributed/python/triton_dist/benchmark/bench_3rdv5_frontier_windowed_panel_gemmrs.py --M 8192 --N 29568 --K 8192 --mode v2 --iters 10 --warmup_iters 5 --dtype bfloat16 --target_chunks_per_rank 2 --min_chunk_rows 512 --tail_chunk_window 1 --chunk_rows 512 --active_chunk_window 4 --stage_slots 4 --steady_sms 6 --tail_sms 16 --comm_lanes 2 --n_bands 2 --frontier_chunks 1 --profile_target v2 --no-autotune --trans_b --local_seed_direct
[search] verifying top candidate #1: chunk=512, window=4, stage=4, steady_sms=6, tail_sms=16, lanes=2, bands=2, frontier=1
[custom] test shape: M 8192, N 29568, K 8192
✅ all close!
✅ all close!
✅ all close!
✅ all close!
Rank 0 [custom] latency (ms): torch_total=5.61, torch_gemm_only=3.80, torch_rs_only=2.06, v2_total=5.41, v2_gemm_only=4.99, v2_rs_only=3.17, v2_internal_overlap=33.69%, v2_speedup_vs_torch=1.04, v2_speedup_vs_old=nan, chunk_rows=512, num_chunks=4, active_chunk_window=4, stage_slots=4, comm_lanes=2, n_bands=2, frontier_chunks=1
Rank 1 [custom] latency (ms): torch_total=5.59, torch_gemm_only=3.82, torch_rs_only=2.07, v2_total=5.33, v2_gemm_only=4.96, v2_rs_only=3.20, v2_internal_overlap=34.63%, v2_speedup_vs_torch=1.05, v2_speedup_vs_old=nan, chunk_rows=512, num_chunks=4, active_chunk_window=4, stage_slots=4, comm_lanes=2, n_bands=2, frontier_chunks=1
Rank 2 [custom] latency (ms): torch_total=5.57, torch_gemm_only=3.80, torch_rs_only=2.07, v2_total=5.35, v2_gemm_only=4.92, v2_rs_only=3.18, v2_internal_overlap=33.84%, v2_speedup_vs_torch=1.04, v2_speedup_vs_old=nan, chunk_rows=512, num_chunks=4, active_chunk_window=4, stage_slots=4, comm_lanes=2, n_bands=2, frontier_chunks=1
Rank 3 [custom] latency (ms): torch_total=5.62, torch_gemm_only=3.91, torch_rs_only=2.07, v2_total=5.53, v2_gemm_only=5.10, v2_rs_only=3.19, v2_internal_overlap=33.22%, v2_speedup_vs_torch=1.01, v2_speedup_vs_old=nan, chunk_rows=512, num_chunks=4, active_chunk_window=4, stage_slots=4, comm_lanes=2, n_bands=2, frontier_chunks=1
W0828 19:36:20.621000 56097 site-packages/torch/distributed/run.py:766] 
W0828 19:36:20.621000 56097 site-packages/torch/distributed/run.py:766] *****************************************
W0828 19:36:20.621000 56097 site-packages/torch/distributed/run.py:766] Setting OMP_NUM_THREADS environment variable for each process to be 1 in default, to avoid your system being overloaded, please further tune the variable for optimal performance in your application as needed. 
W0828 19:36:20.621000 56097 site-packages/torch/distributed/run.py:766] *****************************************
<frozen importlib._bootstrap_external>:1301: FutureWarning: The cuda.cuda module is deprecated and will be removed in a future release, please switch to use the cuda.bindings.driver module instead.
<frozen importlib._bootstrap_external>:1301: FutureWarning: The cuda.cudart module is deprecated and will be removed in a future release, please switch to use the cuda.bindings.runtime module instead.
<frozen importlib._bootstrap_external>:1301: FutureWarning: The cuda.cuda module is deprecated and will be removed in a future release, please switch to use the cuda.bindings.driver module instead.
<frozen importlib._bootstrap_external>:1301: FutureWarning: The cuda.cudart module is deprecated and will be removed in a future release, please switch to use the cuda.bindings.runtime module instead.
<frozen importlib._bootstrap_external>:1301: FutureWarning: The cuda.cuda module is deprecated and will be removed in a future release, please switch to use the cuda.bindings.driver module instead.
<frozen importlib._bootstrap_external>:1301: FutureWarning: The cuda.cudart module is deprecated and will be removed in a future release, please switch to use the cuda.bindings.runtime module instead.
<frozen importlib._bootstrap_external>:1301: FutureWarning: The cuda.cuda module is deprecated and will be removed in a future release, please switch to use the cuda.bindings.driver module instead.
<frozen importlib._bootstrap_external>:1301: FutureWarning: The cuda.cudart module is deprecated and will be removed in a future release, please switch to use the cuda.bindings.runtime module instead.
/root/Triton-distributed/python/triton_dist/kernels/nvidia/comm_perf_model.py:78: UserWarning: can not get max bandwidth of interface bonding_masters, return 0...
  warnings.warn(f"can not get max bandwidth of interface {interface}, return 0...")
/root/Triton-distributed/python/triton_dist/kernels/nvidia/comm_perf_model.py:78: UserWarning: can not get max bandwidth of interface bonding_masters, return 0...
  warnings.warn(f"can not get max bandwidth of interface {interface}, return 0...")
/root/Triton-distributed/python/triton_dist/kernels/nvidia/comm_perf_model.py:78: UserWarning: can not get max bandwidth of interface bonding_masters, return 0...
  warnings.warn(f"can not get max bandwidth of interface {interface}, return 0...")
/root/Triton-distributed/python/triton_dist/kernels/nvidia/comm_perf_model.py:78: UserWarning: can not get max bandwidth of interface bonding_masters, return 0...
  warnings.warn(f"can not get max bandwidth of interface {interface}, return 0...")
[search] verifying top candidate #2: chunk=512, window=4, stage=4, steady_sms=6, tail_sms=12, lanes=1, bands=2, frontier=2
[custom] test shape: M 8192, N 29568, K 8192
✅ all close!
✅ all close!
✅ all close!
✅ all close!
Rank 0 [custom] latency (ms): torch_total=5.62, torch_gemm_only=3.81, torch_rs_only=2.09, v2_total=5.40, v2_gemm_only=4.94, v2_rs_only=3.13, v2_internal_overlap=33.11%, v2_speedup_vs_torch=1.04, v2_speedup_vs_old=nan, chunk_rows=512, num_chunks=4, active_chunk_window=4, stage_slots=4, comm_lanes=1, n_bands=2, frontier_chunks=2
Rank 1 [custom] latency (ms): torch_total=5.61, torch_gemm_only=3.75, torch_rs_only=2.08, v2_total=5.37, v2_gemm_only=4.95, v2_rs_only=3.03, v2_internal_overlap=32.71%, v2_speedup_vs_torch=1.04, v2_speedup_vs_old=nan, chunk_rows=512, num_chunks=4, active_chunk_window=4, stage_slots=4, comm_lanes=1, n_bands=2, frontier_chunks=2
Rank 2 [custom] latency (ms): torch_total=5.60, torch_gemm_only=3.77, torch_rs_only=2.10, v2_total=5.38, v2_gemm_only=4.98, v2_rs_only=3.07, v2_internal_overlap=33.28%, v2_speedup_vs_torch=1.04, v2_speedup_vs_old=nan, chunk_rows=512, num_chunks=4, active_chunk_window=4, stage_slots=4, comm_lanes=1, n_bands=2, frontier_chunks=2
Rank 3 [custom] latency (ms): torch_total=5.64, torch_gemm_only=3.94, torch_rs_only=2.09, v2_total=5.50, v2_gemm_only=5.11, v2_rs_only=3.14, v2_internal_overlap=33.32%, v2_speedup_vs_torch=1.03, v2_speedup_vs_old=nan, chunk_rows=512, num_chunks=4, active_chunk_window=4, stage_slots=4, comm_lanes=1, n_bands=2, frontier_chunks=2
W0828 19:36:31.470000 57252 site-packages/torch/distributed/run.py:766] 
W0828 19:36:31.470000 57252 site-packages/torch/distributed/run.py:766] *****************************************
W0828 19:36:31.470000 57252 site-packages/torch/distributed/run.py:766] Setting OMP_NUM_THREADS environment variable for each process to be 1 in default, to avoid your system being overloaded, please further tune the variable for optimal performance in your application as needed. 
W0828 19:36:31.470000 57252 site-packages/torch/distributed/run.py:766] *****************************************
<frozen importlib._bootstrap_external>:1301: FutureWarning: The cuda.cuda module is deprecated and will be removed in a future release, please switch to use the cuda.bindings.driver module instead.
<frozen importlib._bootstrap_external>:1301: FutureWarning: The cuda.cudart module is deprecated and will be removed in a future release, please switch to use the cuda.bindings.runtime module instead.
<frozen importlib._bootstrap_external>:1301: FutureWarning: The cuda.cuda module is deprecated and will be removed in a future release, please switch to use the cuda.bindings.driver module instead.
<frozen importlib._bootstrap_external>:1301: FutureWarning: The cuda.cudart module is deprecated and will be removed in a future release, please switch to use the cuda.bindings.runtime module instead.
<frozen importlib._bootstrap_external>:1301: FutureWarning: The cuda.cuda module is deprecated and will be removed in a future release, please switch to use the cuda.bindings.driver module instead.
<frozen importlib._bootstrap_external>:1301: FutureWarning: The cuda.cudart module is deprecated and will be removed in a future release, please switch to use the cuda.bindings.runtime module instead.
<frozen importlib._bootstrap_external>:1301: FutureWarning: The cuda.cuda module is deprecated and will be removed in a future release, please switch to use the cuda.bindings.driver module instead.
<frozen importlib._bootstrap_external>:1301: FutureWarning: The cuda.cudart module is deprecated and will be removed in a future release, please switch to use the cuda.bindings.runtime module instead.
/root/Triton-distributed/python/triton_dist/kernels/nvidia/comm_perf_model.py:78: UserWarning: can not get max bandwidth of interface bonding_masters, return 0...
  warnings.warn(f"can not get max bandwidth of interface {interface}, return 0...")
/root/Triton-distributed/python/triton_dist/kernels/nvidia/comm_perf_model.py:78: UserWarning: can not get max bandwidth of interface bonding_masters, return 0...
  warnings.warn(f"can not get max bandwidth of interface {interface}, return 0...")
/root/Triton-distributed/python/triton_dist/kernels/nvidia/comm_perf_model.py:78: UserWarning: can not get max bandwidth of interface bonding_masters, return 0...
  warnings.warn(f"can not get max bandwidth of interface {interface}, return 0...")
/root/Triton-distributed/python/triton_dist/kernels/nvidia/comm_perf_model.py:78: UserWarning: can not get max bandwidth of interface bonding_masters, return 0...
  warnings.warn(f"can not get max bandwidth of interface {interface}, return 0...")
[search] verifying top candidate #3: chunk=512, window=4, stage=4, steady_sms=6, tail_sms=12, lanes=2, bands=2, frontier=1
[custom] test shape: M 8192, N 29568, K 8192
✅ all close!
✅ all close!
✅ all close!
✅ all close!
Rank 0 [custom] latency (ms): torch_total=5.60, torch_gemm_only=3.77, torch_rs_only=2.09, v2_total=5.42, v2_gemm_only=5.00, v2_rs_only=3.11, v2_internal_overlap=33.13%, v2_speedup_vs_torch=1.03, v2_speedup_vs_old=nan, chunk_rows=512, num_chunks=4, active_chunk_window=4, stage_slots=4, comm_lanes=2, n_bands=2, frontier_chunks=1
Rank 1 [custom] latency (ms): torch_total=5.56, torch_gemm_only=3.82, torch_rs_only=2.09, v2_total=5.51, v2_gemm_only=5.06, v2_rs_only=3.16, v2_internal_overlap=32.98%, v2_speedup_vs_torch=1.01, v2_speedup_vs_old=nan, chunk_rows=512, num_chunks=4, active_chunk_window=4, stage_slots=4, comm_lanes=2, n_bands=2, frontier_chunks=1
Rank 2 [custom] latency (ms): torch_total=5.57, torch_gemm_only=3.78, torch_rs_only=2.09, v2_total=5.39, v2_gemm_only=4.98, v2_rs_only=3.19, v2_internal_overlap=34.01%, v2_speedup_vs_torch=1.03, v2_speedup_vs_old=nan, chunk_rows=512, num_chunks=4, active_chunk_window=4, stage_slots=4, comm_lanes=2, n_bands=2, frontier_chunks=1
Rank 3 [custom] latency (ms): torch_total=5.60, torch_gemm_only=3.91, torch_rs_only=2.08, v2_total=5.45, v2_gemm_only=5.11, v2_rs_only=3.15, v2_internal_overlap=34.03%, v2_speedup_vs_torch=1.03, v2_speedup_vs_old=nan, chunk_rows=512, num_chunks=4, active_chunk_window=4, stage_slots=4, comm_lanes=2, n_bands=2, frontier_chunks=1
W0828 19:36:42.449000 58431 site-packages/torch/distributed/run.py:766] 
W0828 19:36:42.449000 58431 site-packages/torch/distributed/run.py:766] *****************************************
W0828 19:36:42.449000 58431 site-packages/torch/distributed/run.py:766] Setting OMP_NUM_THREADS environment variable for each process to be 1 in default, to avoid your system being overloaded, please further tune the variable for optimal performance in your application as needed. 
W0828 19:36:42.449000 58431 site-packages/torch/distributed/run.py:766] *****************************************
<frozen importlib._bootstrap_external>:1301: FutureWarning: The cuda.cuda module is deprecated and will be removed in a future release, please switch to use the cuda.bindings.driver module instead.
<frozen importlib._bootstrap_external>:1301: FutureWarning: The cuda.cudart module is deprecated and will be removed in a future release, please switch to use the cuda.bindings.runtime module instead.
<frozen importlib._bootstrap_external>:1301: FutureWarning: The cuda.cuda module is deprecated and will be removed in a future release, please switch to use the cuda.bindings.driver module instead.
<frozen importlib._bootstrap_external>:1301: FutureWarning: The cuda.cudart module is deprecated and will be removed in a future release, please switch to use the cuda.bindings.runtime module instead.
<frozen importlib._bootstrap_external>:1301: FutureWarning: The cuda.cuda module is deprecated and will be removed in a future release, please switch to use the cuda.bindings.driver module instead.
<frozen importlib._bootstrap_external>:1301: FutureWarning: The cuda.cudart module is deprecated and will be removed in a future release, please switch to use the cuda.bindings.runtime module instead.
<frozen importlib._bootstrap_external>:1301: FutureWarning: The cuda.cuda module is deprecated and will be removed in a future release, please switch to use the cuda.bindings.driver module instead.
<frozen importlib._bootstrap_external>:1301: FutureWarning: The cuda.cudart module is deprecated and will be removed in a future release, please switch to use the cuda.bindings.runtime module instead.
/root/Triton-distributed/python/triton_dist/kernels/nvidia/comm_perf_model.py:78: UserWarning: can not get max bandwidth of interface bonding_masters, return 0...
  warnings.warn(f"can not get max bandwidth of interface {interface}, return 0...")
/root/Triton-distributed/python/triton_dist/kernels/nvidia/comm_perf_model.py:78: UserWarning: can not get max bandwidth of interface bonding_masters, return 0...
  warnings.warn(f"can not get max bandwidth of interface {interface}, return 0...")
/root/Triton-distributed/python/triton_dist/kernels/nvidia/comm_perf_model.py:78: UserWarning: can not get max bandwidth of interface bonding_masters, return 0...
  warnings.warn(f"can not get max bandwidth of interface {interface}, return 0...")
/root/Triton-distributed/python/triton_dist/kernels/nvidia/comm_perf_model.py:78: UserWarning: can not get max bandwidth of interface bonding_masters, return 0...
  warnings.warn(f"can not get max bandwidth of interface {interface}, return 0...")
[search] Verified Top Candidates
  #1: max_total=5.5000 ms, mean_total=5.4125 ms, speedup_mean=1.0375, speedup_min=1.0300, overlap_mean=33.11%, lead_ratio=2.000 | chunk=512, window=4, stage=4, steady_sms=6, tail_sms=12, lanes=1, bands=2, frontier=2
  #2: max_total=5.5100 ms, mean_total=5.4425 ms, speedup_mean=1.0250, speedup_min=1.0100, overlap_mean=33.54%, lead_ratio=2.000 | chunk=512, window=4, stage=4, steady_sms=6, tail_sms=12, lanes=2, bands=2, frontier=1
  #3: max_total=5.5300 ms, mean_total=5.4050 ms, speedup_mean=1.0350, speedup_min=1.0100, overlap_mean=33.85%, lead_ratio=2.000 | chunk=512, window=4, stage=4, steady_sms=6, tail_sms=16, lanes=2, bands=2, frontier=1

[search] ===== exhaustive retry r2 begin 2026-08-28T19:39:04+08:00; checkpoint-resume, timeout=90s =====
[search] exhaustive retry r2 pid=59788 at 2026-08-28T19:39:04+08:00
[search] exhaustive search: 64 candidates for M=8192, N=29568, K=8192, nproc=4
[search] exhaustive checkpoint: 61/64 completed candidates <- /root/Triton-distributed/python/triton_dist/benchmark/search_compare_runs/20260828_space64_r1/exhaustive_checkpoint.csv
[search][coarse] resume: retain candidate 1/64
[search][coarse] resume: retain candidate 2/64
[search][coarse] resume: retain candidate 3/64
[search][coarse] resume: retain candidate 4/64
[search][coarse] resume: retain candidate 5/64
[search][coarse] resume: retain candidate 6/64
[search][coarse] resume: retain candidate 7/64
[search][coarse] resume: retain candidate 8/64
[search][coarse] resume: retain candidate 9/64
[search][coarse] resume: retain candidate 10/64
[search][coarse] resume: retain candidate 11/64
[search][coarse] resume: retain candidate 12/64
[search][coarse] resume: retain candidate 13/64
[search][coarse] resume: retain candidate 14/64
[search][coarse] resume: retain candidate 15/64
[search][coarse] resume: retain candidate 16/64
[search][coarse] resume: retain candidate 17/64
[search][coarse] resume: retain candidate 18/64
[custom] test shape: M 8192, N 29568, K 8192
✅ all close!
✅ all close!
✅ all close!
✅ all close!
Rank 0 [custom] latency (ms): torch_total=5.60, torch_gemm_only=3.75, torch_rs_only=2.01, v2_total=7.15, v2_gemm_only=4.82, v2_rs_only=3.25, v2_internal_overlap=11.39%, v2_speedup_vs_torch=0.78, v2_speedup_vs_old=nan, chunk_rows=512, num_chunks=4, active_chunk_window=4, stage_slots=2, comm_lanes=1, n_bands=1, frontier_chunks=2
Rank 1 [custom] latency (ms): torch_total=5.58, torch_gemm_only=3.74, torch_rs_only=2.04, v2_total=7.25, v2_gemm_only=4.83, v2_rs_only=3.15, v2_internal_overlap=9.19%, v2_speedup_vs_torch=0.77, v2_speedup_vs_old=nan, chunk_rows=512, num_chunks=4, active_chunk_window=4, stage_slots=2, comm_lanes=1, n_bands=1, frontier_chunks=2
Rank 2 [custom] latency (ms): torch_total=5.57, torch_gemm_only=3.74, torch_rs_only=2.02, v2_total=6.54, v2_gemm_only=4.85, v2_rs_only=3.12, v2_internal_overlap=18.03%, v2_speedup_vs_torch=0.85, v2_speedup_vs_old=nan, chunk_rows=512, num_chunks=4, active_chunk_window=4, stage_slots=2, comm_lanes=1, n_bands=1, frontier_chunks=2
Rank 3 [custom] latency (ms): torch_total=5.58, torch_gemm_only=3.82, torch_rs_only=2.03, v2_total=6.94, v2_gemm_only=4.85, v2_rs_only=3.26, v2_internal_overlap=14.35%, v2_speedup_vs_torch=0.80, v2_speedup_vs_old=nan, chunk_rows=512, num_chunks=4, active_chunk_window=4, stage_slots=2, comm_lanes=1, n_bands=1, frontier_chunks=2
W0828 19:39:06.049000 59791 site-packages/torch/distributed/run.py:766] 
W0828 19:39:06.049000 59791 site-packages/torch/distributed/run.py:766] *****************************************
W0828 19:39:06.049000 59791 site-packages/torch/distributed/run.py:766] Setting OMP_NUM_THREADS environment variable for each process to be 1 in default, to avoid your system being overloaded, please further tune the variable for optimal performance in your application as needed. 
W0828 19:39:06.049000 59791 site-packages/torch/distributed/run.py:766] *****************************************
<frozen importlib._bootstrap_external>:1301: FutureWarning: The cuda.cuda module is deprecated and will be removed in a future release, please switch to use the cuda.bindings.driver module instead.
<frozen importlib._bootstrap_external>:1301: FutureWarning: The cuda.cudart module is deprecated and will be removed in a future release, please switch to use the cuda.bindings.runtime module instead.
<frozen importlib._bootstrap_external>:1301: FutureWarning: The cuda.cuda module is deprecated and will be removed in a future release, please switch to use the cuda.bindings.driver module instead.
<frozen importlib._bootstrap_external>:1301: FutureWarning: The cuda.cudart module is deprecated and will be removed in a future release, please switch to use the cuda.bindings.runtime module instead.
<frozen importlib._bootstrap_external>:1301: FutureWarning: The cuda.cuda module is deprecated and will be removed in a future release, please switch to use the cuda.bindings.driver module instead.
<frozen importlib._bootstrap_external>:1301: FutureWarning: The cuda.cudart module is deprecated and will be removed in a future release, please switch to use the cuda.bindings.runtime module instead.
<frozen importlib._bootstrap_external>:1301: FutureWarning: The cuda.cuda module is deprecated and will be removed in a future release, please switch to use the cuda.bindings.driver module instead.
<frozen importlib._bootstrap_external>:1301: FutureWarning: The cuda.cudart module is deprecated and will be removed in a future release, please switch to use the cuda.bindings.runtime module instead.
/root/Triton-distributed/python/triton_dist/kernels/nvidia/comm_perf_model.py:78: UserWarning: can not get max bandwidth of interface bonding_masters, return 0...
  warnings.warn(f"can not get max bandwidth of interface {interface}, return 0...")
/root/Triton-distributed/python/triton_dist/kernels/nvidia/comm_perf_model.py:78: UserWarning: can not get max bandwidth of interface bonding_masters, return 0...
  warnings.warn(f"can not get max bandwidth of interface {interface}, return 0...")
/root/Triton-distributed/python/triton_dist/kernels/nvidia/comm_perf_model.py:78: UserWarning: can not get max bandwidth of interface bonding_masters, return 0...
  warnings.warn(f"can not get max bandwidth of interface {interface}, return 0...")
/root/Triton-distributed/python/triton_dist/kernels/nvidia/comm_perf_model.py:78: UserWarning: can not get max bandwidth of interface bonding_masters, return 0...
  warnings.warn(f"can not get max bandwidth of interface {interface}, return 0...")
[search][coarse] candidate 19/64: max_total=7.2500 ms, mean_total=6.9700 ms, speedup_mean=0.8000, speedup_min=0.7700, overlap_mean=13.24%, lead_ratio=2.000 | chunk=512, window=4, stage=2, steady_sms=4, tail_sms=16, lanes=1, bands=1, frontier=2
[search][coarse] resume: retain candidate 20/64
[search][coarse] resume: retain candidate 21/64
[search][coarse] resume: retain candidate 22/64
[search][coarse] resume: retain candidate 23/64
[search][coarse] resume: retain candidate 24/64
[search][coarse] resume: retain candidate 25/64
[custom] test shape: M 8192, N 29568, K 8192
✅ all close!
✅ all close!
✅ all close!
✅ all close!
Rank 0 [custom] latency (ms): torch_total=5.57, torch_gemm_only=3.74, torch_rs_only=2.07, v2_total=6.50, v2_gemm_only=4.82, v2_rs_only=3.44, v2_internal_overlap=21.35%, v2_speedup_vs_torch=0.86, v2_speedup_vs_old=nan, chunk_rows=512, num_chunks=4, active_chunk_window=4, stage_slots=4, comm_lanes=2, n_bands=1, frontier_chunks=2
Rank 1 [custom] latency (ms): torch_total=5.55, torch_gemm_only=3.73, torch_rs_only=2.07, v2_total=6.66, v2_gemm_only=4.84, v2_rs_only=3.42, v2_internal_overlap=19.35%, v2_speedup_vs_torch=0.83, v2_speedup_vs_old=nan, chunk_rows=512, num_chunks=4, active_chunk_window=4, stage_slots=4, comm_lanes=2, n_bands=1, frontier_chunks=2
Rank 2 [custom] latency (ms): torch_total=5.55, torch_gemm_only=3.73, torch_rs_only=2.07, v2_total=6.39, v2_gemm_only=4.85, v2_rs_only=3.49, v2_internal_overlap=23.35%, v2_speedup_vs_torch=0.87, v2_speedup_vs_old=nan, chunk_rows=512, num_chunks=4, active_chunk_window=4, stage_slots=4, comm_lanes=2, n_bands=1, frontier_chunks=2
Rank 3 [custom] latency (ms): torch_total=5.57, torch_gemm_only=3.78, torch_rs_only=2.05, v2_total=6.75, v2_gemm_only=5.26, v2_rs_only=3.43, v2_internal_overlap=22.31%, v2_speedup_vs_torch=0.83, v2_speedup_vs_old=nan, chunk_rows=512, num_chunks=4, active_chunk_window=4, stage_slots=4, comm_lanes=2, n_bands=1, frontier_chunks=2
W0828 19:39:17.085000 60464 site-packages/torch/distributed/run.py:766] 
W0828 19:39:17.085000 60464 site-packages/torch/distributed/run.py:766] *****************************************
W0828 19:39:17.085000 60464 site-packages/torch/distributed/run.py:766] Setting OMP_NUM_THREADS environment variable for each process to be 1 in default, to avoid your system being overloaded, please further tune the variable for optimal performance in your application as needed. 
W0828 19:39:17.085000 60464 site-packages/torch/distributed/run.py:766] *****************************************
<frozen importlib._bootstrap_external>:1301: FutureWarning: The cuda.cuda module is deprecated and will be removed in a future release, please switch to use the cuda.bindings.driver module instead.
<frozen importlib._bootstrap_external>:1301: FutureWarning: The cuda.cudart module is deprecated and will be removed in a future release, please switch to use the cuda.bindings.runtime module instead.
<frozen importlib._bootstrap_external>:1301: FutureWarning: The cuda.cuda module is deprecated and will be removed in a future release, please switch to use the cuda.bindings.driver module instead.
<frozen importlib._bootstrap_external>:1301: FutureWarning: The cuda.cudart module is deprecated and will be removed in a future release, please switch to use the cuda.bindings.runtime module instead.
<frozen importlib._bootstrap_external>:1301: FutureWarning: The cuda.cuda module is deprecated and will be removed in a future release, please switch to use the cuda.bindings.driver module instead.
<frozen importlib._bootstrap_external>:1301: FutureWarning: The cuda.cudart module is deprecated and will be removed in a future release, please switch to use the cuda.bindings.runtime module instead.
<frozen importlib._bootstrap_external>:1301: FutureWarning: The cuda.cuda module is deprecated and will be removed in a future release, please switch to use the cuda.bindings.driver module instead.
<frozen importlib._bootstrap_external>:1301: FutureWarning: The cuda.cudart module is deprecated and will be removed in a future release, please switch to use the cuda.bindings.runtime module instead.
/root/Triton-distributed/python/triton_dist/kernels/nvidia/comm_perf_model.py:78: UserWarning: can not get max bandwidth of interface bonding_masters, return 0...
  warnings.warn(f"can not get max bandwidth of interface {interface}, return 0...")
/root/Triton-distributed/python/triton_dist/kernels/nvidia/comm_perf_model.py:78: UserWarning: can not get max bandwidth of interface bonding_masters, return 0...
  warnings.warn(f"can not get max bandwidth of interface {interface}, return 0...")
/root/Triton-distributed/python/triton_dist/kernels/nvidia/comm_perf_model.py:78: UserWarning: can not get max bandwidth of interface bonding_masters, return 0...
  warnings.warn(f"can not get max bandwidth of interface {interface}, return 0...")
/root/Triton-distributed/python/triton_dist/kernels/nvidia/comm_perf_model.py:78: UserWarning: can not get max bandwidth of interface bonding_masters, return 0...
  warnings.warn(f"can not get max bandwidth of interface {interface}, return 0...")
[search][coarse] candidate 26/64: max_total=6.7500 ms, mean_total=6.5750 ms, speedup_mean=0.8475, speedup_min=0.8300, overlap_mean=21.59%, lead_ratio=1.000 | chunk=512, window=4, stage=4, steady_sms=4, tail_sms=12, lanes=2, bands=1, frontier=2
[search][coarse] resume: retain candidate 27/64
[search][coarse] resume: retain candidate 28/64
[search][coarse] resume: retain candidate 29/64
[search][coarse] resume: retain candidate 30/64
[search][coarse] resume: retain candidate 31/64
[search][coarse] resume: retain candidate 32/64
[search][coarse] resume: retain candidate 33/64
[search][coarse] resume: retain candidate 34/64
[search][coarse] resume: retain candidate 35/64
[search][coarse] resume: retain candidate 36/64
[search][coarse] resume: retain candidate 37/64
[search][coarse] resume: retain candidate 38/64
[search][coarse] resume: retain candidate 39/64
[search][coarse] resume: retain candidate 40/64
[search][coarse] resume: retain candidate 41/64
[search][coarse] resume: retain candidate 42/64
[search][coarse] resume: retain candidate 43/64
[search][coarse] resume: retain candidate 44/64
[search][coarse] resume: retain candidate 45/64
[search][coarse] resume: retain candidate 46/64
[custom] test shape: M 8192, N 29568, K 8192
✅ all close!
✅ all close!
✅ all close!
✅ all close!
Rank 0 [custom] latency (ms): torch_total=5.54, torch_gemm_only=3.74, torch_rs_only=2.04, v2_total=5.40, v2_gemm_only=4.89, v2_rs_only=3.17, v2_internal_overlap=33.08%, v2_speedup_vs_torch=1.03, v2_speedup_vs_old=nan, chunk_rows=512, num_chunks=4, active_chunk_window=4, stage_slots=4, comm_lanes=1, n_bands=2, frontier_chunks=1
Rank 1 [custom] latency (ms): torch_total=5.55, torch_gemm_only=3.74, torch_rs_only=2.04, v2_total=5.35, v2_gemm_only=4.90, v2_rs_only=3.13, v2_internal_overlap=33.41%, v2_speedup_vs_torch=1.04, v2_speedup_vs_old=nan, chunk_rows=512, num_chunks=4, active_chunk_window=4, stage_slots=4, comm_lanes=1, n_bands=2, frontier_chunks=1
Rank 2 [custom] latency (ms): torch_total=5.55, torch_gemm_only=3.73, torch_rs_only=2.04, v2_total=5.36, v2_gemm_only=4.92, v2_rs_only=3.13, v2_internal_overlap=33.40%, v2_speedup_vs_torch=1.04, v2_speedup_vs_old=nan, chunk_rows=512, num_chunks=4, active_chunk_window=4, stage_slots=4, comm_lanes=1, n_bands=2, frontier_chunks=1
Rank 3 [custom] latency (ms): torch_total=5.57, torch_gemm_only=3.78, torch_rs_only=2.03, v2_total=5.55, v2_gemm_only=5.04, v2_rs_only=3.22, v2_internal_overlap=32.74%, v2_speedup_vs_torch=1.00, v2_speedup_vs_old=nan, chunk_rows=512, num_chunks=4, active_chunk_window=4, stage_slots=4, comm_lanes=1, n_bands=2, frontier_chunks=1
W0828 19:39:28.395000 61115 site-packages/torch/distributed/run.py:766] 
W0828 19:39:28.395000 61115 site-packages/torch/distributed/run.py:766] *****************************************
W0828 19:39:28.395000 61115 site-packages/torch/distributed/run.py:766] Setting OMP_NUM_THREADS environment variable for each process to be 1 in default, to avoid your system being overloaded, please further tune the variable for optimal performance in your application as needed. 
W0828 19:39:28.395000 61115 site-packages/torch/distributed/run.py:766] *****************************************
<frozen importlib._bootstrap_external>:1301: FutureWarning: The cuda.cuda module is deprecated and will be removed in a future release, please switch to use the cuda.bindings.driver module instead.
<frozen importlib._bootstrap_external>:1301: FutureWarning: The cuda.cudart module is deprecated and will be removed in a future release, please switch to use the cuda.bindings.runtime module instead.
<frozen importlib._bootstrap_external>:1301: FutureWarning: The cuda.cuda module is deprecated and will be removed in a future release, please switch to use the cuda.bindings.driver module instead.
<frozen importlib._bootstrap_external>:1301: FutureWarning: The cuda.cudart module is deprecated and will be removed in a future release, please switch to use the cuda.bindings.runtime module instead.
<frozen importlib._bootstrap_external>:1301: FutureWarning: The cuda.cuda module is deprecated and will be removed in a future release, please switch to use the cuda.bindings.driver module instead.
<frozen importlib._bootstrap_external>:1301: FutureWarning: The cuda.cudart module is deprecated and will be removed in a future release, please switch to use the cuda.bindings.runtime module instead.
<frozen importlib._bootstrap_external>:1301: FutureWarning: The cuda.cuda module is deprecated and will be removed in a future release, please switch to use the cuda.bindings.driver module instead.
<frozen importlib._bootstrap_external>:1301: FutureWarning: The cuda.cudart module is deprecated and will be removed in a future release, please switch to use the cuda.bindings.runtime module instead.
/root/Triton-distributed/python/triton_dist/kernels/nvidia/comm_perf_model.py:78: UserWarning: can not get max bandwidth of interface bonding_masters, return 0...
  warnings.warn(f"can not get max bandwidth of interface {interface}, return 0...")
/root/Triton-distributed/python/triton_dist/kernels/nvidia/comm_perf_model.py:78: UserWarning: can not get max bandwidth of interface bonding_masters, return 0...
  warnings.warn(f"can not get max bandwidth of interface {interface}, return 0...")
/root/Triton-distributed/python/triton_dist/kernels/nvidia/comm_perf_model.py:78: UserWarning: can not get max bandwidth of interface bonding_masters, return 0...
  warnings.warn(f"can not get max bandwidth of interface {interface}, return 0...")
/root/Triton-distributed/python/triton_dist/kernels/nvidia/comm_perf_model.py:78: UserWarning: can not get max bandwidth of interface bonding_masters, return 0...
  warnings.warn(f"can not get max bandwidth of interface {interface}, return 0...")
[search][coarse] candidate 47/64: max_total=5.5500 ms, mean_total=5.4150 ms, speedup_mean=1.0275, speedup_min=1.0000, overlap_mean=33.16%, lead_ratio=2.000 | chunk=512, window=4, stage=4, steady_sms=6, tail_sms=16, lanes=1, bands=2, frontier=1
[search][coarse] resume: retain candidate 48/64
[search][coarse] resume: retain candidate 49/64
[search][coarse] resume: retain candidate 50/64
[search][coarse] resume: retain candidate 51/64
[search][coarse] resume: retain candidate 52/64
[search][coarse] resume: retain candidate 53/64
[search][coarse] resume: retain candidate 54/64
[search][coarse] resume: retain candidate 55/64
[search][coarse] resume: retain candidate 56/64
[search][coarse] resume: retain candidate 57/64
[search][coarse] resume: retain candidate 58/64
[search][coarse] resume: retain candidate 59/64
[search][coarse] resume: retain candidate 60/64
[search][coarse] resume: retain candidate 61/64
[search][coarse] resume: retain candidate 62/64
[search][coarse] resume: retain candidate 63/64
[search][coarse] resume: retain candidate 64/64
[search] Top Candidates
  #1: max_total=5.3400 ms, mean_total=5.3325 ms, speedup_mean=1.0425, speedup_min=1.0400, overlap_mean=34.33%, lead_ratio=2.000 | chunk=512, window=4, stage=4, steady_sms=6, tail_sms=16, lanes=2, bands=2, frontier=1
  #2: max_total=5.3600 ms, mean_total=5.3450 ms, speedup_mean=1.0425, speedup_min=1.0400, overlap_mean=33.87%, lead_ratio=2.000 | chunk=512, window=4, stage=4, steady_sms=6, tail_sms=12, lanes=1, bands=2, frontier=2
  #3: max_total=5.4000 ms, mean_total=5.3625 ms, speedup_mean=1.0350, speedup_min=1.0300, overlap_mean=33.23%, lead_ratio=2.000 | chunk=512, window=4, stage=4, steady_sms=6, tail_sms=12, lanes=2, bands=2, frontier=1
  #4: max_total=5.4000 ms, mean_total=5.3775 ms, speedup_mean=1.0325, speedup_min=1.0300, overlap_mean=34.84%, lead_ratio=2.000 | chunk=512, window=4, stage=4, steady_sms=6, tail_sms=12, lanes=1, bands=2, frontier=1
[search] best command:
torchrun --nproc_per_node 4 /root/Triton-distributed/python/triton_dist/benchmark/bench_3rdv5_frontier_windowed_panel_gemmrs.py --M 8192 --N 29568 --K 8192 --mode v2 --iters 10 --warmup_iters 5 --dtype bfloat16 --target_chunks_per_rank 2 --min_chunk_rows 512 --tail_chunk_window 1 --chunk_rows 512 --active_chunk_window 4 --stage_slots 4 --steady_sms 6 --tail_sms 16 --comm_lanes 2 --n_bands 2 --frontier_chunks 1 --profile_target v2 --no-autotune --trans_b --local_seed_direct
[search] verifying top candidate #1: chunk=512, window=4, stage=4, steady_sms=6, tail_sms=16, lanes=2, bands=2, frontier=1
[custom] test shape: M 8192, N 29568, K 8192
✅ all close!
✅ all close!
✅ all close!
✅ all close!
Rank 0 [custom] latency (ms): torch_total=5.57, torch_gemm_only=3.82, torch_rs_only=2.10, v2_total=6.38, v2_gemm_only=5.67, v2_rs_only=3.15, v2_internal_overlap=27.62%, v2_speedup_vs_torch=0.87, v2_speedup_vs_old=nan, chunk_rows=512, num_chunks=4, active_chunk_window=4, stage_slots=4, comm_lanes=2, n_bands=2, frontier_chunks=1
Rank 1 [custom] latency (ms): torch_total=5.57, torch_gemm_only=3.82, torch_rs_only=2.11, v2_total=5.35, v2_gemm_only=4.90, v2_rs_only=3.13, v2_internal_overlap=33.31%, v2_speedup_vs_torch=1.04, v2_speedup_vs_old=nan, chunk_rows=512, num_chunks=4, active_chunk_window=4, stage_slots=4, comm_lanes=2, n_bands=2, frontier_chunks=1
Rank 2 [custom] latency (ms): torch_total=5.57, torch_gemm_only=3.80, torch_rs_only=2.09, v2_total=5.54, v2_gemm_only=4.92, v2_rs_only=3.13, v2_internal_overlap=31.10%, v2_speedup_vs_torch=1.00, v2_speedup_vs_old=nan, chunk_rows=512, num_chunks=4, active_chunk_window=4, stage_slots=4, comm_lanes=2, n_bands=2, frontier_chunks=1
Rank 3 [custom] latency (ms): torch_total=5.58, torch_gemm_only=3.89, torch_rs_only=2.09, v2_total=5.49, v2_gemm_only=4.97, v2_rs_only=3.12, v2_internal_overlap=32.12%, v2_speedup_vs_torch=1.02, v2_speedup_vs_old=nan, chunk_rows=512, num_chunks=4, active_chunk_window=4, stage_slots=4, comm_lanes=2, n_bands=2, frontier_chunks=1
W0828 19:39:39.420000 61766 site-packages/torch/distributed/run.py:766] 
W0828 19:39:39.420000 61766 site-packages/torch/distributed/run.py:766] *****************************************
W0828 19:39:39.420000 61766 site-packages/torch/distributed/run.py:766] Setting OMP_NUM_THREADS environment variable for each process to be 1 in default, to avoid your system being overloaded, please further tune the variable for optimal performance in your application as needed. 
W0828 19:39:39.420000 61766 site-packages/torch/distributed/run.py:766] *****************************************
<frozen importlib._bootstrap_external>:1301: FutureWarning: The cuda.cuda module is deprecated and will be removed in a future release, please switch to use the cuda.bindings.driver module instead.
<frozen importlib._bootstrap_external>:1301: FutureWarning: The cuda.cudart module is deprecated and will be removed in a future release, please switch to use the cuda.bindings.runtime module instead.
<frozen importlib._bootstrap_external>:1301: FutureWarning: The cuda.cuda module is deprecated and will be removed in a future release, please switch to use the cuda.bindings.driver module instead.
<frozen importlib._bootstrap_external>:1301: FutureWarning: The cuda.cudart module is deprecated and will be removed in a future release, please switch to use the cuda.bindings.runtime module instead.
<frozen importlib._bootstrap_external>:1301: FutureWarning: The cuda.cuda module is deprecated and will be removed in a future release, please switch to use the cuda.bindings.driver module instead.
<frozen importlib._bootstrap_external>:1301: FutureWarning: The cuda.cudart module is deprecated and will be removed in a future release, please switch to use the cuda.bindings.runtime module instead.
<frozen importlib._bootstrap_external>:1301: FutureWarning: The cuda.cuda module is deprecated and will be removed in a future release, please switch to use the cuda.bindings.driver module instead.
<frozen importlib._bootstrap_external>:1301: FutureWarning: The cuda.cudart module is deprecated and will be removed in a future release, please switch to use the cuda.bindings.runtime module instead.
/root/Triton-distributed/python/triton_dist/kernels/nvidia/comm_perf_model.py:78: UserWarning: can not get max bandwidth of interface bonding_masters, return 0...
  warnings.warn(f"can not get max bandwidth of interface {interface}, return 0...")
/root/Triton-distributed/python/triton_dist/kernels/nvidia/comm_perf_model.py:78: UserWarning: can not get max bandwidth of interface bonding_masters, return 0...
  warnings.warn(f"can not get max bandwidth of interface {interface}, return 0...")
/root/Triton-distributed/python/triton_dist/kernels/nvidia/comm_perf_model.py:78: UserWarning: can not get max bandwidth of interface bonding_masters, return 0...
  warnings.warn(f"can not get max bandwidth of interface {interface}, return 0...")
/root/Triton-distributed/python/triton_dist/kernels/nvidia/comm_perf_model.py:78: UserWarning: can not get max bandwidth of interface bonding_masters, return 0...
  warnings.warn(f"can not get max bandwidth of interface {interface}, return 0...")
[search] verifying top candidate #2: chunk=512, window=4, stage=4, steady_sms=6, tail_sms=12, lanes=1, bands=2, frontier=2
[custom] test shape: M 8192, N 29568, K 8192
✅ all close!
✅ all close!
✅ all close!
✅ all close!
Rank 0 [custom] latency (ms): torch_total=5.58, torch_gemm_only=3.84, torch_rs_only=2.13, v2_total=6.38, v2_gemm_only=5.67, v2_rs_only=3.03, v2_internal_overlap=26.63%, v2_speedup_vs_torch=0.88, v2_speedup_vs_old=nan, chunk_rows=512, num_chunks=4, active_chunk_window=4, stage_slots=4, comm_lanes=1, n_bands=2, frontier_chunks=2
Rank 1 [custom] latency (ms): torch_total=5.58, torch_gemm_only=3.80, torch_rs_only=2.13, v2_total=5.52, v2_gemm_only=4.90, v2_rs_only=3.07, v2_internal_overlap=30.75%, v2_speedup_vs_torch=1.01, v2_speedup_vs_old=nan, chunk_rows=512, num_chunks=4, active_chunk_window=4, stage_slots=4, comm_lanes=1, n_bands=2, frontier_chunks=2
Rank 2 [custom] latency (ms): torch_total=5.56, torch_gemm_only=3.79, torch_rs_only=2.07, v2_total=5.61, v2_gemm_only=4.91, v2_rs_only=3.07, v2_internal_overlap=29.68%, v2_speedup_vs_torch=0.99, v2_speedup_vs_old=nan, chunk_rows=512, num_chunks=4, active_chunk_window=4, stage_slots=4, comm_lanes=1, n_bands=2, frontier_chunks=2
Rank 3 [custom] latency (ms): torch_total=5.59, torch_gemm_only=3.91, torch_rs_only=2.14, v2_total=5.68, v2_gemm_only=4.91, v2_rs_only=3.05, v2_internal_overlap=28.76%, v2_speedup_vs_torch=0.98, v2_speedup_vs_old=nan, chunk_rows=512, num_chunks=4, active_chunk_window=4, stage_slots=4, comm_lanes=1, n_bands=2, frontier_chunks=2
W0828 19:39:51.012000 62940 site-packages/torch/distributed/run.py:766] 
W0828 19:39:51.012000 62940 site-packages/torch/distributed/run.py:766] *****************************************
W0828 19:39:51.012000 62940 site-packages/torch/distributed/run.py:766] Setting OMP_NUM_THREADS environment variable for each process to be 1 in default, to avoid your system being overloaded, please further tune the variable for optimal performance in your application as needed. 
W0828 19:39:51.012000 62940 site-packages/torch/distributed/run.py:766] *****************************************
<frozen importlib._bootstrap_external>:1301: FutureWarning: The cuda.cuda module is deprecated and will be removed in a future release, please switch to use the cuda.bindings.driver module instead.
<frozen importlib._bootstrap_external>:1301: FutureWarning: The cuda.cudart module is deprecated and will be removed in a future release, please switch to use the cuda.bindings.runtime module instead.
<frozen importlib._bootstrap_external>:1301: FutureWarning: The cuda.cuda module is deprecated and will be removed in a future release, please switch to use the cuda.bindings.driver module instead.
<frozen importlib._bootstrap_external>:1301: FutureWarning: The cuda.cudart module is deprecated and will be removed in a future release, please switch to use the cuda.bindings.runtime module instead.
<frozen importlib._bootstrap_external>:1301: FutureWarning: The cuda.cuda module is deprecated and will be removed in a future release, please switch to use the cuda.bindings.driver module instead.
<frozen importlib._bootstrap_external>:1301: FutureWarning: The cuda.cudart module is deprecated and will be removed in a future release, please switch to use the cuda.bindings.runtime module instead.
<frozen importlib._bootstrap_external>:1301: FutureWarning: The cuda.cuda module is deprecated and will be removed in a future release, please switch to use the cuda.bindings.driver module instead.
<frozen importlib._bootstrap_external>:1301: FutureWarning: The cuda.cudart module is deprecated and will be removed in a future release, please switch to use the cuda.bindings.runtime module instead.
/root/Triton-distributed/python/triton_dist/kernels/nvidia/comm_perf_model.py:78: UserWarning: can not get max bandwidth of interface bonding_masters, return 0...
  warnings.warn(f"can not get max bandwidth of interface {interface}, return 0...")
/root/Triton-distributed/python/triton_dist/kernels/nvidia/comm_perf_model.py:78: UserWarning: can not get max bandwidth of interface bonding_masters, return 0...
  warnings.warn(f"can not get max bandwidth of interface {interface}, return 0...")
/root/Triton-distributed/python/triton_dist/kernels/nvidia/comm_perf_model.py:78: UserWarning: can not get max bandwidth of interface bonding_masters, return 0...
  warnings.warn(f"can not get max bandwidth of interface {interface}, return 0...")
/root/Triton-distributed/python/triton_dist/kernels/nvidia/comm_perf_model.py:78: UserWarning: can not get max bandwidth of interface bonding_masters, return 0...
  warnings.warn(f"can not get max bandwidth of interface {interface}, return 0...")
[search] verifying top candidate #3: chunk=512, window=4, stage=4, steady_sms=6, tail_sms=12, lanes=2, bands=2, frontier=1
[custom] test shape: M 8192, N 29568, K 8192
✅ all close!
✅ all close!
✅ all close!
✅ all close!
Rank 0 [custom] latency (ms): torch_total=5.59, torch_gemm_only=3.80, torch_rs_only=2.06, v2_total=5.43, v2_gemm_only=5.01, v2_rs_only=3.14, v2_internal_overlap=33.34%, v2_speedup_vs_torch=1.03, v2_speedup_vs_old=nan, chunk_rows=512, num_chunks=4, active_chunk_window=4, stage_slots=4, comm_lanes=2, n_bands=2, frontier_chunks=1
Rank 1 [custom] latency (ms): torch_total=5.59, torch_gemm_only=3.74, torch_rs_only=2.07, v2_total=5.39, v2_gemm_only=4.96, v2_rs_only=3.13, v2_internal_overlap=33.30%, v2_speedup_vs_torch=1.04, v2_speedup_vs_old=nan, chunk_rows=512, num_chunks=4, active_chunk_window=4, stage_slots=4, comm_lanes=2, n_bands=2, frontier_chunks=1
Rank 2 [custom] latency (ms): torch_total=5.58, torch_gemm_only=3.82, torch_rs_only=2.07, v2_total=5.41, v2_gemm_only=4.98, v2_rs_only=3.12, v2_internal_overlap=33.20%, v2_speedup_vs_torch=1.03, v2_speedup_vs_old=nan, chunk_rows=512, num_chunks=4, active_chunk_window=4, stage_slots=4, comm_lanes=2, n_bands=2, frontier_chunks=1
Rank 3 [custom] latency (ms): torch_total=5.60, torch_gemm_only=3.95, torch_rs_only=2.06, v2_total=5.49, v2_gemm_only=5.10, v2_rs_only=3.13, v2_internal_overlap=33.32%, v2_speedup_vs_torch=1.02, v2_speedup_vs_old=nan, chunk_rows=512, num_chunks=4, active_chunk_window=4, stage_slots=4, comm_lanes=2, n_bands=2, frontier_chunks=1
W0828 19:40:02.196000 64100 site-packages/torch/distributed/run.py:766] 
W0828 19:40:02.196000 64100 site-packages/torch/distributed/run.py:766] *****************************************
W0828 19:40:02.196000 64100 site-packages/torch/distributed/run.py:766] Setting OMP_NUM_THREADS environment variable for each process to be 1 in default, to avoid your system being overloaded, please further tune the variable for optimal performance in your application as needed. 
W0828 19:40:02.196000 64100 site-packages/torch/distributed/run.py:766] *****************************************
<frozen importlib._bootstrap_external>:1301: FutureWarning: The cuda.cuda module is deprecated and will be removed in a future release, please switch to use the cuda.bindings.driver module instead.
<frozen importlib._bootstrap_external>:1301: FutureWarning: The cuda.cudart module is deprecated and will be removed in a future release, please switch to use the cuda.bindings.runtime module instead.
<frozen importlib._bootstrap_external>:1301: FutureWarning: The cuda.cuda module is deprecated and will be removed in a future release, please switch to use the cuda.bindings.driver module instead.
<frozen importlib._bootstrap_external>:1301: FutureWarning: The cuda.cudart module is deprecated and will be removed in a future release, please switch to use the cuda.bindings.runtime module instead.
<frozen importlib._bootstrap_external>:1301: FutureWarning: The cuda.cuda module is deprecated and will be removed in a future release, please switch to use the cuda.bindings.driver module instead.
<frozen importlib._bootstrap_external>:1301: FutureWarning: The cuda.cudart module is deprecated and will be removed in a future release, please switch to use the cuda.bindings.runtime module instead.
<frozen importlib._bootstrap_external>:1301: FutureWarning: The cuda.cuda module is deprecated and will be removed in a future release, please switch to use the cuda.bindings.driver module instead.
<frozen importlib._bootstrap_external>:1301: FutureWarning: The cuda.cudart module is deprecated and will be removed in a future release, please switch to use the cuda.bindings.runtime module instead.
/root/Triton-distributed/python/triton_dist/kernels/nvidia/comm_perf_model.py:78: UserWarning: can not get max bandwidth of interface bonding_masters, return 0...
  warnings.warn(f"can not get max bandwidth of interface {interface}, return 0...")
/root/Triton-distributed/python/triton_dist/kernels/nvidia/comm_perf_model.py:78: UserWarning: can not get max bandwidth of interface bonding_masters, return 0...
  warnings.warn(f"can not get max bandwidth of interface {interface}, return 0...")
/root/Triton-distributed/python/triton_dist/kernels/nvidia/comm_perf_model.py:78: UserWarning: can not get max bandwidth of interface bonding_masters, return 0...
  warnings.warn(f"can not get max bandwidth of interface {interface}, return 0...")
/root/Triton-distributed/python/triton_dist/kernels/nvidia/comm_perf_model.py:78: UserWarning: can not get max bandwidth of interface bonding_masters, return 0...
  warnings.warn(f"can not get max bandwidth of interface {interface}, return 0...")
[search] Verified Top Candidates
  #1: max_total=5.4900 ms, mean_total=5.4300 ms, speedup_mean=1.0300, speedup_min=1.0200, overlap_mean=33.29%, lead_ratio=2.000 | chunk=512, window=4, stage=4, steady_sms=6, tail_sms=12, lanes=2, bands=2, frontier=1
  #2: max_total=6.3800 ms, mean_total=5.6900 ms, speedup_mean=0.9825, speedup_min=0.8700, overlap_mean=31.04%, lead_ratio=2.000 | chunk=512, window=4, stage=4, steady_sms=6, tail_sms=16, lanes=2, bands=2, frontier=1
  #3: max_total=6.3800 ms, mean_total=5.7975 ms, speedup_mean=0.9650, speedup_min=0.8800, overlap_mean=28.95%, lead_ratio=2.000 | chunk=512, window=4, stage=4, steady_sms=6, tail_sms=12, lanes=1, bands=2, frontier=2
