[search] ===== exhaustive C begin 2026-08-28T19:44:07+08:00; 128-space, timeout=90s =====
[search] exhaustive C pid=10355 at 2026-08-28T19:44:07+08:00
[search] exhaustive search: 128 candidates for M=8192, N=29568, K=8192, nproc=4
[search] exhaustive checkpoint: 0/128 completed candidates <- /root/Triton-distributed/python/triton_dist/benchmark/search_compare_runs/20260828_space128_r1/exhaustive_checkpoint.csv
[custom] test shape: M 8192, N 29568, K 8192
✅ all close!
✅ all close!
✅ all close!
✅ all close!
Rank 0 [custom] latency (ms): torch_total=5.57, torch_gemm_only=3.74, torch_rs_only=2.05, v2_total=7.07, v2_gemm_only=4.82, v2_rs_only=3.22, v2_internal_overlap=12.09%, v2_speedup_vs_torch=0.79, v2_speedup_vs_old=nan, chunk_rows=512, num_chunks=4, active_chunk_window=4, stage_slots=2, comm_lanes=1, n_bands=1, frontier_chunks=1
Rank 1 [custom] latency (ms): torch_total=5.56, torch_gemm_only=3.75, torch_rs_only=2.04, v2_total=7.88, v2_gemm_only=5.87, v2_rs_only=3.52, v2_internal_overlap=16.09%, v2_speedup_vs_torch=0.71, v2_speedup_vs_old=nan, chunk_rows=512, num_chunks=4, active_chunk_window=4, stage_slots=2, comm_lanes=1, n_bands=1, frontier_chunks=1
Rank 2 [custom] latency (ms): torch_total=5.56, torch_gemm_only=3.73, torch_rs_only=2.04, v2_total=7.24, v2_gemm_only=5.35, v2_rs_only=3.34, v2_internal_overlap=16.79%, v2_speedup_vs_torch=0.77, v2_speedup_vs_old=nan, chunk_rows=512, num_chunks=4, active_chunk_window=4, stage_slots=2, comm_lanes=1, n_bands=1, frontier_chunks=1
Rank 3 [custom] latency (ms): torch_total=5.56, torch_gemm_only=3.76, torch_rs_only=2.03, v2_total=7.67, v2_gemm_only=5.26, v2_rs_only=3.49, v2_internal_overlap=12.37%, v2_speedup_vs_torch=0.73, v2_speedup_vs_old=nan, chunk_rows=512, num_chunks=4, active_chunk_window=4, stage_slots=2, comm_lanes=1, n_bands=1, frontier_chunks=1
W0828 19:44:09.108000 10358 site-packages/torch/distributed/run.py:766] 
W0828 19:44:09.108000 10358 site-packages/torch/distributed/run.py:766] *****************************************
W0828 19:44:09.108000 10358 site-packages/torch/distributed/run.py:766] Setting OMP_NUM_THREADS environment variable for each process to be 1 in default, to avoid your system being overloaded, please further tune the variable for optimal performance in your application as needed. 
W0828 19:44:09.108000 10358 site-packages/torch/distributed/run.py:766] *****************************************
<frozen importlib._bootstrap_external>:1301: FutureWarning: The cuda.cuda module is deprecated and will be removed in a future release, please switch to use the cuda.bindings.driver module instead.
<frozen importlib._bootstrap_external>:1301: FutureWarning: The cuda.cudart module is deprecated and will be removed in a future release, please switch to use the cuda.bindings.runtime module instead.
<frozen importlib._bootstrap_external>:1301: FutureWarning: The cuda.cuda module is deprecated and will be removed in a future release, please switch to use the cuda.bindings.driver module instead.
<frozen importlib._bootstrap_external>:1301: FutureWarning: The cuda.cudart module is deprecated and will be removed in a future release, please switch to use the cuda.bindings.runtime module instead.
<frozen importlib._bootstrap_external>:1301: FutureWarning: The cuda.cuda module is deprecated and will be removed in a future release, please switch to use the cuda.bindings.driver module instead.
<frozen importlib._bootstrap_external>:1301: FutureWarning: The cuda.cudart module is deprecated and will be removed in a future release, please switch to use the cuda.bindings.runtime module instead.
<frozen importlib._bootstrap_external>:1301: FutureWarning: The cuda.cuda module is deprecated and will be removed in a future release, please switch to use the cuda.bindings.driver module instead.
<frozen importlib._bootstrap_external>:1301: FutureWarning: The cuda.cudart module is deprecated and will be removed in a future release, please switch to use the cuda.bindings.runtime module instead.
/root/Triton-distributed/python/triton_dist/kernels/nvidia/comm_perf_model.py:78: UserWarning: can not get max bandwidth of interface bonding_masters, return 0...
  warnings.warn(f"can not get max bandwidth of interface {interface}, return 0...")
/root/Triton-distributed/python/triton_dist/kernels/nvidia/comm_perf_model.py:78: UserWarning: can not get max bandwidth of interface bonding_masters, return 0...
  warnings.warn(f"can not get max bandwidth of interface {interface}, return 0...")
/root/Triton-distributed/python/triton_dist/kernels/nvidia/comm_perf_model.py:78: UserWarning: can not get max bandwidth of interface bonding_masters, return 0...
  warnings.warn(f"can not get max bandwidth of interface {interface}, return 0...")
/root/Triton-distributed/python/triton_dist/kernels/nvidia/comm_perf_model.py:78: UserWarning: can not get max bandwidth of interface bonding_masters, return 0...
  warnings.warn(f"can not get max bandwidth of interface {interface}, return 0...")
[search][coarse] candidate 1/128: max_total=7.8800 ms, mean_total=7.4650 ms, speedup_mean=0.7500, speedup_min=0.7100, overlap_mean=14.33%, lead_ratio=2.000 | chunk=512, window=4, stage=2, steady_sms=4, tail_sms=12, lanes=1, bands=1, frontier=1
[custom] test shape: M 8192, N 29568, K 8192
✅ all close!
✅ all close!
✅ all close!
✅ all close!
Rank 0 [custom] latency (ms): torch_total=5.58, torch_gemm_only=3.74, torch_rs_only=2.05, v2_total=7.22, v2_gemm_only=5.66, v2_rs_only=3.70, v2_internal_overlap=22.84%, v2_speedup_vs_torch=0.77, v2_speedup_vs_old=nan, chunk_rows=512, num_chunks=4, active_chunk_window=4, stage_slots=2, comm_lanes=2, n_bands=1, frontier_chunks=1
Rank 1 [custom] latency (ms): torch_total=5.57, torch_gemm_only=3.74, torch_rs_only=2.03, v2_total=7.14, v2_gemm_only=4.84, v2_rs_only=3.72, v2_internal_overlap=16.58%, v2_speedup_vs_torch=0.78, v2_speedup_vs_old=nan, chunk_rows=512, num_chunks=4, active_chunk_window=4, stage_slots=2, comm_lanes=2, n_bands=1, frontier_chunks=1
Rank 2 [custom] latency (ms): torch_total=5.57, torch_gemm_only=3.73, torch_rs_only=2.01, v2_total=6.83, v2_gemm_only=4.85, v2_rs_only=3.77, v2_internal_overlap=20.84%, v2_speedup_vs_torch=0.82, v2_speedup_vs_old=nan, chunk_rows=512, num_chunks=4, active_chunk_window=4, stage_slots=2, comm_lanes=2, n_bands=1, frontier_chunks=1
Rank 3 [custom] latency (ms): torch_total=5.58, torch_gemm_only=3.77, torch_rs_only=2.04, v2_total=7.33, v2_gemm_only=4.83, v2_rs_only=3.53, v2_internal_overlap=12.34%, v2_speedup_vs_torch=0.76, v2_speedup_vs_old=nan, chunk_rows=512, num_chunks=4, active_chunk_window=4, stage_slots=2, comm_lanes=2, n_bands=1, frontier_chunks=1
W0828 19:44:19.923000 11027 site-packages/torch/distributed/run.py:766] 
W0828 19:44:19.923000 11027 site-packages/torch/distributed/run.py:766] *****************************************
W0828 19:44:19.923000 11027 site-packages/torch/distributed/run.py:766] Setting OMP_NUM_THREADS environment variable for each process to be 1 in default, to avoid your system being overloaded, please further tune the variable for optimal performance in your application as needed. 
W0828 19:44:19.923000 11027 site-packages/torch/distributed/run.py:766] *****************************************
<frozen importlib._bootstrap_external>:1301: FutureWarning: The cuda.cuda module is deprecated and will be removed in a future release, please switch to use the cuda.bindings.driver module instead.
<frozen importlib._bootstrap_external>:1301: FutureWarning: The cuda.cudart module is deprecated and will be removed in a future release, please switch to use the cuda.bindings.runtime module instead.
<frozen importlib._bootstrap_external>:1301: FutureWarning: The cuda.cuda module is deprecated and will be removed in a future release, please switch to use the cuda.bindings.driver module instead.
<frozen importlib._bootstrap_external>:1301: FutureWarning: The cuda.cudart module is deprecated and will be removed in a future release, please switch to use the cuda.bindings.runtime module instead.
<frozen importlib._bootstrap_external>:1301: FutureWarning: The cuda.cuda module is deprecated and will be removed in a future release, please switch to use the cuda.bindings.driver module instead.
<frozen importlib._bootstrap_external>:1301: FutureWarning: The cuda.cudart module is deprecated and will be removed in a future release, please switch to use the cuda.bindings.runtime module instead.
<frozen importlib._bootstrap_external>:1301: FutureWarning: The cuda.cuda module is deprecated and will be removed in a future release, please switch to use the cuda.bindings.driver module instead.
<frozen importlib._bootstrap_external>:1301: FutureWarning: The cuda.cudart module is deprecated and will be removed in a future release, please switch to use the cuda.bindings.runtime module instead.
/root/Triton-distributed/python/triton_dist/kernels/nvidia/comm_perf_model.py:78: UserWarning: can not get max bandwidth of interface bonding_masters, return 0...
  warnings.warn(f"can not get max bandwidth of interface {interface}, return 0...")
/root/Triton-distributed/python/triton_dist/kernels/nvidia/comm_perf_model.py:78: UserWarning: can not get max bandwidth of interface bonding_masters, return 0...
  warnings.warn(f"can not get max bandwidth of interface {interface}, return 0...")
/root/Triton-distributed/python/triton_dist/kernels/nvidia/comm_perf_model.py:78: UserWarning: can not get max bandwidth of interface bonding_masters, return 0...
  warnings.warn(f"can not get max bandwidth of interface {interface}, return 0...")
/root/Triton-distributed/python/triton_dist/kernels/nvidia/comm_perf_model.py:78: UserWarning: can not get max bandwidth of interface bonding_masters, return 0...
  warnings.warn(f"can not get max bandwidth of interface {interface}, return 0...")
[search][coarse] candidate 2/128: max_total=7.3300 ms, mean_total=7.1300 ms, speedup_mean=0.7825, speedup_min=0.7600, overlap_mean=18.15%, lead_ratio=2.000 | chunk=512, window=4, stage=2, steady_sms=4, tail_sms=12, lanes=2, bands=1, frontier=1
[custom] test shape: M 8192, N 29568, K 8192
✅ all close!
✅ all close!
✅ all close!
✅ all close!
Rank 0 [custom] latency (ms): torch_total=5.57, torch_gemm_only=3.73, torch_rs_only=2.06, v2_total=7.15, v2_gemm_only=4.82, v2_rs_only=3.15, v2_internal_overlap=10.36%, v2_speedup_vs_torch=0.78, v2_speedup_vs_old=nan, chunk_rows=512, num_chunks=4, active_chunk_window=4, stage_slots=2, comm_lanes=1, n_bands=1, frontier_chunks=1
Rank 1 [custom] latency (ms): torch_total=5.55, torch_gemm_only=3.74, torch_rs_only=2.06, v2_total=7.26, v2_gemm_only=4.84, v2_rs_only=3.11, v2_internal_overlap=8.62%, v2_speedup_vs_torch=0.76, v2_speedup_vs_old=nan, chunk_rows=512, num_chunks=4, active_chunk_window=4, stage_slots=2, comm_lanes=1, n_bands=1, frontier_chunks=1
Rank 2 [custom] latency (ms): torch_total=5.54, torch_gemm_only=3.73, torch_rs_only=2.06, v2_total=6.55, v2_gemm_only=4.85, v2_rs_only=3.12, v2_internal_overlap=17.80%, v2_speedup_vs_torch=0.85, v2_speedup_vs_old=nan, chunk_rows=512, num_chunks=4, active_chunk_window=4, stage_slots=2, comm_lanes=1, n_bands=1, frontier_chunks=1
Rank 3 [custom] latency (ms): torch_total=5.57, torch_gemm_only=3.76, torch_rs_only=2.07, v2_total=6.94, v2_gemm_only=4.86, v2_rs_only=3.13, v2_internal_overlap=13.16%, v2_speedup_vs_torch=0.80, v2_speedup_vs_old=nan, chunk_rows=512, num_chunks=4, active_chunk_window=4, stage_slots=2, comm_lanes=1, n_bands=1, frontier_chunks=1
W0828 19:44:30.817000 11684 site-packages/torch/distributed/run.py:766] 
W0828 19:44:30.817000 11684 site-packages/torch/distributed/run.py:766] *****************************************
W0828 19:44:30.817000 11684 site-packages/torch/distributed/run.py:766] Setting OMP_NUM_THREADS environment variable for each process to be 1 in default, to avoid your system being overloaded, please further tune the variable for optimal performance in your application as needed. 
W0828 19:44:30.817000 11684 site-packages/torch/distributed/run.py:766] *****************************************
<frozen importlib._bootstrap_external>:1301: FutureWarning: The cuda.cuda module is deprecated and will be removed in a future release, please switch to use the cuda.bindings.driver module instead.
<frozen importlib._bootstrap_external>:1301: FutureWarning: The cuda.cudart module is deprecated and will be removed in a future release, please switch to use the cuda.bindings.runtime module instead.
<frozen importlib._bootstrap_external>:1301: FutureWarning: The cuda.cuda module is deprecated and will be removed in a future release, please switch to use the cuda.bindings.driver module instead.
<frozen importlib._bootstrap_external>:1301: FutureWarning: The cuda.cudart module is deprecated and will be removed in a future release, please switch to use the cuda.bindings.runtime module instead.
<frozen importlib._bootstrap_external>:1301: FutureWarning: The cuda.cuda module is deprecated and will be removed in a future release, please switch to use the cuda.bindings.driver module instead.
<frozen importlib._bootstrap_external>:1301: FutureWarning: The cuda.cudart module is deprecated and will be removed in a future release, please switch to use the cuda.bindings.runtime module instead.
<frozen importlib._bootstrap_external>:1301: FutureWarning: The cuda.cuda module is deprecated and will be removed in a future release, please switch to use the cuda.bindings.driver module instead.
<frozen importlib._bootstrap_external>:1301: FutureWarning: The cuda.cudart module is deprecated and will be removed in a future release, please switch to use the cuda.bindings.runtime module instead.
/root/Triton-distributed/python/triton_dist/kernels/nvidia/comm_perf_model.py:78: UserWarning: can not get max bandwidth of interface bonding_masters, return 0...
  warnings.warn(f"can not get max bandwidth of interface {interface}, return 0...")
/root/Triton-distributed/python/triton_dist/kernels/nvidia/comm_perf_model.py:78: UserWarning: can not get max bandwidth of interface bonding_masters, return 0...
  warnings.warn(f"can not get max bandwidth of interface {interface}, return 0...")
/root/Triton-distributed/python/triton_dist/kernels/nvidia/comm_perf_model.py:78: UserWarning: can not get max bandwidth of interface bonding_masters, return 0...
  warnings.warn(f"can not get max bandwidth of interface {interface}, return 0...")
/root/Triton-distributed/python/triton_dist/kernels/nvidia/comm_perf_model.py:78: UserWarning: can not get max bandwidth of interface bonding_masters, return 0...
  warnings.warn(f"can not get max bandwidth of interface {interface}, return 0...")
[search][coarse] candidate 3/128: max_total=7.2600 ms, mean_total=6.9750 ms, speedup_mean=0.7975, speedup_min=0.7600, overlap_mean=12.48%, lead_ratio=2.000 | chunk=512, window=4, stage=2, steady_sms=4, tail_sms=16, lanes=1, bands=1, frontier=1
[custom] test shape: M 8192, N 29568, K 8192
✅ all close!
✅ all close!
✅ all close!
✅ all close!
Rank 0 [custom] latency (ms): torch_total=5.54, torch_gemm_only=3.73, torch_rs_only=2.05, v2_total=6.79, v2_gemm_only=4.83, v2_rs_only=3.59, v2_internal_overlap=19.27%, v2_speedup_vs_torch=0.82, v2_speedup_vs_old=nan, chunk_rows=512, num_chunks=4, active_chunk_window=4, stage_slots=2, comm_lanes=2, n_bands=1, frontier_chunks=1
Rank 1 [custom] latency (ms): torch_total=5.56, torch_gemm_only=3.75, torch_rs_only=2.06, v2_total=7.16, v2_gemm_only=4.87, v2_rs_only=3.50, v2_internal_overlap=14.41%, v2_speedup_vs_torch=0.78, v2_speedup_vs_old=nan, chunk_rows=512, num_chunks=4, active_chunk_window=4, stage_slots=2, comm_lanes=2, n_bands=1, frontier_chunks=1
Rank 2 [custom] latency (ms): torch_total=5.56, torch_gemm_only=3.74, torch_rs_only=2.07, v2_total=6.50, v2_gemm_only=4.85, v2_rs_only=3.51, v2_internal_overlap=22.22%, v2_speedup_vs_torch=0.86, v2_speedup_vs_old=nan, chunk_rows=512, num_chunks=4, active_chunk_window=4, stage_slots=2, comm_lanes=2, n_bands=1, frontier_chunks=1
Rank 3 [custom] latency (ms): torch_total=5.57, torch_gemm_only=3.77, torch_rs_only=2.06, v2_total=7.03, v2_gemm_only=4.83, v2_rs_only=3.61, v2_internal_overlap=16.74%, v2_speedup_vs_torch=0.79, v2_speedup_vs_old=nan, chunk_rows=512, num_chunks=4, active_chunk_window=4, stage_slots=2, comm_lanes=2, n_bands=1, frontier_chunks=1
W0828 19:44:41.693000 12335 site-packages/torch/distributed/run.py:766] 
W0828 19:44:41.693000 12335 site-packages/torch/distributed/run.py:766] *****************************************
W0828 19:44:41.693000 12335 site-packages/torch/distributed/run.py:766] Setting OMP_NUM_THREADS environment variable for each process to be 1 in default, to avoid your system being overloaded, please further tune the variable for optimal performance in your application as needed. 
W0828 19:44:41.693000 12335 site-packages/torch/distributed/run.py:766] *****************************************
<frozen importlib._bootstrap_external>:1301: FutureWarning: The cuda.cuda module is deprecated and will be removed in a future release, please switch to use the cuda.bindings.driver module instead.
<frozen importlib._bootstrap_external>:1301: FutureWarning: The cuda.cudart module is deprecated and will be removed in a future release, please switch to use the cuda.bindings.runtime module instead.
<frozen importlib._bootstrap_external>:1301: FutureWarning: The cuda.cuda module is deprecated and will be removed in a future release, please switch to use the cuda.bindings.driver module instead.
<frozen importlib._bootstrap_external>:1301: FutureWarning: The cuda.cudart module is deprecated and will be removed in a future release, please switch to use the cuda.bindings.runtime module instead.
<frozen importlib._bootstrap_external>:1301: FutureWarning: The cuda.cuda module is deprecated and will be removed in a future release, please switch to use the cuda.bindings.driver module instead.
<frozen importlib._bootstrap_external>:1301: FutureWarning: The cuda.cudart module is deprecated and will be removed in a future release, please switch to use the cuda.bindings.runtime module instead.
<frozen importlib._bootstrap_external>:1301: FutureWarning: The cuda.cuda module is deprecated and will be removed in a future release, please switch to use the cuda.bindings.driver module instead.
<frozen importlib._bootstrap_external>:1301: FutureWarning: The cuda.cudart module is deprecated and will be removed in a future release, please switch to use the cuda.bindings.runtime module instead.
/root/Triton-distributed/python/triton_dist/kernels/nvidia/comm_perf_model.py:78: UserWarning: can not get max bandwidth of interface bonding_masters, return 0...
  warnings.warn(f"can not get max bandwidth of interface {interface}, return 0...")
/root/Triton-distributed/python/triton_dist/kernels/nvidia/comm_perf_model.py:78: UserWarning: can not get max bandwidth of interface bonding_masters, return 0...
  warnings.warn(f"can not get max bandwidth of interface {interface}, return 0...")
/root/Triton-distributed/python/triton_dist/kernels/nvidia/comm_perf_model.py:78: UserWarning: can not get max bandwidth of interface bonding_masters, return 0...
  warnings.warn(f"can not get max bandwidth of interface {interface}, return 0...")
/root/Triton-distributed/python/triton_dist/kernels/nvidia/comm_perf_model.py:78: UserWarning: can not get max bandwidth of interface bonding_masters, return 0...
  warnings.warn(f"can not get max bandwidth of interface {interface}, return 0...")
[search][coarse] candidate 4/128: max_total=7.1600 ms, mean_total=6.8700 ms, speedup_mean=0.8125, speedup_min=0.7800, overlap_mean=18.16%, lead_ratio=2.000 | chunk=512, window=4, stage=2, steady_sms=4, tail_sms=16, lanes=2, bands=1, frontier=1
[custom] test shape: M 8192, N 29568, K 8192
✅ all close!
✅ all close!
✅ all close!
✅ all close!
Rank 0 [custom] latency (ms): torch_total=5.58, torch_gemm_only=3.73, torch_rs_only=2.03, v2_total=7.18, v2_gemm_only=4.87, v2_rs_only=3.31, v2_internal_overlap=12.25%, v2_speedup_vs_torch=0.78, v2_speedup_vs_old=nan, chunk_rows=512, num_chunks=4, active_chunk_window=4, stage_slots=2, comm_lanes=1, n_bands=1, frontier_chunks=1
Rank 1 [custom] latency (ms): torch_total=5.58, torch_gemm_only=3.75, torch_rs_only=2.05, v2_total=7.23, v2_gemm_only=4.84, v2_rs_only=3.09, v2_internal_overlap=8.86%, v2_speedup_vs_torch=0.77, v2_speedup_vs_old=nan, chunk_rows=512, num_chunks=4, active_chunk_window=4, stage_slots=2, comm_lanes=1, n_bands=1, frontier_chunks=1
Rank 2 [custom] latency (ms): torch_total=5.57, torch_gemm_only=3.73, torch_rs_only=2.04, v2_total=6.51, v2_gemm_only=4.85, v2_rs_only=3.11, v2_internal_overlap=18.21%, v2_speedup_vs_torch=0.86, v2_speedup_vs_old=nan, chunk_rows=512, num_chunks=4, active_chunk_window=4, stage_slots=2, comm_lanes=1, n_bands=1, frontier_chunks=1
Rank 3 [custom] latency (ms): torch_total=5.58, torch_gemm_only=3.80, torch_rs_only=2.05, v2_total=6.96, v2_gemm_only=4.83, v2_rs_only=3.24, v2_internal_overlap=13.83%, v2_speedup_vs_torch=0.80, v2_speedup_vs_old=nan, chunk_rows=512, num_chunks=4, active_chunk_window=4, stage_slots=2, comm_lanes=1, n_bands=1, frontier_chunks=1
W0828 19:44:52.554000 13005 site-packages/torch/distributed/run.py:766] 
W0828 19:44:52.554000 13005 site-packages/torch/distributed/run.py:766] *****************************************
W0828 19:44:52.554000 13005 site-packages/torch/distributed/run.py:766] Setting OMP_NUM_THREADS environment variable for each process to be 1 in default, to avoid your system being overloaded, please further tune the variable for optimal performance in your application as needed. 
W0828 19:44:52.554000 13005 site-packages/torch/distributed/run.py:766] *****************************************
<frozen importlib._bootstrap_external>:1301: FutureWarning: The cuda.cuda module is deprecated and will be removed in a future release, please switch to use the cuda.bindings.driver module instead.
<frozen importlib._bootstrap_external>:1301: FutureWarning: The cuda.cudart module is deprecated and will be removed in a future release, please switch to use the cuda.bindings.runtime module instead.
<frozen importlib._bootstrap_external>:1301: FutureWarning: The cuda.cuda module is deprecated and will be removed in a future release, please switch to use the cuda.bindings.driver module instead.
<frozen importlib._bootstrap_external>:1301: FutureWarning: The cuda.cudart module is deprecated and will be removed in a future release, please switch to use the cuda.bindings.runtime module instead.
<frozen importlib._bootstrap_external>:1301: FutureWarning: The cuda.cuda module is deprecated and will be removed in a future release, please switch to use the cuda.bindings.driver module instead.
<frozen importlib._bootstrap_external>:1301: FutureWarning: The cuda.cudart module is deprecated and will be removed in a future release, please switch to use the cuda.bindings.runtime module instead.
<frozen importlib._bootstrap_external>:1301: FutureWarning: The cuda.cuda module is deprecated and will be removed in a future release, please switch to use the cuda.bindings.driver module instead.
<frozen importlib._bootstrap_external>:1301: FutureWarning: The cuda.cudart module is deprecated and will be removed in a future release, please switch to use the cuda.bindings.runtime module instead.
/root/Triton-distributed/python/triton_dist/kernels/nvidia/comm_perf_model.py:78: UserWarning: can not get max bandwidth of interface bonding_masters, return 0...
  warnings.warn(f"can not get max bandwidth of interface {interface}, return 0...")
/root/Triton-distributed/python/triton_dist/kernels/nvidia/comm_perf_model.py:78: UserWarning: can not get max bandwidth of interface bonding_masters, return 0...
  warnings.warn(f"can not get max bandwidth of interface {interface}, return 0...")
/root/Triton-distributed/python/triton_dist/kernels/nvidia/comm_perf_model.py:78: UserWarning: can not get max bandwidth of interface bonding_masters, return 0...
  warnings.warn(f"can not get max bandwidth of interface {interface}, return 0...")
/root/Triton-distributed/python/triton_dist/kernels/nvidia/comm_perf_model.py:78: UserWarning: can not get max bandwidth of interface bonding_masters, return 0...
  warnings.warn(f"can not get max bandwidth of interface {interface}, return 0...")
[search][coarse] candidate 5/128: max_total=7.2300 ms, mean_total=6.9700 ms, speedup_mean=0.8025, speedup_min=0.7700, overlap_mean=13.29%, lead_ratio=2.000 | chunk=512, window=4, stage=2, steady_sms=4, tail_sms=20, lanes=1, bands=1, frontier=1
[custom] test shape: M 8192, N 29568, K 8192
✅ all close!
✅ all close!
✅ all close!
✅ all close!
Rank 0 [custom] latency (ms): torch_total=5.55, torch_gemm_only=3.74, torch_rs_only=2.09, v2_total=6.67, v2_gemm_only=4.83, v2_rs_only=3.43, v2_internal_overlap=19.31%, v2_speedup_vs_torch=0.83, v2_speedup_vs_old=nan, chunk_rows=512, num_chunks=4, active_chunk_window=4, stage_slots=2, comm_lanes=2, n_bands=1, frontier_chunks=1
Rank 1 [custom] latency (ms): torch_total=5.54, torch_gemm_only=3.75, torch_rs_only=2.09, v2_total=7.24, v2_gemm_only=4.84, v2_rs_only=3.62, v2_internal_overlap=14.33%, v2_speedup_vs_torch=0.76, v2_speedup_vs_old=nan, chunk_rows=512, num_chunks=4, active_chunk_window=4, stage_slots=2, comm_lanes=2, n_bands=1, frontier_chunks=1
Rank 2 [custom] latency (ms): torch_total=5.56, torch_gemm_only=3.73, torch_rs_only=2.07, v2_total=6.54, v2_gemm_only=4.83, v2_rs_only=3.32, v2_internal_overlap=19.80%, v2_speedup_vs_torch=0.85, v2_speedup_vs_old=nan, chunk_rows=512, num_chunks=4, active_chunk_window=4, stage_slots=2, comm_lanes=2, n_bands=1, frontier_chunks=1
Rank 3 [custom] latency (ms): torch_total=5.56, torch_gemm_only=3.77, torch_rs_only=2.06, v2_total=7.06, v2_gemm_only=4.85, v2_rs_only=3.44, v2_internal_overlap=14.72%, v2_speedup_vs_torch=0.79, v2_speedup_vs_old=nan, chunk_rows=512, num_chunks=4, active_chunk_window=4, stage_slots=2, comm_lanes=2, n_bands=1, frontier_chunks=1
W0828 19:45:03.498000 13661 site-packages/torch/distributed/run.py:766] 
W0828 19:45:03.498000 13661 site-packages/torch/distributed/run.py:766] *****************************************
W0828 19:45:03.498000 13661 site-packages/torch/distributed/run.py:766] Setting OMP_NUM_THREADS environment variable for each process to be 1 in default, to avoid your system being overloaded, please further tune the variable for optimal performance in your application as needed. 
W0828 19:45:03.498000 13661 site-packages/torch/distributed/run.py:766] *****************************************
<frozen importlib._bootstrap_external>:1301: FutureWarning: The cuda.cuda module is deprecated and will be removed in a future release, please switch to use the cuda.bindings.driver module instead.
<frozen importlib._bootstrap_external>:1301: FutureWarning: The cuda.cudart module is deprecated and will be removed in a future release, please switch to use the cuda.bindings.runtime module instead.
<frozen importlib._bootstrap_external>:1301: FutureWarning: The cuda.cuda module is deprecated and will be removed in a future release, please switch to use the cuda.bindings.driver module instead.
<frozen importlib._bootstrap_external>:1301: FutureWarning: The cuda.cudart module is deprecated and will be removed in a future release, please switch to use the cuda.bindings.runtime module instead.
<frozen importlib._bootstrap_external>:1301: FutureWarning: The cuda.cuda module is deprecated and will be removed in a future release, please switch to use the cuda.bindings.driver module instead.
<frozen importlib._bootstrap_external>:1301: FutureWarning: The cuda.cudart module is deprecated and will be removed in a future release, please switch to use the cuda.bindings.runtime module instead.
<frozen importlib._bootstrap_external>:1301: FutureWarning: The cuda.cuda module is deprecated and will be removed in a future release, please switch to use the cuda.bindings.driver module instead.
<frozen importlib._bootstrap_external>:1301: FutureWarning: The cuda.cudart module is deprecated and will be removed in a future release, please switch to use the cuda.bindings.runtime module instead.
/root/Triton-distributed/python/triton_dist/kernels/nvidia/comm_perf_model.py:78: UserWarning: can not get max bandwidth of interface bonding_masters, return 0...
  warnings.warn(f"can not get max bandwidth of interface {interface}, return 0...")
/root/Triton-distributed/python/triton_dist/kernels/nvidia/comm_perf_model.py:78: UserWarning: can not get max bandwidth of interface bonding_masters, return 0...
  warnings.warn(f"can not get max bandwidth of interface {interface}, return 0...")
/root/Triton-distributed/python/triton_dist/kernels/nvidia/comm_perf_model.py:78: UserWarning: can not get max bandwidth of interface bonding_masters, return 0...
  warnings.warn(f"can not get max bandwidth of interface {interface}, return 0...")
/root/Triton-distributed/python/triton_dist/kernels/nvidia/comm_perf_model.py:78: UserWarning: can not get max bandwidth of interface bonding_masters, return 0...
  warnings.warn(f"can not get max bandwidth of interface {interface}, return 0...")
[search][coarse] candidate 6/128: max_total=7.2400 ms, mean_total=6.8775 ms, speedup_mean=0.8075, speedup_min=0.7600, overlap_mean=17.04%, lead_ratio=2.000 | chunk=512, window=4, stage=2, steady_sms=4, tail_sms=20, lanes=2, bands=1, frontier=1
[custom] test shape: M 8192, N 29568, K 8192
✅ all close!
✅ all close!
✅ all close!
✅ all close!
Rank 0 [custom] latency (ms): torch_total=5.56, torch_gemm_only=3.74, torch_rs_only=2.07, v2_total=7.14, v2_gemm_only=4.83, v2_rs_only=3.14, v2_internal_overlap=10.36%, v2_speedup_vs_torch=0.78, v2_speedup_vs_old=nan, chunk_rows=512, num_chunks=4, active_chunk_window=4, stage_slots=2, comm_lanes=1, n_bands=1, frontier_chunks=1
Rank 1 [custom] latency (ms): torch_total=5.56, torch_gemm_only=3.73, torch_rs_only=2.08, v2_total=7.21, v2_gemm_only=4.84, v2_rs_only=3.23, v2_internal_overlap=10.57%, v2_speedup_vs_torch=0.77, v2_speedup_vs_old=nan, chunk_rows=512, num_chunks=4, active_chunk_window=4, stage_slots=2, comm_lanes=1, n_bands=1, frontier_chunks=1
Rank 2 [custom] latency (ms): torch_total=5.55, torch_gemm_only=3.73, torch_rs_only=2.08, v2_total=6.39, v2_gemm_only=4.83, v2_rs_only=3.32, v2_internal_overlap=21.62%, v2_speedup_vs_torch=0.87, v2_speedup_vs_old=nan, chunk_rows=512, num_chunks=4, active_chunk_window=4, stage_slots=2, comm_lanes=1, n_bands=1, frontier_chunks=1
Rank 3 [custom] latency (ms): torch_total=5.56, torch_gemm_only=3.78, torch_rs_only=2.06, v2_total=6.95, v2_gemm_only=4.83, v2_rs_only=3.38, v2_internal_overlap=15.34%, v2_speedup_vs_torch=0.80, v2_speedup_vs_old=nan, chunk_rows=512, num_chunks=4, active_chunk_window=4, stage_slots=2, comm_lanes=1, n_bands=1, frontier_chunks=1
W0828 19:45:14.372000 14312 site-packages/torch/distributed/run.py:766] 
W0828 19:45:14.372000 14312 site-packages/torch/distributed/run.py:766] *****************************************
W0828 19:45:14.372000 14312 site-packages/torch/distributed/run.py:766] Setting OMP_NUM_THREADS environment variable for each process to be 1 in default, to avoid your system being overloaded, please further tune the variable for optimal performance in your application as needed. 
W0828 19:45:14.372000 14312 site-packages/torch/distributed/run.py:766] *****************************************
<frozen importlib._bootstrap_external>:1301: FutureWarning: The cuda.cuda module is deprecated and will be removed in a future release, please switch to use the cuda.bindings.driver module instead.
<frozen importlib._bootstrap_external>:1301: FutureWarning: The cuda.cudart module is deprecated and will be removed in a future release, please switch to use the cuda.bindings.runtime module instead.
<frozen importlib._bootstrap_external>:1301: FutureWarning: The cuda.cuda module is deprecated and will be removed in a future release, please switch to use the cuda.bindings.driver module instead.
<frozen importlib._bootstrap_external>:1301: FutureWarning: The cuda.cudart module is deprecated and will be removed in a future release, please switch to use the cuda.bindings.runtime module instead.
<frozen importlib._bootstrap_external>:1301: FutureWarning: The cuda.cuda module is deprecated and will be removed in a future release, please switch to use the cuda.bindings.driver module instead.
<frozen importlib._bootstrap_external>:1301: FutureWarning: The cuda.cudart module is deprecated and will be removed in a future release, please switch to use the cuda.bindings.runtime module instead.
<frozen importlib._bootstrap_external>:1301: FutureWarning: The cuda.cuda module is deprecated and will be removed in a future release, please switch to use the cuda.bindings.driver module instead.
<frozen importlib._bootstrap_external>:1301: FutureWarning: The cuda.cudart module is deprecated and will be removed in a future release, please switch to use the cuda.bindings.runtime module instead.
/root/Triton-distributed/python/triton_dist/kernels/nvidia/comm_perf_model.py:78: UserWarning: can not get max bandwidth of interface bonding_masters, return 0...
  warnings.warn(f"can not get max bandwidth of interface {interface}, return 0...")
/root/Triton-distributed/python/triton_dist/kernels/nvidia/comm_perf_model.py:78: UserWarning: can not get max bandwidth of interface bonding_masters, return 0...
  warnings.warn(f"can not get max bandwidth of interface {interface}, return 0...")
/root/Triton-distributed/python/triton_dist/kernels/nvidia/comm_perf_model.py:78: UserWarning: can not get max bandwidth of interface bonding_masters, return 0...
  warnings.warn(f"can not get max bandwidth of interface {interface}, return 0...")
/root/Triton-distributed/python/triton_dist/kernels/nvidia/comm_perf_model.py:78: UserWarning: can not get max bandwidth of interface bonding_masters, return 0...
  warnings.warn(f"can not get max bandwidth of interface {interface}, return 0...")
[search][coarse] candidate 7/128: max_total=7.2100 ms, mean_total=6.9225 ms, speedup_mean=0.8050, speedup_min=0.7700, overlap_mean=14.47%, lead_ratio=2.000 | chunk=512, window=4, stage=2, steady_sms=4, tail_sms=24, lanes=1, bands=1, frontier=1
[custom] test shape: M 8192, N 29568, K 8192
✅ all close!
✅ all close!
✅ all close!
✅ all close!
Rank 0 [custom] latency (ms): torch_total=5.56, torch_gemm_only=3.72, torch_rs_only=2.10, v2_total=6.71, v2_gemm_only=4.82, v2_rs_only=3.60, v2_internal_overlap=20.32%, v2_speedup_vs_torch=0.83, v2_speedup_vs_old=nan, chunk_rows=512, num_chunks=4, active_chunk_window=4, stage_slots=2, comm_lanes=2, n_bands=1, frontier_chunks=1
Rank 1 [custom] latency (ms): torch_total=5.55, torch_gemm_only=3.74, torch_rs_only=2.14, v2_total=7.17, v2_gemm_only=4.84, v2_rs_only=3.41, v2_internal_overlap=13.14%, v2_speedup_vs_torch=0.77, v2_speedup_vs_old=nan, chunk_rows=512, num_chunks=4, active_chunk_window=4, stage_slots=2, comm_lanes=2, n_bands=1, frontier_chunks=1
Rank 2 [custom] latency (ms): torch_total=5.56, torch_gemm_only=3.73, torch_rs_only=2.13, v2_total=6.47, v2_gemm_only=4.85, v2_rs_only=3.60, v2_internal_overlap=23.53%, v2_speedup_vs_torch=0.86, v2_speedup_vs_old=nan, chunk_rows=512, num_chunks=4, active_chunk_window=4, stage_slots=2, comm_lanes=2, n_bands=1, frontier_chunks=1
Rank 3 [custom] latency (ms): torch_total=5.57, torch_gemm_only=3.78, torch_rs_only=2.12, v2_total=7.05, v2_gemm_only=4.86, v2_rs_only=3.47, v2_internal_overlap=15.41%, v2_speedup_vs_torch=0.79, v2_speedup_vs_old=nan, chunk_rows=512, num_chunks=4, active_chunk_window=4, stage_slots=2, comm_lanes=2, n_bands=1, frontier_chunks=1
W0828 19:45:25.435000 14964 site-packages/torch/distributed/run.py:766] 
W0828 19:45:25.435000 14964 site-packages/torch/distributed/run.py:766] *****************************************
W0828 19:45:25.435000 14964 site-packages/torch/distributed/run.py:766] Setting OMP_NUM_THREADS environment variable for each process to be 1 in default, to avoid your system being overloaded, please further tune the variable for optimal performance in your application as needed. 
W0828 19:45:25.435000 14964 site-packages/torch/distributed/run.py:766] *****************************************
<frozen importlib._bootstrap_external>:1301: FutureWarning: The cuda.cuda module is deprecated and will be removed in a future release, please switch to use the cuda.bindings.driver module instead.
<frozen importlib._bootstrap_external>:1301: FutureWarning: The cuda.cudart module is deprecated and will be removed in a future release, please switch to use the cuda.bindings.runtime module instead.
<frozen importlib._bootstrap_external>:1301: FutureWarning: The cuda.cuda module is deprecated and will be removed in a future release, please switch to use the cuda.bindings.driver module instead.
<frozen importlib._bootstrap_external>:1301: FutureWarning: The cuda.cudart module is deprecated and will be removed in a future release, please switch to use the cuda.bindings.runtime module instead.
<frozen importlib._bootstrap_external>:1301: FutureWarning: The cuda.cuda module is deprecated and will be removed in a future release, please switch to use the cuda.bindings.driver module instead.
<frozen importlib._bootstrap_external>:1301: FutureWarning: The cuda.cudart module is deprecated and will be removed in a future release, please switch to use the cuda.bindings.runtime module instead.
<frozen importlib._bootstrap_external>:1301: FutureWarning: The cuda.cuda module is deprecated and will be removed in a future release, please switch to use the cuda.bindings.driver module instead.
<frozen importlib._bootstrap_external>:1301: FutureWarning: The cuda.cudart module is deprecated and will be removed in a future release, please switch to use the cuda.bindings.runtime module instead.
/root/Triton-distributed/python/triton_dist/kernels/nvidia/comm_perf_model.py:78: UserWarning: can not get max bandwidth of interface bonding_masters, return 0...
  warnings.warn(f"can not get max bandwidth of interface {interface}, return 0...")
/root/Triton-distributed/python/triton_dist/kernels/nvidia/comm_perf_model.py:78: UserWarning: can not get max bandwidth of interface bonding_masters, return 0...
  warnings.warn(f"can not get max bandwidth of interface {interface}, return 0...")
/root/Triton-distributed/python/triton_dist/kernels/nvidia/comm_perf_model.py:78: UserWarning: can not get max bandwidth of interface bonding_masters, return 0...
  warnings.warn(f"can not get max bandwidth of interface {interface}, return 0...")
/root/Triton-distributed/python/triton_dist/kernels/nvidia/comm_perf_model.py:78: UserWarning: can not get max bandwidth of interface bonding_masters, return 0...
  warnings.warn(f"can not get max bandwidth of interface {interface}, return 0...")
[search][coarse] candidate 8/128: max_total=7.1700 ms, mean_total=6.8500 ms, speedup_mean=0.8125, speedup_min=0.7700, overlap_mean=18.10%, lead_ratio=2.000 | chunk=512, window=4, stage=2, steady_sms=4, tail_sms=24, lanes=2, bands=1, frontier=1
[custom] test shape: M 8192, N 29568, K 8192
✅ all close!
✅ all close!
✅ all close!
✅ all close!
Rank 0 [custom] latency (ms): torch_total=5.57, torch_gemm_only=3.74, torch_rs_only=2.06, v2_total=6.40, v2_gemm_only=4.88, v2_rs_only=2.79, v2_internal_overlap=16.52%, v2_speedup_vs_torch=0.87, v2_speedup_vs_old=nan, chunk_rows=512, num_chunks=4, active_chunk_window=4, stage_slots=2, comm_lanes=1, n_bands=1, frontier_chunks=1
Rank 1 [custom] latency (ms): torch_total=5.58, torch_gemm_only=3.74, torch_rs_only=2.06, v2_total=6.43, v2_gemm_only=4.83, v2_rs_only=2.75, v2_internal_overlap=15.23%, v2_speedup_vs_torch=0.87, v2_speedup_vs_old=nan, chunk_rows=512, num_chunks=4, active_chunk_window=4, stage_slots=2, comm_lanes=1, n_bands=1, frontier_chunks=1
Rank 2 [custom] latency (ms): torch_total=5.56, torch_gemm_only=3.73, torch_rs_only=2.05, v2_total=6.13, v2_gemm_only=4.85, v2_rs_only=2.81, v2_internal_overlap=20.03%, v2_speedup_vs_torch=0.91, v2_speedup_vs_old=nan, chunk_rows=512, num_chunks=4, active_chunk_window=4, stage_slots=2, comm_lanes=1, n_bands=1, frontier_chunks=1
Rank 3 [custom] latency (ms): torch_total=5.57, torch_gemm_only=3.78, torch_rs_only=2.07, v2_total=6.34, v2_gemm_only=4.88, v2_rs_only=2.89, v2_internal_overlap=18.38%, v2_speedup_vs_torch=0.88, v2_speedup_vs_old=nan, chunk_rows=512, num_chunks=4, active_chunk_window=4, stage_slots=2, comm_lanes=1, n_bands=1, frontier_chunks=1
W0828 19:45:36.388000 15632 site-packages/torch/distributed/run.py:766] 
W0828 19:45:36.388000 15632 site-packages/torch/distributed/run.py:766] *****************************************
W0828 19:45:36.388000 15632 site-packages/torch/distributed/run.py:766] Setting OMP_NUM_THREADS environment variable for each process to be 1 in default, to avoid your system being overloaded, please further tune the variable for optimal performance in your application as needed. 
W0828 19:45:36.388000 15632 site-packages/torch/distributed/run.py:766] *****************************************
<frozen importlib._bootstrap_external>:1301: FutureWarning: The cuda.cuda module is deprecated and will be removed in a future release, please switch to use the cuda.bindings.driver module instead.
<frozen importlib._bootstrap_external>:1301: FutureWarning: The cuda.cudart module is deprecated and will be removed in a future release, please switch to use the cuda.bindings.runtime module instead.
<frozen importlib._bootstrap_external>:1301: FutureWarning: The cuda.cuda module is deprecated and will be removed in a future release, please switch to use the cuda.bindings.driver module instead.
<frozen importlib._bootstrap_external>:1301: FutureWarning: The cuda.cudart module is deprecated and will be removed in a future release, please switch to use the cuda.bindings.runtime module instead.
<frozen importlib._bootstrap_external>:1301: FutureWarning: The cuda.cuda module is deprecated and will be removed in a future release, please switch to use the cuda.bindings.driver module instead.
<frozen importlib._bootstrap_external>:1301: FutureWarning: The cuda.cudart module is deprecated and will be removed in a future release, please switch to use the cuda.bindings.runtime module instead.
<frozen importlib._bootstrap_external>:1301: FutureWarning: The cuda.cuda module is deprecated and will be removed in a future release, please switch to use the cuda.bindings.driver module instead.
<frozen importlib._bootstrap_external>:1301: FutureWarning: The cuda.cudart module is deprecated and will be removed in a future release, please switch to use the cuda.bindings.runtime module instead.
/root/Triton-distributed/python/triton_dist/kernels/nvidia/comm_perf_model.py:78: UserWarning: can not get max bandwidth of interface bonding_masters, return 0...
  warnings.warn(f"can not get max bandwidth of interface {interface}, return 0...")
/root/Triton-distributed/python/triton_dist/kernels/nvidia/comm_perf_model.py:78: UserWarning: can not get max bandwidth of interface bonding_masters, return 0...
  warnings.warn(f"can not get max bandwidth of interface {interface}, return 0...")
/root/Triton-distributed/python/triton_dist/kernels/nvidia/comm_perf_model.py:78: UserWarning: can not get max bandwidth of interface bonding_masters, return 0...
  warnings.warn(f"can not get max bandwidth of interface {interface}, return 0...")
/root/Triton-distributed/python/triton_dist/kernels/nvidia/comm_perf_model.py:78: UserWarning: can not get max bandwidth of interface bonding_masters, return 0...
  warnings.warn(f"can not get max bandwidth of interface {interface}, return 0...")
[search][coarse] candidate 9/128: max_total=6.4300 ms, mean_total=6.3250 ms, speedup_mean=0.8825, speedup_min=0.8700, overlap_mean=17.54%, lead_ratio=2.000 | chunk=512, window=4, stage=2, steady_sms=6, tail_sms=12, lanes=1, bands=1, frontier=1
[custom] test shape: M 8192, N 29568, K 8192
✅ all close!
✅ all close!
✅ all close!
✅ all close!
Rank 0 [custom] latency (ms): torch_total=5.56, torch_gemm_only=3.74, torch_rs_only=2.11, v2_total=6.40, v2_gemm_only=4.82, v2_rs_only=3.17, v2_internal_overlap=19.90%, v2_speedup_vs_torch=0.87, v2_speedup_vs_old=nan, chunk_rows=512, num_chunks=4, active_chunk_window=4, stage_slots=2, comm_lanes=2, n_bands=1, frontier_chunks=1
Rank 1 [custom] latency (ms): torch_total=5.57, torch_gemm_only=3.73, torch_rs_only=2.10, v2_total=6.69, v2_gemm_only=4.83, v2_rs_only=3.17, v2_internal_overlap=16.39%, v2_speedup_vs_torch=0.83, v2_speedup_vs_old=nan, chunk_rows=512, num_chunks=4, active_chunk_window=4, stage_slots=2, comm_lanes=2, n_bands=1, frontier_chunks=1
Rank 2 [custom] latency (ms): torch_total=5.56, torch_gemm_only=3.74, torch_rs_only=2.02, v2_total=6.30, v2_gemm_only=4.83, v2_rs_only=3.16, v2_internal_overlap=21.24%, v2_speedup_vs_torch=0.88, v2_speedup_vs_old=nan, chunk_rows=512, num_chunks=4, active_chunk_window=4, stage_slots=2, comm_lanes=2, n_bands=1, frontier_chunks=1
Rank 3 [custom] latency (ms): torch_total=5.56, torch_gemm_only=3.77, torch_rs_only=2.11, v2_total=6.61, v2_gemm_only=5.41, v2_rs_only=3.27, v2_internal_overlap=23.88%, v2_speedup_vs_torch=0.84, v2_speedup_vs_old=nan, chunk_rows=512, num_chunks=4, active_chunk_window=4, stage_slots=2, comm_lanes=2, n_bands=1, frontier_chunks=1
W0828 19:45:47.379000 16289 site-packages/torch/distributed/run.py:766] 
W0828 19:45:47.379000 16289 site-packages/torch/distributed/run.py:766] *****************************************
W0828 19:45:47.379000 16289 site-packages/torch/distributed/run.py:766] Setting OMP_NUM_THREADS environment variable for each process to be 1 in default, to avoid your system being overloaded, please further tune the variable for optimal performance in your application as needed. 
W0828 19:45:47.379000 16289 site-packages/torch/distributed/run.py:766] *****************************************
<frozen importlib._bootstrap_external>:1301: FutureWarning: The cuda.cuda module is deprecated and will be removed in a future release, please switch to use the cuda.bindings.driver module instead.
<frozen importlib._bootstrap_external>:1301: FutureWarning: The cuda.cudart module is deprecated and will be removed in a future release, please switch to use the cuda.bindings.runtime module instead.
<frozen importlib._bootstrap_external>:1301: FutureWarning: The cuda.cuda module is deprecated and will be removed in a future release, please switch to use the cuda.bindings.driver module instead.
<frozen importlib._bootstrap_external>:1301: FutureWarning: The cuda.cudart module is deprecated and will be removed in a future release, please switch to use the cuda.bindings.runtime module instead.
<frozen importlib._bootstrap_external>:1301: FutureWarning: The cuda.cuda module is deprecated and will be removed in a future release, please switch to use the cuda.bindings.driver module instead.
<frozen importlib._bootstrap_external>:1301: FutureWarning: The cuda.cudart module is deprecated and will be removed in a future release, please switch to use the cuda.bindings.runtime module instead.
<frozen importlib._bootstrap_external>:1301: FutureWarning: The cuda.cuda module is deprecated and will be removed in a future release, please switch to use the cuda.bindings.driver module instead.
<frozen importlib._bootstrap_external>:1301: FutureWarning: The cuda.cudart module is deprecated and will be removed in a future release, please switch to use the cuda.bindings.runtime module instead.
/root/Triton-distributed/python/triton_dist/kernels/nvidia/comm_perf_model.py:78: UserWarning: can not get max bandwidth of interface bonding_masters, return 0...
  warnings.warn(f"can not get max bandwidth of interface {interface}, return 0...")
/root/Triton-distributed/python/triton_dist/kernels/nvidia/comm_perf_model.py:78: UserWarning: can not get max bandwidth of interface bonding_masters, return 0...
  warnings.warn(f"can not get max bandwidth of interface {interface}, return 0...")
/root/Triton-distributed/python/triton_dist/kernels/nvidia/comm_perf_model.py:78: UserWarning: can not get max bandwidth of interface bonding_masters, return 0...
  warnings.warn(f"can not get max bandwidth of interface {interface}, return 0...")
/root/Triton-distributed/python/triton_dist/kernels/nvidia/comm_perf_model.py:78: UserWarning: can not get max bandwidth of interface bonding_masters, return 0...
  warnings.warn(f"can not get max bandwidth of interface {interface}, return 0...")
[search][coarse] candidate 10/128: max_total=6.6900 ms, mean_total=6.5000 ms, speedup_mean=0.8550, speedup_min=0.8300, overlap_mean=20.35%, lead_ratio=2.000 | chunk=512, window=4, stage=2, steady_sms=6, tail_sms=12, lanes=2, bands=1, frontier=1
[custom] test shape: M 8192, N 29568, K 8192
✅ all close!
✅ all close!
✅ all close!
✅ all close!
W0828 19:45:58.907000 16940 site-packages/torch/distributed/run.py:766] 
W0828 19:45:58.907000 16940 site-packages/torch/distributed/run.py:766] *****************************************
W0828 19:45:58.907000 16940 site-packages/torch/distributed/run.py:766] Setting OMP_NUM_THREADS environment variable for each process to be 1 in default, to avoid your system being overloaded, please further tune the variable for optimal performance in your application as needed. 
W0828 19:45:58.907000 16940 site-packages/torch/distributed/run.py:766] *****************************************
<frozen importlib._bootstrap_external>:1301: FutureWarning: The cuda.cuda module is deprecated and will be removed in a future release, please switch to use the cuda.bindings.driver module instead.
<frozen importlib._bootstrap_external>:1301: FutureWarning: The cuda.cudart module is deprecated and will be removed in a future release, please switch to use the cuda.bindings.runtime module instead.
<frozen importlib._bootstrap_external>:1301: FutureWarning: The cuda.cuda module is deprecated and will be removed in a future release, please switch to use the cuda.bindings.driver module instead.
<frozen importlib._bootstrap_external>:1301: FutureWarning: The cuda.cudart module is deprecated and will be removed in a future release, please switch to use the cuda.bindings.runtime module instead.
<frozen importlib._bootstrap_external>:1301: FutureWarning: The cuda.cuda module is deprecated and will be removed in a future release, please switch to use the cuda.bindings.driver module instead.
<frozen importlib._bootstrap_external>:1301: FutureWarning: The cuda.cudart module is deprecated and will be removed in a future release, please switch to use the cuda.bindings.runtime module instead.
<frozen importlib._bootstrap_external>:1301: FutureWarning: The cuda.cuda module is deprecated and will be removed in a future release, please switch to use the cuda.bindings.driver module instead.
<frozen importlib._bootstrap_external>:1301: FutureWarning: The cuda.cudart module is deprecated and will be removed in a future release, please switch to use the cuda.bindings.runtime module instead.
/root/Triton-distributed/python/triton_dist/kernels/nvidia/comm_perf_model.py:78: UserWarning: can not get max bandwidth of interface bonding_masters, return 0...
  warnings.warn(f"can not get max bandwidth of interface {interface}, return 0...")
/root/Triton-distributed/python/triton_dist/kernels/nvidia/comm_perf_model.py:78: UserWarning: can not get max bandwidth of interface bonding_masters, return 0...
  warnings.warn(f"can not get max bandwidth of interface {interface}, return 0...")
/root/Triton-distributed/python/triton_dist/kernels/nvidia/comm_perf_model.py:78: UserWarning: can not get max bandwidth of interface bonding_masters, return 0...
  warnings.warn(f"can not get max bandwidth of interface {interface}, return 0...")
/root/Triton-distributed/python/triton_dist/kernels/nvidia/comm_perf_model.py:78: UserWarning: can not get max bandwidth of interface bonding_masters, return 0...
  warnings.warn(f"can not get max bandwidth of interface {interface}, return 0...")
W0828 19:47:27.517000 16940 site-packages/torch/distributed/elastic/agent/server/api.py:719] Received 15 death signal, shutting down workers
W0828 19:47:27.521000 16940 site-packages/torch/distributed/elastic/multiprocessing/api.py:900] Sending process 17006 closing signal SIGTERM
W0828 19:47:27.522000 16940 site-packages/torch/distributed/elastic/multiprocessing/api.py:900] Sending process 17007 closing signal SIGTERM
W0828 19:47:27.522000 16940 site-packages/torch/distributed/elastic/multiprocessing/api.py:900] Sending process 17008 closing signal SIGTERM
W0828 19:47:27.522000 16940 site-packages/torch/distributed/elastic/multiprocessing/api.py:900] Sending process 17009 closing signal SIGTERM
Traceback (most recent call last):
  File "/root/miniconda3/bin/torchrun", line 7, in <module>
    sys.exit(main())
             ^^^^^^
  File "/root/miniconda3/lib/python3.12/site-packages/torch/distributed/elastic/multiprocessing/errors/__init__.py", line 355, in wrapper
    return f(*args, **kwargs)
           ^^^^^^^^^^^^^^^^^^
  File "/root/miniconda3/lib/python3.12/site-packages/torch/distributed/run.py", line 892, in main
    run(args)
  File "/root/miniconda3/lib/python3.12/site-packages/torch/distributed/run.py", line 883, in run
    elastic_launch(
  File "/root/miniconda3/lib/python3.12/site-packages/torch/distributed/launcher/api.py", line 139, in __call__
    return launch_agent(self._config, self._entrypoint, list(args))
           ^^^^^^^^^^^^^^^^^^^^^^^^^^^^^^^^^^^^^^^^^^^^^^^^^^^^^^^^
  File "/root/miniconda3/lib/python3.12/site-packages/torch/distributed/launcher/api.py", line 261, in launch_agent
    result = agent.run()
             ^^^^^^^^^^^
  File "/root/miniconda3/lib/python3.12/site-packages/torch/distributed/elastic/metrics/api.py", line 138, in wrapper
    result = f(*args, **kwargs)
             ^^^^^^^^^^^^^^^^^^
  File "/root/miniconda3/lib/python3.12/site-packages/torch/distributed/elastic/agent/server/api.py", line 711, in run
    result = self._invoke_run(role)
             ^^^^^^^^^^^^^^^^^^^^^^
  File "/root/miniconda3/lib/python3.12/site-packages/torch/distributed/elastic/agent/server/api.py", line 870, in _invoke_run
    time.sleep(monitor_interval)
  File "/root/miniconda3/lib/python3.12/site-packages/torch/distributed/elastic/multiprocessing/api.py", line 84, in _terminate_process_handler
    raise SignalException(f"Process {os.getpid()} got signal: {sigval}", sigval=sigval)
torch.distributed.elastic.multiprocessing.api.SignalException: Process 16940 got signal: 15
[search] candidate timed out after 90.0s
[search][coarse] candidate 11/128 failed(rc=124): chunk=512, window=4, stage=2, steady_sms=6, tail_sms=16, lanes=1, bands=1, frontier=1
[custom] test shape: M 8192, N 29568, K 8192
✅ all close!
✅ all close!
✅ all close!
✅ all close!
Rank 0 [custom] latency (ms): torch_total=5.55, torch_gemm_only=3.74, torch_rs_only=2.06, v2_total=6.80, v2_gemm_only=5.87, v2_rs_only=3.16, v2_internal_overlap=24.67%, v2_speedup_vs_torch=0.82, v2_speedup_vs_old=nan, chunk_rows=512, num_chunks=4, active_chunk_window=4, stage_slots=2, comm_lanes=2, n_bands=1, frontier_chunks=1
Rank 1 [custom] latency (ms): torch_total=5.55, torch_gemm_only=3.74, torch_rs_only=2.07, v2_total=6.36, v2_gemm_only=4.83, v2_rs_only=3.07, v2_internal_overlap=19.55%, v2_speedup_vs_torch=0.87, v2_speedup_vs_old=nan, chunk_rows=512, num_chunks=4, active_chunk_window=4, stage_slots=2, comm_lanes=2, n_bands=1, frontier_chunks=1
Rank 2 [custom] latency (ms): torch_total=5.58, torch_gemm_only=3.73, torch_rs_only=2.08, v2_total=6.35, v2_gemm_only=4.86, v2_rs_only=3.21, v2_internal_overlap=21.26%, v2_speedup_vs_torch=0.88, v2_speedup_vs_old=nan, chunk_rows=512, num_chunks=4, active_chunk_window=4, stage_slots=2, comm_lanes=2, n_bands=1, frontier_chunks=1
Rank 3 [custom] latency (ms): torch_total=5.57, torch_gemm_only=3.79, torch_rs_only=2.08, v2_total=6.62, v2_gemm_only=4.84, v2_rs_only=3.20, v2_internal_overlap=17.64%, v2_speedup_vs_torch=0.84, v2_speedup_vs_old=nan, chunk_rows=512, num_chunks=4, active_chunk_window=4, stage_slots=2, comm_lanes=2, n_bands=1, frontier_chunks=1
W0828 19:47:30.268000 17306 site-packages/torch/distributed/run.py:766] 
W0828 19:47:30.268000 17306 site-packages/torch/distributed/run.py:766] *****************************************
W0828 19:47:30.268000 17306 site-packages/torch/distributed/run.py:766] Setting OMP_NUM_THREADS environment variable for each process to be 1 in default, to avoid your system being overloaded, please further tune the variable for optimal performance in your application as needed. 
W0828 19:47:30.268000 17306 site-packages/torch/distributed/run.py:766] *****************************************
<frozen importlib._bootstrap_external>:1301: FutureWarning: The cuda.cuda module is deprecated and will be removed in a future release, please switch to use the cuda.bindings.driver module instead.
<frozen importlib._bootstrap_external>:1301: FutureWarning: The cuda.cudart module is deprecated and will be removed in a future release, please switch to use the cuda.bindings.runtime module instead.
<frozen importlib._bootstrap_external>:1301: FutureWarning: The cuda.cuda module is deprecated and will be removed in a future release, please switch to use the cuda.bindings.driver module instead.
<frozen importlib._bootstrap_external>:1301: FutureWarning: The cuda.cudart module is deprecated and will be removed in a future release, please switch to use the cuda.bindings.runtime module instead.
<frozen importlib._bootstrap_external>:1301: FutureWarning: The cuda.cuda module is deprecated and will be removed in a future release, please switch to use the cuda.bindings.driver module instead.
<frozen importlib._bootstrap_external>:1301: FutureWarning: The cuda.cudart module is deprecated and will be removed in a future release, please switch to use the cuda.bindings.runtime module instead.
<frozen importlib._bootstrap_external>:1301: FutureWarning: The cuda.cuda module is deprecated and will be removed in a future release, please switch to use the cuda.bindings.driver module instead.
<frozen importlib._bootstrap_external>:1301: FutureWarning: The cuda.cudart module is deprecated and will be removed in a future release, please switch to use the cuda.bindings.runtime module instead.
/root/Triton-distributed/python/triton_dist/kernels/nvidia/comm_perf_model.py:78: UserWarning: can not get max bandwidth of interface bonding_masters, return 0...
  warnings.warn(f"can not get max bandwidth of interface {interface}, return 0...")
/root/Triton-distributed/python/triton_dist/kernels/nvidia/comm_perf_model.py:78: UserWarning: can not get max bandwidth of interface bonding_masters, return 0...
  warnings.warn(f"can not get max bandwidth of interface {interface}, return 0...")
/root/Triton-distributed/python/triton_dist/kernels/nvidia/comm_perf_model.py:78: UserWarning: can not get max bandwidth of interface bonding_masters, return 0...
  warnings.warn(f"can not get max bandwidth of interface {interface}, return 0...")
/root/Triton-distributed/python/triton_dist/kernels/nvidia/comm_perf_model.py:78: UserWarning: can not get max bandwidth of interface bonding_masters, return 0...
  warnings.warn(f"can not get max bandwidth of interface {interface}, return 0...")
[search][coarse] candidate 12/128: max_total=6.8000 ms, mean_total=6.5325 ms, speedup_mean=0.8525, speedup_min=0.8200, overlap_mean=20.78%, lead_ratio=2.000 | chunk=512, window=4, stage=2, steady_sms=6, tail_sms=16, lanes=2, bands=1, frontier=1
[custom] test shape: M 8192, N 29568, K 8192
✅ all close!
✅ all close!
✅ all close!
✅ all close!
Rank 0 [custom] latency (ms): torch_total=5.56, torch_gemm_only=3.72, torch_rs_only=2.03, v2_total=6.31, v2_gemm_only=4.83, v2_rs_only=2.84, v2_internal_overlap=17.75%, v2_speedup_vs_torch=0.88, v2_speedup_vs_old=nan, chunk_rows=512, num_chunks=4, active_chunk_window=4, stage_slots=2, comm_lanes=1, n_bands=1, frontier_chunks=1
Rank 1 [custom] latency (ms): torch_total=5.62, torch_gemm_only=3.74, torch_rs_only=2.04, v2_total=6.41, v2_gemm_only=4.83, v2_rs_only=2.83, v2_internal_overlap=16.36%, v2_speedup_vs_torch=0.88, v2_speedup_vs_old=nan, chunk_rows=512, num_chunks=4, active_chunk_window=4, stage_slots=2, comm_lanes=1, n_bands=1, frontier_chunks=1
Rank 2 [custom] latency (ms): torch_total=5.62, torch_gemm_only=3.75, torch_rs_only=2.07, v2_total=5.94, v2_gemm_only=4.85, v2_rs_only=2.96, v2_internal_overlap=23.95%, v2_speedup_vs_torch=0.95, v2_speedup_vs_old=nan, chunk_rows=512, num_chunks=4, active_chunk_window=4, stage_slots=2, comm_lanes=1, n_bands=1, frontier_chunks=1
Rank 3 [custom] latency (ms): torch_total=5.62, torch_gemm_only=3.78, torch_rs_only=2.06, v2_total=6.14, v2_gemm_only=4.86, v2_rs_only=2.98, v2_internal_overlap=21.69%, v2_speedup_vs_torch=0.92, v2_speedup_vs_old=nan, chunk_rows=512, num_chunks=4, active_chunk_window=4, stage_slots=2, comm_lanes=1, n_bands=1, frontier_chunks=1
W0828 19:47:41.256000 17983 site-packages/torch/distributed/run.py:766] 
W0828 19:47:41.256000 17983 site-packages/torch/distributed/run.py:766] *****************************************
W0828 19:47:41.256000 17983 site-packages/torch/distributed/run.py:766] Setting OMP_NUM_THREADS environment variable for each process to be 1 in default, to avoid your system being overloaded, please further tune the variable for optimal performance in your application as needed. 
W0828 19:47:41.256000 17983 site-packages/torch/distributed/run.py:766] *****************************************
<frozen importlib._bootstrap_external>:1301: FutureWarning: The cuda.cuda module is deprecated and will be removed in a future release, please switch to use the cuda.bindings.driver module instead.
<frozen importlib._bootstrap_external>:1301: FutureWarning: The cuda.cudart module is deprecated and will be removed in a future release, please switch to use the cuda.bindings.runtime module instead.
<frozen importlib._bootstrap_external>:1301: FutureWarning: The cuda.cuda module is deprecated and will be removed in a future release, please switch to use the cuda.bindings.driver module instead.
<frozen importlib._bootstrap_external>:1301: FutureWarning: The cuda.cudart module is deprecated and will be removed in a future release, please switch to use the cuda.bindings.runtime module instead.
<frozen importlib._bootstrap_external>:1301: FutureWarning: The cuda.cuda module is deprecated and will be removed in a future release, please switch to use the cuda.bindings.driver module instead.
<frozen importlib._bootstrap_external>:1301: FutureWarning: The cuda.cudart module is deprecated and will be removed in a future release, please switch to use the cuda.bindings.runtime module instead.
<frozen importlib._bootstrap_external>:1301: FutureWarning: The cuda.cuda module is deprecated and will be removed in a future release, please switch to use the cuda.bindings.driver module instead.
<frozen importlib._bootstrap_external>:1301: FutureWarning: The cuda.cudart module is deprecated and will be removed in a future release, please switch to use the cuda.bindings.runtime module instead.
/root/Triton-distributed/python/triton_dist/kernels/nvidia/comm_perf_model.py:78: UserWarning: can not get max bandwidth of interface bonding_masters, return 0...
  warnings.warn(f"can not get max bandwidth of interface {interface}, return 0...")
/root/Triton-distributed/python/triton_dist/kernels/nvidia/comm_perf_model.py:78: UserWarning: can not get max bandwidth of interface bonding_masters, return 0...
  warnings.warn(f"can not get max bandwidth of interface {interface}, return 0...")
/root/Triton-distributed/python/triton_dist/kernels/nvidia/comm_perf_model.py:78: UserWarning: can not get max bandwidth of interface bonding_masters, return 0...
  warnings.warn(f"can not get max bandwidth of interface {interface}, return 0...")
/root/Triton-distributed/python/triton_dist/kernels/nvidia/comm_perf_model.py:78: UserWarning: can not get max bandwidth of interface bonding_masters, return 0...
  warnings.warn(f"can not get max bandwidth of interface {interface}, return 0...")
[search][coarse] candidate 13/128: max_total=6.4100 ms, mean_total=6.2000 ms, speedup_mean=0.9075, speedup_min=0.8800, overlap_mean=19.94%, lead_ratio=2.000 | chunk=512, window=4, stage=2, steady_sms=6, tail_sms=20, lanes=1, bands=1, frontier=1
[custom] test shape: M 8192, N 29568, K 8192
✅ all close!
✅ all close!
✅ all close!
✅ all close!
Rank 0 [custom] latency (ms): torch_total=5.59, torch_gemm_only=3.74, torch_rs_only=2.02, v2_total=6.21, v2_gemm_only=4.82, v2_rs_only=3.22, v2_internal_overlap=22.81%, v2_speedup_vs_torch=0.90, v2_speedup_vs_old=nan, chunk_rows=512, num_chunks=4, active_chunk_window=4, stage_slots=2, comm_lanes=2, n_bands=1, frontier_chunks=1
Rank 1 [custom] latency (ms): torch_total=5.60, torch_gemm_only=3.73, torch_rs_only=2.03, v2_total=6.59, v2_gemm_only=4.83, v2_rs_only=3.09, v2_internal_overlap=16.81%, v2_speedup_vs_torch=0.85, v2_speedup_vs_old=nan, chunk_rows=512, num_chunks=4, active_chunk_window=4, stage_slots=2, comm_lanes=2, n_bands=1, frontier_chunks=1
Rank 2 [custom] latency (ms): torch_total=5.61, torch_gemm_only=3.74, torch_rs_only=2.03, v2_total=6.13, v2_gemm_only=4.83, v2_rs_only=3.09, v2_internal_overlap=22.53%, v2_speedup_vs_torch=0.91, v2_speedup_vs_old=nan, chunk_rows=512, num_chunks=4, active_chunk_window=4, stage_slots=2, comm_lanes=2, n_bands=1, frontier_chunks=1
Rank 3 [custom] latency (ms): torch_total=5.61, torch_gemm_only=3.81, torch_rs_only=2.02, v2_total=6.34, v2_gemm_only=4.89, v2_rs_only=3.36, v2_internal_overlap=23.15%, v2_speedup_vs_torch=0.88, v2_speedup_vs_old=nan, chunk_rows=512, num_chunks=4, active_chunk_window=4, stage_slots=2, comm_lanes=2, n_bands=1, frontier_chunks=1
W0828 19:47:52.043000 18635 site-packages/torch/distributed/run.py:766] 
W0828 19:47:52.043000 18635 site-packages/torch/distributed/run.py:766] *****************************************
W0828 19:47:52.043000 18635 site-packages/torch/distributed/run.py:766] Setting OMP_NUM_THREADS environment variable for each process to be 1 in default, to avoid your system being overloaded, please further tune the variable for optimal performance in your application as needed. 
W0828 19:47:52.043000 18635 site-packages/torch/distributed/run.py:766] *****************************************
<frozen importlib._bootstrap_external>:1301: FutureWarning: The cuda.cuda module is deprecated and will be removed in a future release, please switch to use the cuda.bindings.driver module instead.
<frozen importlib._bootstrap_external>:1301: FutureWarning: The cuda.cudart module is deprecated and will be removed in a future release, please switch to use the cuda.bindings.runtime module instead.
<frozen importlib._bootstrap_external>:1301: FutureWarning: The cuda.cuda module is deprecated and will be removed in a future release, please switch to use the cuda.bindings.driver module instead.
<frozen importlib._bootstrap_external>:1301: FutureWarning: The cuda.cudart module is deprecated and will be removed in a future release, please switch to use the cuda.bindings.runtime module instead.
<frozen importlib._bootstrap_external>:1301: FutureWarning: The cuda.cuda module is deprecated and will be removed in a future release, please switch to use the cuda.bindings.driver module instead.
<frozen importlib._bootstrap_external>:1301: FutureWarning: The cuda.cudart module is deprecated and will be removed in a future release, please switch to use the cuda.bindings.runtime module instead.
<frozen importlib._bootstrap_external>:1301: FutureWarning: The cuda.cuda module is deprecated and will be removed in a future release, please switch to use the cuda.bindings.driver module instead.
<frozen importlib._bootstrap_external>:1301: FutureWarning: The cuda.cudart module is deprecated and will be removed in a future release, please switch to use the cuda.bindings.runtime module instead.
/root/Triton-distributed/python/triton_dist/kernels/nvidia/comm_perf_model.py:78: UserWarning: can not get max bandwidth of interface bonding_masters, return 0...
  warnings.warn(f"can not get max bandwidth of interface {interface}, return 0...")
/root/Triton-distributed/python/triton_dist/kernels/nvidia/comm_perf_model.py:78: UserWarning: can not get max bandwidth of interface bonding_masters, return 0...
  warnings.warn(f"can not get max bandwidth of interface {interface}, return 0...")
/root/Triton-distributed/python/triton_dist/kernels/nvidia/comm_perf_model.py:78: UserWarning: can not get max bandwidth of interface bonding_masters, return 0...
  warnings.warn(f"can not get max bandwidth of interface {interface}, return 0...")
/root/Triton-distributed/python/triton_dist/kernels/nvidia/comm_perf_model.py:78: UserWarning: can not get max bandwidth of interface bonding_masters, return 0...
  warnings.warn(f"can not get max bandwidth of interface {interface}, return 0...")
[search][coarse] candidate 14/128: max_total=6.5900 ms, mean_total=6.3175 ms, speedup_mean=0.8850, speedup_min=0.8500, overlap_mean=21.32%, lead_ratio=2.000 | chunk=512, window=4, stage=2, steady_sms=6, tail_sms=20, lanes=2, bands=1, frontier=1
[custom] test shape: M 8192, N 29568, K 8192
✅ all close!
✅ all close!
✅ all close!
✅ all close!
Rank 0 [custom] latency (ms): torch_total=5.56, torch_gemm_only=3.72, torch_rs_only=2.07, v2_total=6.33, v2_gemm_only=4.88, v2_rs_only=2.88, v2_internal_overlap=18.42%, v2_speedup_vs_torch=0.88, v2_speedup_vs_old=nan, chunk_rows=512, num_chunks=4, active_chunk_window=4, stage_slots=2, comm_lanes=1, n_bands=1, frontier_chunks=1
Rank 1 [custom] latency (ms): torch_total=5.56, torch_gemm_only=3.76, torch_rs_only=2.09, v2_total=6.45, v2_gemm_only=4.84, v2_rs_only=2.77, v2_internal_overlap=15.27%, v2_speedup_vs_torch=0.86, v2_speedup_vs_old=nan, chunk_rows=512, num_chunks=4, active_chunk_window=4, stage_slots=2, comm_lanes=1, n_bands=1, frontier_chunks=1
Rank 2 [custom] latency (ms): torch_total=5.55, torch_gemm_only=3.72, torch_rs_only=2.08, v2_total=6.22, v2_gemm_only=4.86, v2_rs_only=2.81, v2_internal_overlap=18.90%, v2_speedup_vs_torch=0.89, v2_speedup_vs_old=nan, chunk_rows=512, num_chunks=4, active_chunk_window=4, stage_slots=2, comm_lanes=1, n_bands=1, frontier_chunks=1
Rank 3 [custom] latency (ms): torch_total=5.57, torch_gemm_only=3.79, torch_rs_only=2.07, v2_total=6.18, v2_gemm_only=4.87, v2_rs_only=2.95, v2_internal_overlap=20.95%, v2_speedup_vs_torch=0.90, v2_speedup_vs_old=nan, chunk_rows=512, num_chunks=4, active_chunk_window=4, stage_slots=2, comm_lanes=1, n_bands=1, frontier_chunks=1
W0828 19:48:03.239000 19292 site-packages/torch/distributed/run.py:766] 
W0828 19:48:03.239000 19292 site-packages/torch/distributed/run.py:766] *****************************************
W0828 19:48:03.239000 19292 site-packages/torch/distributed/run.py:766] Setting OMP_NUM_THREADS environment variable for each process to be 1 in default, to avoid your system being overloaded, please further tune the variable for optimal performance in your application as needed. 
W0828 19:48:03.239000 19292 site-packages/torch/distributed/run.py:766] *****************************************
<frozen importlib._bootstrap_external>:1301: FutureWarning: The cuda.cuda module is deprecated and will be removed in a future release, please switch to use the cuda.bindings.driver module instead.
<frozen importlib._bootstrap_external>:1301: FutureWarning: The cuda.cudart module is deprecated and will be removed in a future release, please switch to use the cuda.bindings.runtime module instead.
<frozen importlib._bootstrap_external>:1301: FutureWarning: The cuda.cuda module is deprecated and will be removed in a future release, please switch to use the cuda.bindings.driver module instead.
<frozen importlib._bootstrap_external>:1301: FutureWarning: The cuda.cuda module is deprecated and will be removed in a future release, please switch to use the cuda.bindings.driver module instead.
<frozen importlib._bootstrap_external>:1301: FutureWarning: The cuda.cudart module is deprecated and will be removed in a future release, please switch to use the cuda.bindings.runtime module instead.
<frozen importlib._bootstrap_external>:1301: FutureWarning: The cuda.cudart module is deprecated and will be removed in a future release, please switch to use the cuda.bindings.runtime module instead.
<frozen importlib._bootstrap_external>:1301: FutureWarning: The cuda.cuda module is deprecated and will be removed in a future release, please switch to use the cuda.bindings.driver module instead.
<frozen importlib._bootstrap_external>:1301: FutureWarning: The cuda.cudart module is deprecated and will be removed in a future release, please switch to use the cuda.bindings.runtime module instead.
/root/Triton-distributed/python/triton_dist/kernels/nvidia/comm_perf_model.py:78: UserWarning: can not get max bandwidth of interface bonding_masters, return 0...
  warnings.warn(f"can not get max bandwidth of interface {interface}, return 0...")
/root/Triton-distributed/python/triton_dist/kernels/nvidia/comm_perf_model.py:78: UserWarning: can not get max bandwidth of interface bonding_masters, return 0...
  warnings.warn(f"can not get max bandwidth of interface {interface}, return 0...")
/root/Triton-distributed/python/triton_dist/kernels/nvidia/comm_perf_model.py:78: UserWarning: can not get max bandwidth of interface bonding_masters, return 0...
  warnings.warn(f"can not get max bandwidth of interface {interface}, return 0...")
/root/Triton-distributed/python/triton_dist/kernels/nvidia/comm_perf_model.py:78: UserWarning: can not get max bandwidth of interface bonding_masters, return 0...
  warnings.warn(f"can not get max bandwidth of interface {interface}, return 0...")
[search][coarse] candidate 15/128: max_total=6.4500 ms, mean_total=6.2950 ms, speedup_mean=0.8825, speedup_min=0.8600, overlap_mean=18.39%, lead_ratio=2.000 | chunk=512, window=4, stage=2, steady_sms=6, tail_sms=24, lanes=1, bands=1, frontier=1
[custom] test shape: M 8192, N 29568, K 8192
✅ all close!
✅ all close!
✅ all close!
✅ all close!
Rank 0 [custom] latency (ms): torch_total=5.59, torch_gemm_only=3.73, torch_rs_only=2.08, v2_total=6.19, v2_gemm_only=4.82, v2_rs_only=3.07, v2_internal_overlap=21.65%, v2_speedup_vs_torch=0.90, v2_speedup_vs_old=nan, chunk_rows=512, num_chunks=4, active_chunk_window=4, stage_slots=2, comm_lanes=2, n_bands=1, frontier_chunks=1
Rank 1 [custom] latency (ms): torch_total=5.58, torch_gemm_only=3.74, torch_rs_only=2.07, v2_total=6.47, v2_gemm_only=4.83, v2_rs_only=3.07, v2_internal_overlap=18.10%, v2_speedup_vs_torch=0.86, v2_speedup_vs_old=nan, chunk_rows=512, num_chunks=4, active_chunk_window=4, stage_slots=2, comm_lanes=2, n_bands=1, frontier_chunks=1
Rank 2 [custom] latency (ms): torch_total=5.58, torch_gemm_only=3.73, torch_rs_only=2.08, v2_total=6.12, v2_gemm_only=4.85, v2_rs_only=3.07, v2_internal_overlap=22.75%, v2_speedup_vs_torch=0.91, v2_speedup_vs_old=nan, chunk_rows=512, num_chunks=4, active_chunk_window=4, stage_slots=2, comm_lanes=2, n_bands=1, frontier_chunks=1
Rank 3 [custom] latency (ms): torch_total=5.60, torch_gemm_only=3.77, torch_rs_only=2.10, v2_total=6.26, v2_gemm_only=4.85, v2_rs_only=3.11, v2_internal_overlap=21.41%, v2_speedup_vs_torch=0.90, v2_speedup_vs_old=nan, chunk_rows=512, num_chunks=4, active_chunk_window=4, stage_slots=2, comm_lanes=2, n_bands=1, frontier_chunks=1
W0828 19:48:14.448000 19943 site-packages/torch/distributed/run.py:766] 
W0828 19:48:14.448000 19943 site-packages/torch/distributed/run.py:766] *****************************************
W0828 19:48:14.448000 19943 site-packages/torch/distributed/run.py:766] Setting OMP_NUM_THREADS environment variable for each process to be 1 in default, to avoid your system being overloaded, please further tune the variable for optimal performance in your application as needed. 
W0828 19:48:14.448000 19943 site-packages/torch/distributed/run.py:766] *****************************************
<frozen importlib._bootstrap_external>:1301: FutureWarning: The cuda.cuda module is deprecated and will be removed in a future release, please switch to use the cuda.bindings.driver module instead.
<frozen importlib._bootstrap_external>:1301: FutureWarning: The cuda.cudart module is deprecated and will be removed in a future release, please switch to use the cuda.bindings.runtime module instead.
<frozen importlib._bootstrap_external>:1301: FutureWarning: The cuda.cuda module is deprecated and will be removed in a future release, please switch to use the cuda.bindings.driver module instead.
<frozen importlib._bootstrap_external>:1301: FutureWarning: The cuda.cudart module is deprecated and will be removed in a future release, please switch to use the cuda.bindings.runtime module instead.
<frozen importlib._bootstrap_external>:1301: FutureWarning: The cuda.cuda module is deprecated and will be removed in a future release, please switch to use the cuda.bindings.driver module instead.
<frozen importlib._bootstrap_external>:1301: FutureWarning: The cuda.cudart module is deprecated and will be removed in a future release, please switch to use the cuda.bindings.runtime module instead.
<frozen importlib._bootstrap_external>:1301: FutureWarning: The cuda.cuda module is deprecated and will be removed in a future release, please switch to use the cuda.bindings.driver module instead.
<frozen importlib._bootstrap_external>:1301: FutureWarning: The cuda.cudart module is deprecated and will be removed in a future release, please switch to use the cuda.bindings.runtime module instead.
/root/Triton-distributed/python/triton_dist/kernels/nvidia/comm_perf_model.py:78: UserWarning: can not get max bandwidth of interface bonding_masters, return 0...
  warnings.warn(f"can not get max bandwidth of interface {interface}, return 0...")
/root/Triton-distributed/python/triton_dist/kernels/nvidia/comm_perf_model.py:78: UserWarning: can not get max bandwidth of interface bonding_masters, return 0...
  warnings.warn(f"can not get max bandwidth of interface {interface}, return 0...")
/root/Triton-distributed/python/triton_dist/kernels/nvidia/comm_perf_model.py:78: UserWarning: can not get max bandwidth of interface bonding_masters, return 0...
  warnings.warn(f"can not get max bandwidth of interface {interface}, return 0...")
/root/Triton-distributed/python/triton_dist/kernels/nvidia/comm_perf_model.py:78: UserWarning: can not get max bandwidth of interface bonding_masters, return 0...
  warnings.warn(f"can not get max bandwidth of interface {interface}, return 0...")
[search][coarse] candidate 16/128: max_total=6.4700 ms, mean_total=6.2600 ms, speedup_mean=0.8925, speedup_min=0.8600, overlap_mean=20.98%, lead_ratio=2.000 | chunk=512, window=4, stage=2, steady_sms=6, tail_sms=24, lanes=2, bands=1, frontier=1
[custom] test shape: M 8192, N 29568, K 8192
✅ all close!
✅ all close!
✅ all close!
✅ all close!
Rank 0 [custom] latency (ms): torch_total=5.60, torch_gemm_only=3.74, torch_rs_only=2.06, v2_total=6.52, v2_gemm_only=4.84, v2_rs_only=2.98, v2_internal_overlap=16.61%, v2_speedup_vs_torch=0.86, v2_speedup_vs_old=nan, chunk_rows=512, num_chunks=4, active_chunk_window=4, stage_slots=4, comm_lanes=1, n_bands=1, frontier_chunks=1
Rank 1 [custom] latency (ms): torch_total=5.58, torch_gemm_only=3.74, torch_rs_only=2.05, v2_total=6.65, v2_gemm_only=4.84, v2_rs_only=2.90, v2_internal_overlap=14.13%, v2_speedup_vs_torch=0.84, v2_speedup_vs_old=nan, chunk_rows=512, num_chunks=4, active_chunk_window=4, stage_slots=4, comm_lanes=1, n_bands=1, frontier_chunks=1
Rank 2 [custom] latency (ms): torch_total=5.56, torch_gemm_only=3.76, torch_rs_only=2.06, v2_total=6.26, v2_gemm_only=4.83, v2_rs_only=2.85, v2_internal_overlap=18.41%, v2_speedup_vs_torch=0.89, v2_speedup_vs_old=nan, chunk_rows=512, num_chunks=4, active_chunk_window=4, stage_slots=4, comm_lanes=1, n_bands=1, frontier_chunks=1
Rank 3 [custom] latency (ms): torch_total=5.58, torch_gemm_only=3.82, torch_rs_only=2.07, v2_total=6.48, v2_gemm_only=4.87, v2_rs_only=2.95, v2_internal_overlap=17.18%, v2_speedup_vs_torch=0.86, v2_speedup_vs_old=nan, chunk_rows=512, num_chunks=4, active_chunk_window=4, stage_slots=4, comm_lanes=1, n_bands=1, frontier_chunks=1
W0828 19:48:25.323000 20612 site-packages/torch/distributed/run.py:766] 
W0828 19:48:25.323000 20612 site-packages/torch/distributed/run.py:766] *****************************************
W0828 19:48:25.323000 20612 site-packages/torch/distributed/run.py:766] Setting OMP_NUM_THREADS environment variable for each process to be 1 in default, to avoid your system being overloaded, please further tune the variable for optimal performance in your application as needed. 
W0828 19:48:25.323000 20612 site-packages/torch/distributed/run.py:766] *****************************************
<frozen importlib._bootstrap_external>:1301: FutureWarning: The cuda.cuda module is deprecated and will be removed in a future release, please switch to use the cuda.bindings.driver module instead.
<frozen importlib._bootstrap_external>:1301: FutureWarning: The cuda.cudart module is deprecated and will be removed in a future release, please switch to use the cuda.bindings.runtime module instead.
<frozen importlib._bootstrap_external>:1301: FutureWarning: The cuda.cuda module is deprecated and will be removed in a future release, please switch to use the cuda.bindings.driver module instead.
<frozen importlib._bootstrap_external>:1301: FutureWarning: The cuda.cudart module is deprecated and will be removed in a future release, please switch to use the cuda.bindings.runtime module instead.
<frozen importlib._bootstrap_external>:1301: FutureWarning: The cuda.cuda module is deprecated and will be removed in a future release, please switch to use the cuda.bindings.driver module instead.
<frozen importlib._bootstrap_external>:1301: FutureWarning: The cuda.cudart module is deprecated and will be removed in a future release, please switch to use the cuda.bindings.runtime module instead.
<frozen importlib._bootstrap_external>:1301: FutureWarning: The cuda.cuda module is deprecated and will be removed in a future release, please switch to use the cuda.bindings.driver module instead.
<frozen importlib._bootstrap_external>:1301: FutureWarning: The cuda.cudart module is deprecated and will be removed in a future release, please switch to use the cuda.bindings.runtime module instead.
/root/Triton-distributed/python/triton_dist/kernels/nvidia/comm_perf_model.py:78: UserWarning: can not get max bandwidth of interface bonding_masters, return 0...
  warnings.warn(f"can not get max bandwidth of interface {interface}, return 0...")
/root/Triton-distributed/python/triton_dist/kernels/nvidia/comm_perf_model.py:78: UserWarning: can not get max bandwidth of interface bonding_masters, return 0...
  warnings.warn(f"can not get max bandwidth of interface {interface}, return 0...")
/root/Triton-distributed/python/triton_dist/kernels/nvidia/comm_perf_model.py:78: UserWarning: can not get max bandwidth of interface bonding_masters, return 0...
  warnings.warn(f"can not get max bandwidth of interface {interface}, return 0...")
/root/Triton-distributed/python/triton_dist/kernels/nvidia/comm_perf_model.py:78: UserWarning: can not get max bandwidth of interface bonding_masters, return 0...
  warnings.warn(f"can not get max bandwidth of interface {interface}, return 0...")
[search][coarse] candidate 17/128: max_total=6.6500 ms, mean_total=6.4775 ms, speedup_mean=0.8625, speedup_min=0.8400, overlap_mean=16.58%, lead_ratio=1.000 | chunk=512, window=4, stage=4, steady_sms=4, tail_sms=12, lanes=1, bands=1, frontier=1
[custom] test shape: M 8192, N 29568, K 8192
✅ all close!
✅ all close!
✅ all close!
✅ all close!
Rank 0 [custom] latency (ms): torch_total=5.56, torch_gemm_only=3.74, torch_rs_only=2.05, v2_total=6.49, v2_gemm_only=4.82, v2_rs_only=3.57, v2_internal_overlap=22.71%, v2_speedup_vs_torch=0.86, v2_speedup_vs_old=nan, chunk_rows=512, num_chunks=4, active_chunk_window=4, stage_slots=4, comm_lanes=2, n_bands=1, frontier_chunks=1
Rank 1 [custom] latency (ms): torch_total=5.55, torch_gemm_only=3.74, torch_rs_only=2.05, v2_total=6.39, v2_gemm_only=4.83, v2_rs_only=3.51, v2_internal_overlap=23.36%, v2_speedup_vs_torch=0.87, v2_speedup_vs_old=nan, chunk_rows=512, num_chunks=4, active_chunk_window=4, stage_slots=4, comm_lanes=2, n_bands=1, frontier_chunks=1
Rank 2 [custom] latency (ms): torch_total=5.55, torch_gemm_only=3.75, torch_rs_only=2.06, v2_total=6.47, v2_gemm_only=4.83, v2_rs_only=3.50, v2_internal_overlap=22.34%, v2_speedup_vs_torch=0.86, v2_speedup_vs_old=nan, chunk_rows=512, num_chunks=4, active_chunk_window=4, stage_slots=4, comm_lanes=2, n_bands=1, frontier_chunks=1
Rank 3 [custom] latency (ms): torch_total=5.57, torch_gemm_only=3.77, torch_rs_only=2.04, v2_total=6.44, v2_gemm_only=4.84, v2_rs_only=3.47, v2_internal_overlap=22.47%, v2_speedup_vs_torch=0.86, v2_speedup_vs_old=nan, chunk_rows=512, num_chunks=4, active_chunk_window=4, stage_slots=4, comm_lanes=2, n_bands=1, frontier_chunks=1
W0828 19:48:36.087000 21268 site-packages/torch/distributed/run.py:766] 
W0828 19:48:36.087000 21268 site-packages/torch/distributed/run.py:766] *****************************************
W0828 19:48:36.087000 21268 site-packages/torch/distributed/run.py:766] Setting OMP_NUM_THREADS environment variable for each process to be 1 in default, to avoid your system being overloaded, please further tune the variable for optimal performance in your application as needed. 
W0828 19:48:36.087000 21268 site-packages/torch/distributed/run.py:766] *****************************************
<frozen importlib._bootstrap_external>:1301: FutureWarning: The cuda.cuda module is deprecated and will be removed in a future release, please switch to use the cuda.bindings.driver module instead.
<frozen importlib._bootstrap_external>:1301: FutureWarning: The cuda.cudart module is deprecated and will be removed in a future release, please switch to use the cuda.bindings.runtime module instead.
<frozen importlib._bootstrap_external>:1301: FutureWarning: The cuda.cuda module is deprecated and will be removed in a future release, please switch to use the cuda.bindings.driver module instead.
<frozen importlib._bootstrap_external>:1301: FutureWarning: The cuda.cudart module is deprecated and will be removed in a future release, please switch to use the cuda.bindings.runtime module instead.
<frozen importlib._bootstrap_external>:1301: FutureWarning: The cuda.cuda module is deprecated and will be removed in a future release, please switch to use the cuda.bindings.driver module instead.
<frozen importlib._bootstrap_external>:1301: FutureWarning: The cuda.cudart module is deprecated and will be removed in a future release, please switch to use the cuda.bindings.runtime module instead.
<frozen importlib._bootstrap_external>:1301: FutureWarning: The cuda.cuda module is deprecated and will be removed in a future release, please switch to use the cuda.bindings.driver module instead.
<frozen importlib._bootstrap_external>:1301: FutureWarning: The cuda.cudart module is deprecated and will be removed in a future release, please switch to use the cuda.bindings.runtime module instead.
/root/Triton-distributed/python/triton_dist/kernels/nvidia/comm_perf_model.py:78: UserWarning: can not get max bandwidth of interface bonding_masters, return 0...
  warnings.warn(f"can not get max bandwidth of interface {interface}, return 0...")
/root/Triton-distributed/python/triton_dist/kernels/nvidia/comm_perf_model.py:78: UserWarning: can not get max bandwidth of interface bonding_masters, return 0...
  warnings.warn(f"can not get max bandwidth of interface {interface}, return 0...")
/root/Triton-distributed/python/triton_dist/kernels/nvidia/comm_perf_model.py:78: UserWarning: can not get max bandwidth of interface bonding_masters, return 0...
  warnings.warn(f"can not get max bandwidth of interface {interface}, return 0...")
/root/Triton-distributed/python/triton_dist/kernels/nvidia/comm_perf_model.py:78: UserWarning: can not get max bandwidth of interface bonding_masters, return 0...
  warnings.warn(f"can not get max bandwidth of interface {interface}, return 0...")
[search][coarse] candidate 18/128: max_total=6.4900 ms, mean_total=6.4475 ms, speedup_mean=0.8625, speedup_min=0.8600, overlap_mean=22.72%, lead_ratio=1.000 | chunk=512, window=4, stage=4, steady_sms=4, tail_sms=12, lanes=2, bands=1, frontier=1
[custom] test shape: M 8192, N 29568, K 8192
✅ all close!
✅ all close!
✅ all close!
✅ all close!
Rank 0 [custom] latency (ms): torch_total=5.57, torch_gemm_only=3.75, torch_rs_only=2.05, v2_total=7.32, v2_gemm_only=5.52, v2_rs_only=3.35, v2_internal_overlap=17.54%, v2_speedup_vs_torch=0.76, v2_speedup_vs_old=nan, chunk_rows=512, num_chunks=4, active_chunk_window=4, stage_slots=4, comm_lanes=1, n_bands=1, frontier_chunks=1
Rank 1 [custom] latency (ms): torch_total=5.62, torch_gemm_only=3.74, torch_rs_only=2.05, v2_total=6.66, v2_gemm_only=4.83, v2_rs_only=3.24, v2_internal_overlap=17.45%, v2_speedup_vs_torch=0.84, v2_speedup_vs_old=nan, chunk_rows=512, num_chunks=4, active_chunk_window=4, stage_slots=4, comm_lanes=1, n_bands=1, frontier_chunks=1
Rank 2 [custom] latency (ms): torch_total=5.60, torch_gemm_only=3.76, torch_rs_only=2.06, v2_total=6.57, v2_gemm_only=4.85, v2_rs_only=2.99, v2_internal_overlap=16.14%, v2_speedup_vs_torch=0.85, v2_speedup_vs_old=nan, chunk_rows=512, num_chunks=4, active_chunk_window=4, stage_slots=4, comm_lanes=1, n_bands=1, frontier_chunks=1
Rank 3 [custom] latency (ms): torch_total=5.60, torch_gemm_only=3.78, torch_rs_only=2.06, v2_total=6.49, v2_gemm_only=4.86, v2_rs_only=3.10, v2_internal_overlap=18.45%, v2_speedup_vs_torch=0.86, v2_speedup_vs_old=nan, chunk_rows=512, num_chunks=4, active_chunk_window=4, stage_slots=4, comm_lanes=1, n_bands=1, frontier_chunks=1
W0828 19:48:46.951000 21920 site-packages/torch/distributed/run.py:766] 
W0828 19:48:46.951000 21920 site-packages/torch/distributed/run.py:766] *****************************************
W0828 19:48:46.951000 21920 site-packages/torch/distributed/run.py:766] Setting OMP_NUM_THREADS environment variable for each process to be 1 in default, to avoid your system being overloaded, please further tune the variable for optimal performance in your application as needed. 
W0828 19:48:46.951000 21920 site-packages/torch/distributed/run.py:766] *****************************************
<frozen importlib._bootstrap_external>:1301: FutureWarning: The cuda.cuda module is deprecated and will be removed in a future release, please switch to use the cuda.bindings.driver module instead.
<frozen importlib._bootstrap_external>:1301: FutureWarning: The cuda.cudart module is deprecated and will be removed in a future release, please switch to use the cuda.bindings.runtime module instead.
<frozen importlib._bootstrap_external>:1301: FutureWarning: The cuda.cuda module is deprecated and will be removed in a future release, please switch to use the cuda.bindings.driver module instead.
<frozen importlib._bootstrap_external>:1301: FutureWarning: The cuda.cudart module is deprecated and will be removed in a future release, please switch to use the cuda.bindings.runtime module instead.
<frozen importlib._bootstrap_external>:1301: FutureWarning: The cuda.cuda module is deprecated and will be removed in a future release, please switch to use the cuda.bindings.driver module instead.
<frozen importlib._bootstrap_external>:1301: FutureWarning: The cuda.cudart module is deprecated and will be removed in a future release, please switch to use the cuda.bindings.runtime module instead.
<frozen importlib._bootstrap_external>:1301: FutureWarning: The cuda.cuda module is deprecated and will be removed in a future release, please switch to use the cuda.bindings.driver module instead.
<frozen importlib._bootstrap_external>:1301: FutureWarning: The cuda.cudart module is deprecated and will be removed in a future release, please switch to use the cuda.bindings.runtime module instead.
/root/Triton-distributed/python/triton_dist/kernels/nvidia/comm_perf_model.py:78: UserWarning: can not get max bandwidth of interface bonding_masters, return 0...
  warnings.warn(f"can not get max bandwidth of interface {interface}, return 0...")
/root/Triton-distributed/python/triton_dist/kernels/nvidia/comm_perf_model.py:78: UserWarning: can not get max bandwidth of interface bonding_masters, return 0...
  warnings.warn(f"can not get max bandwidth of interface {interface}, return 0...")
/root/Triton-distributed/python/triton_dist/kernels/nvidia/comm_perf_model.py:78: UserWarning: can not get max bandwidth of interface bonding_masters, return 0...
  warnings.warn(f"can not get max bandwidth of interface {interface}, return 0...")
/root/Triton-distributed/python/triton_dist/kernels/nvidia/comm_perf_model.py:78: UserWarning: can not get max bandwidth of interface bonding_masters, return 0...
  warnings.warn(f"can not get max bandwidth of interface {interface}, return 0...")
[search][coarse] candidate 19/128: max_total=7.3200 ms, mean_total=6.7600 ms, speedup_mean=0.8275, speedup_min=0.7600, overlap_mean=17.39%, lead_ratio=1.000 | chunk=512, window=4, stage=4, steady_sms=4, tail_sms=16, lanes=1, bands=1, frontier=1
[custom] test shape: M 8192, N 29568, K 8192
✅ all close!
✅ all close!
✅ all close!
✅ all close!
Rank 0 [custom] latency (ms): torch_total=5.57, torch_gemm_only=3.74, torch_rs_only=2.07, v2_total=6.60, v2_gemm_only=5.03, v2_rs_only=3.64, v2_internal_overlap=23.81%, v2_speedup_vs_torch=0.84, v2_speedup_vs_old=nan, chunk_rows=512, num_chunks=4, active_chunk_window=4, stage_slots=4, comm_lanes=2, n_bands=1, frontier_chunks=1
Rank 1 [custom] latency (ms): torch_total=5.56, torch_gemm_only=3.74, torch_rs_only=2.05, v2_total=6.57, v2_gemm_only=4.83, v2_rs_only=3.42, v2_internal_overlap=20.47%, v2_speedup_vs_torch=0.85, v2_speedup_vs_old=nan, chunk_rows=512, num_chunks=4, active_chunk_window=4, stage_slots=4, comm_lanes=2, n_bands=1, frontier_chunks=1
Rank 2 [custom] latency (ms): torch_total=5.54, torch_gemm_only=3.74, torch_rs_only=2.06, v2_total=6.26, v2_gemm_only=4.85, v2_rs_only=3.55, v2_internal_overlap=25.59%, v2_speedup_vs_torch=0.89, v2_speedup_vs_old=nan, chunk_rows=512, num_chunks=4, active_chunk_window=4, stage_slots=4, comm_lanes=2, n_bands=1, frontier_chunks=1
Rank 3 [custom] latency (ms): torch_total=5.57, torch_gemm_only=3.77, torch_rs_only=2.07, v2_total=6.45, v2_gemm_only=4.86, v2_rs_only=3.50, v2_internal_overlap=22.83%, v2_speedup_vs_torch=0.86, v2_speedup_vs_old=nan, chunk_rows=512, num_chunks=4, active_chunk_window=4, stage_slots=4, comm_lanes=2, n_bands=1, frontier_chunks=1
W0828 19:48:57.839000 22572 site-packages/torch/distributed/run.py:766] 
W0828 19:48:57.839000 22572 site-packages/torch/distributed/run.py:766] *****************************************
W0828 19:48:57.839000 22572 site-packages/torch/distributed/run.py:766] Setting OMP_NUM_THREADS environment variable for each process to be 1 in default, to avoid your system being overloaded, please further tune the variable for optimal performance in your application as needed. 
W0828 19:48:57.839000 22572 site-packages/torch/distributed/run.py:766] *****************************************
<frozen importlib._bootstrap_external>:1301: FutureWarning: The cuda.cuda module is deprecated and will be removed in a future release, please switch to use the cuda.bindings.driver module instead.
<frozen importlib._bootstrap_external>:1301: FutureWarning: The cuda.cudart module is deprecated and will be removed in a future release, please switch to use the cuda.bindings.runtime module instead.
<frozen importlib._bootstrap_external>:1301: FutureWarning: The cuda.cuda module is deprecated and will be removed in a future release, please switch to use the cuda.bindings.driver module instead.
<frozen importlib._bootstrap_external>:1301: FutureWarning: The cuda.cudart module is deprecated and will be removed in a future release, please switch to use the cuda.bindings.runtime module instead.
<frozen importlib._bootstrap_external>:1301: FutureWarning: The cuda.cuda module is deprecated and will be removed in a future release, please switch to use the cuda.bindings.driver module instead.
<frozen importlib._bootstrap_external>:1301: FutureWarning: The cuda.cudart module is deprecated and will be removed in a future release, please switch to use the cuda.bindings.runtime module instead.
<frozen importlib._bootstrap_external>:1301: FutureWarning: The cuda.cuda module is deprecated and will be removed in a future release, please switch to use the cuda.bindings.driver module instead.
<frozen importlib._bootstrap_external>:1301: FutureWarning: The cuda.cudart module is deprecated and will be removed in a future release, please switch to use the cuda.bindings.runtime module instead.
/root/Triton-distributed/python/triton_dist/kernels/nvidia/comm_perf_model.py:78: UserWarning: can not get max bandwidth of interface bonding_masters, return 0...
  warnings.warn(f"can not get max bandwidth of interface {interface}, return 0...")
/root/Triton-distributed/python/triton_dist/kernels/nvidia/comm_perf_model.py:78: UserWarning: can not get max bandwidth of interface bonding_masters, return 0...
  warnings.warn(f"can not get max bandwidth of interface {interface}, return 0...")
/root/Triton-distributed/python/triton_dist/kernels/nvidia/comm_perf_model.py:78: UserWarning: can not get max bandwidth of interface bonding_masters, return 0...
  warnings.warn(f"can not get max bandwidth of interface {interface}, return 0...")
/root/Triton-distributed/python/triton_dist/kernels/nvidia/comm_perf_model.py:78: UserWarning: can not get max bandwidth of interface bonding_masters, return 0...
  warnings.warn(f"can not get max bandwidth of interface {interface}, return 0...")
[search][coarse] candidate 20/128: max_total=6.6000 ms, mean_total=6.4700 ms, speedup_mean=0.8600, speedup_min=0.8400, overlap_mean=23.17%, lead_ratio=1.000 | chunk=512, window=4, stage=4, steady_sms=4, tail_sms=16, lanes=2, bands=1, frontier=1
[custom] test shape: M 8192, N 29568, K 8192
✅ all close!
✅ all close!
✅ all close!
✅ all close!
Rank 0 [custom] latency (ms): torch_total=5.55, torch_gemm_only=3.73, torch_rs_only=2.09, v2_total=7.55, v2_gemm_only=4.93, v2_rs_only=3.03, v2_internal_overlap=5.16%, v2_speedup_vs_torch=0.74, v2_speedup_vs_old=nan, chunk_rows=512, num_chunks=4, active_chunk_window=4, stage_slots=4, comm_lanes=1, n_bands=1, frontier_chunks=1
Rank 1 [custom] latency (ms): torch_total=5.55, torch_gemm_only=3.74, torch_rs_only=2.07, v2_total=6.93, v2_gemm_only=4.84, v2_rs_only=3.07, v2_internal_overlap=12.39%, v2_speedup_vs_torch=0.80, v2_speedup_vs_old=nan, chunk_rows=512, num_chunks=4, active_chunk_window=4, stage_slots=4, comm_lanes=1, n_bands=1, frontier_chunks=1
Rank 2 [custom] latency (ms): torch_total=5.55, torch_gemm_only=3.72, torch_rs_only=2.08, v2_total=7.39, v2_gemm_only=5.69, v2_rs_only=3.14, v2_internal_overlap=16.29%, v2_speedup_vs_torch=0.75, v2_speedup_vs_old=nan, chunk_rows=512, num_chunks=4, active_chunk_window=4, stage_slots=4, comm_lanes=1, n_bands=1, frontier_chunks=1
Rank 3 [custom] latency (ms): torch_total=5.56, torch_gemm_only=3.77, torch_rs_only=2.08, v2_total=6.75, v2_gemm_only=4.85, v2_rs_only=3.12, v2_internal_overlap=15.20%, v2_speedup_vs_torch=0.82, v2_speedup_vs_old=nan, chunk_rows=512, num_chunks=4, active_chunk_window=4, stage_slots=4, comm_lanes=1, n_bands=1, frontier_chunks=1
W0828 19:49:08.725000 23241 site-packages/torch/distributed/run.py:766] 
W0828 19:49:08.725000 23241 site-packages/torch/distributed/run.py:766] *****************************************
W0828 19:49:08.725000 23241 site-packages/torch/distributed/run.py:766] Setting OMP_NUM_THREADS environment variable for each process to be 1 in default, to avoid your system being overloaded, please further tune the variable for optimal performance in your application as needed. 
W0828 19:49:08.725000 23241 site-packages/torch/distributed/run.py:766] *****************************************
<frozen importlib._bootstrap_external>:1301: FutureWarning: The cuda.cuda module is deprecated and will be removed in a future release, please switch to use the cuda.bindings.driver module instead.
<frozen importlib._bootstrap_external>:1301: FutureWarning: The cuda.cudart module is deprecated and will be removed in a future release, please switch to use the cuda.bindings.runtime module instead.
<frozen importlib._bootstrap_external>:1301: FutureWarning: The cuda.cuda module is deprecated and will be removed in a future release, please switch to use the cuda.bindings.driver module instead.
<frozen importlib._bootstrap_external>:1301: FutureWarning: The cuda.cudart module is deprecated and will be removed in a future release, please switch to use the cuda.bindings.runtime module instead.
<frozen importlib._bootstrap_external>:1301: FutureWarning: The cuda.cuda module is deprecated and will be removed in a future release, please switch to use the cuda.bindings.driver module instead.
<frozen importlib._bootstrap_external>:1301: FutureWarning: The cuda.cudart module is deprecated and will be removed in a future release, please switch to use the cuda.bindings.runtime module instead.
<frozen importlib._bootstrap_external>:1301: FutureWarning: The cuda.cuda module is deprecated and will be removed in a future release, please switch to use the cuda.bindings.driver module instead.
<frozen importlib._bootstrap_external>:1301: FutureWarning: The cuda.cudart module is deprecated and will be removed in a future release, please switch to use the cuda.bindings.runtime module instead.
/root/Triton-distributed/python/triton_dist/kernels/nvidia/comm_perf_model.py:78: UserWarning: can not get max bandwidth of interface bonding_masters, return 0...
  warnings.warn(f"can not get max bandwidth of interface {interface}, return 0...")
/root/Triton-distributed/python/triton_dist/kernels/nvidia/comm_perf_model.py:78: UserWarning: can not get max bandwidth of interface bonding_masters, return 0...
  warnings.warn(f"can not get max bandwidth of interface {interface}, return 0...")
/root/Triton-distributed/python/triton_dist/kernels/nvidia/comm_perf_model.py:78: UserWarning: can not get max bandwidth of interface bonding_masters, return 0...
  warnings.warn(f"can not get max bandwidth of interface {interface}, return 0...")
/root/Triton-distributed/python/triton_dist/kernels/nvidia/comm_perf_model.py:78: UserWarning: can not get max bandwidth of interface bonding_masters, return 0...
  warnings.warn(f"can not get max bandwidth of interface {interface}, return 0...")
[search][coarse] candidate 21/128: max_total=7.5500 ms, mean_total=7.1550 ms, speedup_mean=0.7775, speedup_min=0.7400, overlap_mean=12.26%, lead_ratio=1.000 | chunk=512, window=4, stage=4, steady_sms=4, tail_sms=20, lanes=1, bands=1, frontier=1
[custom] test shape: M 8192, N 29568, K 8192
✅ all close!
✅ all close!
✅ all close!
✅ all close!
Rank 0 [custom] latency (ms): torch_total=5.56, torch_gemm_only=3.73, torch_rs_only=2.12, v2_total=6.57, v2_gemm_only=4.82, v2_rs_only=3.58, v2_internal_overlap=21.87%, v2_speedup_vs_torch=0.85, v2_speedup_vs_old=nan, chunk_rows=512, num_chunks=4, active_chunk_window=4, stage_slots=4, comm_lanes=2, n_bands=1, frontier_chunks=1
Rank 1 [custom] latency (ms): torch_total=5.55, torch_gemm_only=3.75, torch_rs_only=2.13, v2_total=6.53, v2_gemm_only=4.84, v2_rs_only=3.58, v2_internal_overlap=22.37%, v2_speedup_vs_torch=0.85, v2_speedup_vs_old=nan, chunk_rows=512, num_chunks=4, active_chunk_window=4, stage_slots=4, comm_lanes=2, n_bands=1, frontier_chunks=1
Rank 2 [custom] latency (ms): torch_total=5.55, torch_gemm_only=3.73, torch_rs_only=2.13, v2_total=6.44, v2_gemm_only=4.86, v2_rs_only=3.56, v2_internal_overlap=23.51%, v2_speedup_vs_torch=0.86, v2_speedup_vs_old=nan, chunk_rows=512, num_chunks=4, active_chunk_window=4, stage_slots=4, comm_lanes=2, n_bands=1, frontier_chunks=1
Rank 3 [custom] latency (ms): torch_total=5.58, torch_gemm_only=3.79, torch_rs_only=2.12, v2_total=6.49, v2_gemm_only=4.83, v2_rs_only=3.54, v2_internal_overlap=22.46%, v2_speedup_vs_torch=0.86, v2_speedup_vs_old=nan, chunk_rows=512, num_chunks=4, active_chunk_window=4, stage_slots=4, comm_lanes=2, n_bands=1, frontier_chunks=1
W0828 19:49:19.592000 23898 site-packages/torch/distributed/run.py:766] 
W0828 19:49:19.592000 23898 site-packages/torch/distributed/run.py:766] *****************************************
W0828 19:49:19.592000 23898 site-packages/torch/distributed/run.py:766] Setting OMP_NUM_THREADS environment variable for each process to be 1 in default, to avoid your system being overloaded, please further tune the variable for optimal performance in your application as needed. 
W0828 19:49:19.592000 23898 site-packages/torch/distributed/run.py:766] *****************************************
<frozen importlib._bootstrap_external>:1301: FutureWarning: The cuda.cuda module is deprecated and will be removed in a future release, please switch to use the cuda.bindings.driver module instead.
<frozen importlib._bootstrap_external>:1301: FutureWarning: The cuda.cudart module is deprecated and will be removed in a future release, please switch to use the cuda.bindings.runtime module instead.
<frozen importlib._bootstrap_external>:1301: FutureWarning: The cuda.cuda module is deprecated and will be removed in a future release, please switch to use the cuda.bindings.driver module instead.
<frozen importlib._bootstrap_external>:1301: FutureWarning: The cuda.cudart module is deprecated and will be removed in a future release, please switch to use the cuda.bindings.runtime module instead.
<frozen importlib._bootstrap_external>:1301: FutureWarning: The cuda.cuda module is deprecated and will be removed in a future release, please switch to use the cuda.bindings.driver module instead.
<frozen importlib._bootstrap_external>:1301: FutureWarning: The cuda.cudart module is deprecated and will be removed in a future release, please switch to use the cuda.bindings.runtime module instead.
<frozen importlib._bootstrap_external>:1301: FutureWarning: The cuda.cuda module is deprecated and will be removed in a future release, please switch to use the cuda.bindings.driver module instead.
<frozen importlib._bootstrap_external>:1301: FutureWarning: The cuda.cudart module is deprecated and will be removed in a future release, please switch to use the cuda.bindings.runtime module instead.
/root/Triton-distributed/python/triton_dist/kernels/nvidia/comm_perf_model.py:78: UserWarning: can not get max bandwidth of interface bonding_masters, return 0...
  warnings.warn(f"can not get max bandwidth of interface {interface}, return 0...")
/root/Triton-distributed/python/triton_dist/kernels/nvidia/comm_perf_model.py:78: UserWarning: can not get max bandwidth of interface bonding_masters, return 0...
  warnings.warn(f"can not get max bandwidth of interface {interface}, return 0...")
/root/Triton-distributed/python/triton_dist/kernels/nvidia/comm_perf_model.py:78: UserWarning: can not get max bandwidth of interface bonding_masters, return 0...
  warnings.warn(f"can not get max bandwidth of interface {interface}, return 0...")
/root/Triton-distributed/python/triton_dist/kernels/nvidia/comm_perf_model.py:78: UserWarning: can not get max bandwidth of interface bonding_masters, return 0...
  warnings.warn(f"can not get max bandwidth of interface {interface}, return 0...")
[search][coarse] candidate 22/128: max_total=6.5700 ms, mean_total=6.5075 ms, speedup_mean=0.8550, speedup_min=0.8500, overlap_mean=22.55%, lead_ratio=1.000 | chunk=512, window=4, stage=4, steady_sms=4, tail_sms=20, lanes=2, bands=1, frontier=1
[custom] test shape: M 8192, N 29568, K 8192
✅ all close!
✅ all close!
✅ all close!
✅ all close!
Rank 0 [custom] latency (ms): torch_total=5.61, torch_gemm_only=3.75, torch_rs_only=2.02, v2_total=7.14, v2_gemm_only=5.45, v2_rs_only=3.28, v2_internal_overlap=18.21%, v2_speedup_vs_torch=0.79, v2_speedup_vs_old=nan, chunk_rows=512, num_chunks=4, active_chunk_window=4, stage_slots=4, comm_lanes=1, n_bands=1, frontier_chunks=1
Rank 1 [custom] latency (ms): torch_total=5.61, torch_gemm_only=3.75, torch_rs_only=2.01, v2_total=6.61, v2_gemm_only=4.83, v2_rs_only=3.03, v2_internal_overlap=15.86%, v2_speedup_vs_torch=0.85, v2_speedup_vs_old=nan, chunk_rows=512, num_chunks=4, active_chunk_window=4, stage_slots=4, comm_lanes=1, n_bands=1, frontier_chunks=1
Rank 2 [custom] latency (ms): torch_total=5.61, torch_gemm_only=3.75, torch_rs_only=2.01, v2_total=6.52, v2_gemm_only=4.86, v2_rs_only=3.03, v2_internal_overlap=17.36%, v2_speedup_vs_torch=0.86, v2_speedup_vs_old=nan, chunk_rows=512, num_chunks=4, active_chunk_window=4, stage_slots=4, comm_lanes=1, n_bands=1, frontier_chunks=1
Rank 3 [custom] latency (ms): torch_total=5.61, torch_gemm_only=3.78, torch_rs_only=2.03, v2_total=6.52, v2_gemm_only=4.83, v2_rs_only=3.13, v2_internal_overlap=18.14%, v2_speedup_vs_torch=0.86, v2_speedup_vs_old=nan, chunk_rows=512, num_chunks=4, active_chunk_window=4, stage_slots=4, comm_lanes=1, n_bands=1, frontier_chunks=1
W0828 19:49:30.680000 24549 site-packages/torch/distributed/run.py:766] 
W0828 19:49:30.680000 24549 site-packages/torch/distributed/run.py:766] *****************************************
W0828 19:49:30.680000 24549 site-packages/torch/distributed/run.py:766] Setting OMP_NUM_THREADS environment variable for each process to be 1 in default, to avoid your system being overloaded, please further tune the variable for optimal performance in your application as needed. 
W0828 19:49:30.680000 24549 site-packages/torch/distributed/run.py:766] *****************************************
<frozen importlib._bootstrap_external>:1301: FutureWarning: The cuda.cuda module is deprecated and will be removed in a future release, please switch to use the cuda.bindings.driver module instead.
<frozen importlib._bootstrap_external>:1301: FutureWarning: The cuda.cudart module is deprecated and will be removed in a future release, please switch to use the cuda.bindings.runtime module instead.
<frozen importlib._bootstrap_external>:1301: FutureWarning: The cuda.cuda module is deprecated and will be removed in a future release, please switch to use the cuda.bindings.driver module instead.
<frozen importlib._bootstrap_external>:1301: FutureWarning: The cuda.cudart module is deprecated and will be removed in a future release, please switch to use the cuda.bindings.runtime module instead.
<frozen importlib._bootstrap_external>:1301: FutureWarning: The cuda.cuda module is deprecated and will be removed in a future release, please switch to use the cuda.bindings.driver module instead.
<frozen importlib._bootstrap_external>:1301: FutureWarning: The cuda.cudart module is deprecated and will be removed in a future release, please switch to use the cuda.bindings.runtime module instead.
<frozen importlib._bootstrap_external>:1301: FutureWarning: The cuda.cuda module is deprecated and will be removed in a future release, please switch to use the cuda.bindings.driver module instead.
<frozen importlib._bootstrap_external>:1301: FutureWarning: The cuda.cudart module is deprecated and will be removed in a future release, please switch to use the cuda.bindings.runtime module instead.
/root/Triton-distributed/python/triton_dist/kernels/nvidia/comm_perf_model.py:78: UserWarning: can not get max bandwidth of interface bonding_masters, return 0...
  warnings.warn(f"can not get max bandwidth of interface {interface}, return 0...")
/root/Triton-distributed/python/triton_dist/kernels/nvidia/comm_perf_model.py:78: UserWarning: can not get max bandwidth of interface bonding_masters, return 0...
  warnings.warn(f"can not get max bandwidth of interface {interface}, return 0...")
/root/Triton-distributed/python/triton_dist/kernels/nvidia/comm_perf_model.py:78: UserWarning: can not get max bandwidth of interface bonding_masters, return 0...
  warnings.warn(f"can not get max bandwidth of interface {interface}, return 0...")
/root/Triton-distributed/python/triton_dist/kernels/nvidia/comm_perf_model.py:78: UserWarning: can not get max bandwidth of interface bonding_masters, return 0...
  warnings.warn(f"can not get max bandwidth of interface {interface}, return 0...")
[search][coarse] candidate 23/128: max_total=7.1400 ms, mean_total=6.6975 ms, speedup_mean=0.8400, speedup_min=0.7900, overlap_mean=17.39%, lead_ratio=1.000 | chunk=512, window=4, stage=4, steady_sms=4, tail_sms=24, lanes=1, bands=1, frontier=1
[custom] test shape: M 8192, N 29568, K 8192
✅ all close!
✅ all close!
✅ all close!
✅ all close!
Rank 0 [custom] latency (ms): torch_total=5.55, torch_gemm_only=3.73, torch_rs_only=2.09, v2_total=6.49, v2_gemm_only=4.82, v2_rs_only=3.60, v2_internal_overlap=23.00%, v2_speedup_vs_torch=0.86, v2_speedup_vs_old=nan, chunk_rows=512, num_chunks=4, active_chunk_window=4, stage_slots=4, comm_lanes=2, n_bands=1, frontier_chunks=1
Rank 1 [custom] latency (ms): torch_total=5.55, torch_gemm_only=3.73, torch_rs_only=2.07, v2_total=6.54, v2_gemm_only=4.83, v2_rs_only=3.60, v2_internal_overlap=22.48%, v2_speedup_vs_torch=0.85, v2_speedup_vs_old=nan, chunk_rows=512, num_chunks=4, active_chunk_window=4, stage_slots=4, comm_lanes=2, n_bands=1, frontier_chunks=1
Rank 2 [custom] latency (ms): torch_total=5.56, torch_gemm_only=3.75, torch_rs_only=2.05, v2_total=6.48, v2_gemm_only=4.87, v2_rs_only=3.38, v2_internal_overlap=21.46%, v2_speedup_vs_torch=0.86, v2_speedup_vs_old=nan, chunk_rows=512, num_chunks=4, active_chunk_window=4, stage_slots=4, comm_lanes=2, n_bands=1, frontier_chunks=1
Rank 3 [custom] latency (ms): torch_total=5.57, torch_gemm_only=3.77, torch_rs_only=2.06, v2_total=6.48, v2_gemm_only=4.84, v2_rs_only=3.70, v2_internal_overlap=24.07%, v2_speedup_vs_torch=0.86, v2_speedup_vs_old=nan, chunk_rows=512, num_chunks=4, active_chunk_window=4, stage_slots=4, comm_lanes=2, n_bands=1, frontier_chunks=1
W0828 19:49:41.469000 25201 site-packages/torch/distributed/run.py:766] 
W0828 19:49:41.469000 25201 site-packages/torch/distributed/run.py:766] *****************************************
W0828 19:49:41.469000 25201 site-packages/torch/distributed/run.py:766] Setting OMP_NUM_THREADS environment variable for each process to be 1 in default, to avoid your system being overloaded, please further tune the variable for optimal performance in your application as needed. 
W0828 19:49:41.469000 25201 site-packages/torch/distributed/run.py:766] *****************************************
<frozen importlib._bootstrap_external>:1301: FutureWarning: The cuda.cuda module is deprecated and will be removed in a future release, please switch to use the cuda.bindings.driver module instead.
<frozen importlib._bootstrap_external>:1301: FutureWarning: The cuda.cudart module is deprecated and will be removed in a future release, please switch to use the cuda.bindings.runtime module instead.
<frozen importlib._bootstrap_external>:1301: FutureWarning: The cuda.cuda module is deprecated and will be removed in a future release, please switch to use the cuda.bindings.driver module instead.
<frozen importlib._bootstrap_external>:1301: FutureWarning: The cuda.cudart module is deprecated and will be removed in a future release, please switch to use the cuda.bindings.runtime module instead.
<frozen importlib._bootstrap_external>:1301: FutureWarning: The cuda.cuda module is deprecated and will be removed in a future release, please switch to use the cuda.bindings.driver module instead.
<frozen importlib._bootstrap_external>:1301: FutureWarning: The cuda.cudart module is deprecated and will be removed in a future release, please switch to use the cuda.bindings.runtime module instead.
<frozen importlib._bootstrap_external>:1301: FutureWarning: The cuda.cuda module is deprecated and will be removed in a future release, please switch to use the cuda.bindings.driver module instead.
<frozen importlib._bootstrap_external>:1301: FutureWarning: The cuda.cudart module is deprecated and will be removed in a future release, please switch to use the cuda.bindings.runtime module instead.
/root/Triton-distributed/python/triton_dist/kernels/nvidia/comm_perf_model.py:78: UserWarning: can not get max bandwidth of interface bonding_masters, return 0...
  warnings.warn(f"can not get max bandwidth of interface {interface}, return 0...")
/root/Triton-distributed/python/triton_dist/kernels/nvidia/comm_perf_model.py:78: UserWarning: can not get max bandwidth of interface bonding_masters, return 0...
  warnings.warn(f"can not get max bandwidth of interface {interface}, return 0...")
/root/Triton-distributed/python/triton_dist/kernels/nvidia/comm_perf_model.py:78: UserWarning: can not get max bandwidth of interface bonding_masters, return 0...
  warnings.warn(f"can not get max bandwidth of interface {interface}, return 0...")
/root/Triton-distributed/python/triton_dist/kernels/nvidia/comm_perf_model.py:78: UserWarning: can not get max bandwidth of interface bonding_masters, return 0...
  warnings.warn(f"can not get max bandwidth of interface {interface}, return 0...")
[search][coarse] candidate 24/128: max_total=6.5400 ms, mean_total=6.4975 ms, speedup_mean=0.8575, speedup_min=0.8500, overlap_mean=22.75%, lead_ratio=1.000 | chunk=512, window=4, stage=4, steady_sms=4, tail_sms=24, lanes=2, bands=1, frontier=1
[custom] test shape: M 8192, N 29568, K 8192
✅ all close!
✅ all close!
✅ all close!
✅ all close!
Rank 0 [custom] latency (ms): torch_total=5.54, torch_gemm_only=3.74, torch_rs_only=2.04, v2_total=6.36, v2_gemm_only=4.84, v2_rs_only=2.66, v2_internal_overlap=15.23%, v2_speedup_vs_torch=0.87, v2_speedup_vs_old=nan, chunk_rows=512, num_chunks=4, active_chunk_window=4, stage_slots=4, comm_lanes=1, n_bands=1, frontier_chunks=1
Rank 1 [custom] latency (ms): torch_total=5.54, torch_gemm_only=3.75, torch_rs_only=2.06, v2_total=6.37, v2_gemm_only=4.83, v2_rs_only=2.69, v2_internal_overlap=15.26%, v2_speedup_vs_torch=0.87, v2_speedup_vs_old=nan, chunk_rows=512, num_chunks=4, active_chunk_window=4, stage_slots=4, comm_lanes=1, n_bands=1, frontier_chunks=1
Rank 2 [custom] latency (ms): torch_total=5.56, torch_gemm_only=3.76, torch_rs_only=2.06, v2_total=6.10, v2_gemm_only=4.84, v2_rs_only=2.72, v2_internal_overlap=19.32%, v2_speedup_vs_torch=0.91, v2_speedup_vs_old=nan, chunk_rows=512, num_chunks=4, active_chunk_window=4, stage_slots=4, comm_lanes=1, n_bands=1, frontier_chunks=1
Rank 3 [custom] latency (ms): torch_total=5.56, torch_gemm_only=3.79, torch_rs_only=2.06, v2_total=6.18, v2_gemm_only=4.87, v2_rs_only=2.74, v2_internal_overlap=18.81%, v2_speedup_vs_torch=0.90, v2_speedup_vs_old=nan, chunk_rows=512, num_chunks=4, active_chunk_window=4, stage_slots=4, comm_lanes=1, n_bands=1, frontier_chunks=1
W0828 19:49:52.265000 25871 site-packages/torch/distributed/run.py:766] 
W0828 19:49:52.265000 25871 site-packages/torch/distributed/run.py:766] *****************************************
W0828 19:49:52.265000 25871 site-packages/torch/distributed/run.py:766] Setting OMP_NUM_THREADS environment variable for each process to be 1 in default, to avoid your system being overloaded, please further tune the variable for optimal performance in your application as needed. 
W0828 19:49:52.265000 25871 site-packages/torch/distributed/run.py:766] *****************************************
<frozen importlib._bootstrap_external>:1301: FutureWarning: The cuda.cuda module is deprecated and will be removed in a future release, please switch to use the cuda.bindings.driver module instead.
<frozen importlib._bootstrap_external>:1301: FutureWarning: The cuda.cudart module is deprecated and will be removed in a future release, please switch to use the cuda.bindings.runtime module instead.
<frozen importlib._bootstrap_external>:1301: FutureWarning: The cuda.cuda module is deprecated and will be removed in a future release, please switch to use the cuda.bindings.driver module instead.
<frozen importlib._bootstrap_external>:1301: FutureWarning: The cuda.cudart module is deprecated and will be removed in a future release, please switch to use the cuda.bindings.runtime module instead.
<frozen importlib._bootstrap_external>:1301: FutureWarning: The cuda.cuda module is deprecated and will be removed in a future release, please switch to use the cuda.bindings.driver module instead.
<frozen importlib._bootstrap_external>:1301: FutureWarning: The cuda.cudart module is deprecated and will be removed in a future release, please switch to use the cuda.bindings.runtime module instead.
<frozen importlib._bootstrap_external>:1301: FutureWarning: The cuda.cuda module is deprecated and will be removed in a future release, please switch to use the cuda.bindings.driver module instead.
<frozen importlib._bootstrap_external>:1301: FutureWarning: The cuda.cudart module is deprecated and will be removed in a future release, please switch to use the cuda.bindings.runtime module instead.
/root/Triton-distributed/python/triton_dist/kernels/nvidia/comm_perf_model.py:78: UserWarning: can not get max bandwidth of interface bonding_masters, return 0...
  warnings.warn(f"can not get max bandwidth of interface {interface}, return 0...")
/root/Triton-distributed/python/triton_dist/kernels/nvidia/comm_perf_model.py:78: UserWarning: can not get max bandwidth of interface bonding_masters, return 0...
  warnings.warn(f"can not get max bandwidth of interface {interface}, return 0...")
/root/Triton-distributed/python/triton_dist/kernels/nvidia/comm_perf_model.py:78: UserWarning: can not get max bandwidth of interface bonding_masters, return 0...
  warnings.warn(f"can not get max bandwidth of interface {interface}, return 0...")
/root/Triton-distributed/python/triton_dist/kernels/nvidia/comm_perf_model.py:78: UserWarning: can not get max bandwidth of interface bonding_masters, return 0...
  warnings.warn(f"can not get max bandwidth of interface {interface}, return 0...")
[search][coarse] candidate 25/128: max_total=6.3700 ms, mean_total=6.2525 ms, speedup_mean=0.8875, speedup_min=0.8700, overlap_mean=17.15%, lead_ratio=1.000 | chunk=512, window=4, stage=4, steady_sms=6, tail_sms=12, lanes=1, bands=1, frontier=1
[custom] test shape: M 8192, N 29568, K 8192
✅ all close!
✅ all close!
✅ all close!
✅ all close!
Rank 0 [custom] latency (ms): torch_total=5.55, torch_gemm_only=3.74, torch_rs_only=2.06, v2_total=6.17, v2_gemm_only=4.82, v2_rs_only=3.32, v2_internal_overlap=24.17%, v2_speedup_vs_torch=0.90, v2_speedup_vs_old=nan, chunk_rows=512, num_chunks=4, active_chunk_window=4, stage_slots=4, comm_lanes=2, n_bands=1, frontier_chunks=1
Rank 1 [custom] latency (ms): torch_total=5.54, torch_gemm_only=3.74, torch_rs_only=2.14, v2_total=6.35, v2_gemm_only=5.33, v2_rs_only=3.29, v2_internal_overlap=26.29%, v2_speedup_vs_torch=0.87, v2_speedup_vs_old=nan, chunk_rows=512, num_chunks=4, active_chunk_window=4, stage_slots=4, comm_lanes=2, n_bands=1, frontier_chunks=1
Rank 2 [custom] latency (ms): torch_total=5.55, torch_gemm_only=3.74, torch_rs_only=2.16, v2_total=6.04, v2_gemm_only=4.85, v2_rs_only=3.29, v2_internal_overlap=25.73%, v2_speedup_vs_torch=0.92, v2_speedup_vs_old=nan, chunk_rows=512, num_chunks=4, active_chunk_window=4, stage_slots=4, comm_lanes=2, n_bands=1, frontier_chunks=1
Rank 3 [custom] latency (ms): torch_total=5.57, torch_gemm_only=3.80, torch_rs_only=2.17, v2_total=6.20, v2_gemm_only=4.83, v2_rs_only=3.34, v2_internal_overlap=24.12%, v2_speedup_vs_torch=0.90, v2_speedup_vs_old=nan, chunk_rows=512, num_chunks=4, active_chunk_window=4, stage_slots=4, comm_lanes=2, n_bands=1, frontier_chunks=1
W0828 19:50:03.257000 26527 site-packages/torch/distributed/run.py:766] 
W0828 19:50:03.257000 26527 site-packages/torch/distributed/run.py:766] *****************************************
W0828 19:50:03.257000 26527 site-packages/torch/distributed/run.py:766] Setting OMP_NUM_THREADS environment variable for each process to be 1 in default, to avoid your system being overloaded, please further tune the variable for optimal performance in your application as needed. 
W0828 19:50:03.257000 26527 site-packages/torch/distributed/run.py:766] *****************************************
<frozen importlib._bootstrap_external>:1301: FutureWarning: The cuda.cuda module is deprecated and will be removed in a future release, please switch to use the cuda.bindings.driver module instead.
<frozen importlib._bootstrap_external>:1301: FutureWarning: The cuda.cudart module is deprecated and will be removed in a future release, please switch to use the cuda.bindings.runtime module instead.
<frozen importlib._bootstrap_external>:1301: FutureWarning: The cuda.cuda module is deprecated and will be removed in a future release, please switch to use the cuda.bindings.driver module instead.
<frozen importlib._bootstrap_external>:1301: FutureWarning: The cuda.cudart module is deprecated and will be removed in a future release, please switch to use the cuda.bindings.runtime module instead.
<frozen importlib._bootstrap_external>:1301: FutureWarning: The cuda.cuda module is deprecated and will be removed in a future release, please switch to use the cuda.bindings.driver module instead.
<frozen importlib._bootstrap_external>:1301: FutureWarning: The cuda.cudart module is deprecated and will be removed in a future release, please switch to use the cuda.bindings.runtime module instead.
<frozen importlib._bootstrap_external>:1301: FutureWarning: The cuda.cuda module is deprecated and will be removed in a future release, please switch to use the cuda.bindings.driver module instead.
<frozen importlib._bootstrap_external>:1301: FutureWarning: The cuda.cudart module is deprecated and will be removed in a future release, please switch to use the cuda.bindings.runtime module instead.
/root/Triton-distributed/python/triton_dist/kernels/nvidia/comm_perf_model.py:78: UserWarning: can not get max bandwidth of interface bonding_masters, return 0...
  warnings.warn(f"can not get max bandwidth of interface {interface}, return 0...")
/root/Triton-distributed/python/triton_dist/kernels/nvidia/comm_perf_model.py:78: UserWarning: can not get max bandwidth of interface bonding_masters, return 0...
  warnings.warn(f"can not get max bandwidth of interface {interface}, return 0...")
/root/Triton-distributed/python/triton_dist/kernels/nvidia/comm_perf_model.py:78: UserWarning: can not get max bandwidth of interface bonding_masters, return 0...
  warnings.warn(f"can not get max bandwidth of interface {interface}, return 0...")
/root/Triton-distributed/python/triton_dist/kernels/nvidia/comm_perf_model.py:78: UserWarning: can not get max bandwidth of interface bonding_masters, return 0...
  warnings.warn(f"can not get max bandwidth of interface {interface}, return 0...")
[search][coarse] candidate 26/128: max_total=6.3500 ms, mean_total=6.1900 ms, speedup_mean=0.8975, speedup_min=0.8700, overlap_mean=25.08%, lead_ratio=1.000 | chunk=512, window=4, stage=4, steady_sms=6, tail_sms=12, lanes=2, bands=1, frontier=1
[custom] test shape: M 8192, N 29568, K 8192
✅ all close!
✅ all close!
✅ all close!
✅ all close!
Rank 0 [custom] latency (ms): torch_total=5.55, torch_gemm_only=3.74, torch_rs_only=2.15, v2_total=6.12, v2_gemm_only=4.82, v2_rs_only=2.79, v2_internal_overlap=19.62%, v2_speedup_vs_torch=0.91, v2_speedup_vs_old=nan, chunk_rows=512, num_chunks=4, active_chunk_window=4, stage_slots=4, comm_lanes=1, n_bands=1, frontier_chunks=1
Rank 1 [custom] latency (ms): torch_total=5.55, torch_gemm_only=3.74, torch_rs_only=2.16, v2_total=6.25, v2_gemm_only=4.83, v2_rs_only=2.78, v2_internal_overlap=17.93%, v2_speedup_vs_torch=0.89, v2_speedup_vs_old=nan, chunk_rows=512, num_chunks=4, active_chunk_window=4, stage_slots=4, comm_lanes=1, n_bands=1, frontier_chunks=1
Rank 2 [custom] latency (ms): torch_total=5.55, torch_gemm_only=3.72, torch_rs_only=2.17, v2_total=5.98, v2_gemm_only=4.85, v2_rs_only=2.87, v2_internal_overlap=22.56%, v2_speedup_vs_torch=0.93, v2_speedup_vs_old=nan, chunk_rows=512, num_chunks=4, active_chunk_window=4, stage_slots=4, comm_lanes=1, n_bands=1, frontier_chunks=1
Rank 3 [custom] latency (ms): torch_total=5.56, torch_gemm_only=3.78, torch_rs_only=2.08, v2_total=5.97, v2_gemm_only=4.93, v2_rs_only=2.83, v2_internal_overlap=23.08%, v2_speedup_vs_torch=0.93, v2_speedup_vs_old=nan, chunk_rows=512, num_chunks=4, active_chunk_window=4, stage_slots=4, comm_lanes=1, n_bands=1, frontier_chunks=1
W0828 19:50:14.251000 27179 site-packages/torch/distributed/run.py:766] 
W0828 19:50:14.251000 27179 site-packages/torch/distributed/run.py:766] *****************************************
W0828 19:50:14.251000 27179 site-packages/torch/distributed/run.py:766] Setting OMP_NUM_THREADS environment variable for each process to be 1 in default, to avoid your system being overloaded, please further tune the variable for optimal performance in your application as needed. 
W0828 19:50:14.251000 27179 site-packages/torch/distributed/run.py:766] *****************************************
<frozen importlib._bootstrap_external>:1301: FutureWarning: The cuda.cuda module is deprecated and will be removed in a future release, please switch to use the cuda.bindings.driver module instead.
<frozen importlib._bootstrap_external>:1301: FutureWarning: The cuda.cudart module is deprecated and will be removed in a future release, please switch to use the cuda.bindings.runtime module instead.
<frozen importlib._bootstrap_external>:1301: FutureWarning: The cuda.cuda module is deprecated and will be removed in a future release, please switch to use the cuda.bindings.driver module instead.
<frozen importlib._bootstrap_external>:1301: FutureWarning: The cuda.cudart module is deprecated and will be removed in a future release, please switch to use the cuda.bindings.runtime module instead.
<frozen importlib._bootstrap_external>:1301: FutureWarning: The cuda.cuda module is deprecated and will be removed in a future release, please switch to use the cuda.bindings.driver module instead.
<frozen importlib._bootstrap_external>:1301: FutureWarning: The cuda.cudart module is deprecated and will be removed in a future release, please switch to use the cuda.bindings.runtime module instead.
<frozen importlib._bootstrap_external>:1301: FutureWarning: The cuda.cuda module is deprecated and will be removed in a future release, please switch to use the cuda.bindings.driver module instead.
<frozen importlib._bootstrap_external>:1301: FutureWarning: The cuda.cudart module is deprecated and will be removed in a future release, please switch to use the cuda.bindings.runtime module instead.
/root/Triton-distributed/python/triton_dist/kernels/nvidia/comm_perf_model.py:78: UserWarning: can not get max bandwidth of interface bonding_masters, return 0...
  warnings.warn(f"can not get max bandwidth of interface {interface}, return 0...")
/root/Triton-distributed/python/triton_dist/kernels/nvidia/comm_perf_model.py:78: UserWarning: can not get max bandwidth of interface bonding_masters, return 0...
  warnings.warn(f"can not get max bandwidth of interface {interface}, return 0...")
/root/Triton-distributed/python/triton_dist/kernels/nvidia/comm_perf_model.py:78: UserWarning: can not get max bandwidth of interface bonding_masters, return 0...
  warnings.warn(f"can not get max bandwidth of interface {interface}, return 0...")
/root/Triton-distributed/python/triton_dist/kernels/nvidia/comm_perf_model.py:78: UserWarning: can not get max bandwidth of interface bonding_masters, return 0...
  warnings.warn(f"can not get max bandwidth of interface {interface}, return 0...")
[search][coarse] candidate 27/128: max_total=6.2500 ms, mean_total=6.0800 ms, speedup_mean=0.9150, speedup_min=0.8900, overlap_mean=20.80%, lead_ratio=1.000 | chunk=512, window=4, stage=4, steady_sms=6, tail_sms=16, lanes=1, bands=1, frontier=1
[custom] test shape: M 8192, N 29568, K 8192
✅ all close!
✅ all close!
✅ all close!
✅ all close!
Rank 0 [custom] latency (ms): torch_total=5.57, torch_gemm_only=3.72, torch_rs_only=2.05, v2_total=6.11, v2_gemm_only=4.85, v2_rs_only=3.28, v2_internal_overlap=24.76%, v2_speedup_vs_torch=0.91, v2_speedup_vs_old=nan, chunk_rows=512, num_chunks=4, active_chunk_window=4, stage_slots=4, comm_lanes=2, n_bands=1, frontier_chunks=1
Rank 1 [custom] latency (ms): torch_total=5.56, torch_gemm_only=3.74, torch_rs_only=2.03, v2_total=6.13, v2_gemm_only=4.83, v2_rs_only=3.17, v2_internal_overlap=23.39%, v2_speedup_vs_torch=0.91, v2_speedup_vs_old=nan, chunk_rows=512, num_chunks=4, active_chunk_window=4, stage_slots=4, comm_lanes=2, n_bands=1, frontier_chunks=1
Rank 2 [custom] latency (ms): torch_total=5.57, torch_gemm_only=3.73, torch_rs_only=2.04, v2_total=5.97, v2_gemm_only=4.85, v2_rs_only=3.20, v2_internal_overlap=25.90%, v2_speedup_vs_torch=0.93, v2_speedup_vs_old=nan, chunk_rows=512, num_chunks=4, active_chunk_window=4, stage_slots=4, comm_lanes=2, n_bands=1, frontier_chunks=1
Rank 3 [custom] latency (ms): torch_total=5.59, torch_gemm_only=3.79, torch_rs_only=2.04, v2_total=6.07, v2_gemm_only=4.87, v2_rs_only=3.30, v2_internal_overlap=25.64%, v2_speedup_vs_torch=0.92, v2_speedup_vs_old=nan, chunk_rows=512, num_chunks=4, active_chunk_window=4, stage_slots=4, comm_lanes=2, n_bands=1, frontier_chunks=1
W0828 19:50:25.310000 27847 site-packages/torch/distributed/run.py:766] 
W0828 19:50:25.310000 27847 site-packages/torch/distributed/run.py:766] *****************************************
W0828 19:50:25.310000 27847 site-packages/torch/distributed/run.py:766] Setting OMP_NUM_THREADS environment variable for each process to be 1 in default, to avoid your system being overloaded, please further tune the variable for optimal performance in your application as needed. 
W0828 19:50:25.310000 27847 site-packages/torch/distributed/run.py:766] *****************************************
<frozen importlib._bootstrap_external>:1301: FutureWarning: The cuda.cuda module is deprecated and will be removed in a future release, please switch to use the cuda.bindings.driver module instead.
<frozen importlib._bootstrap_external>:1301: FutureWarning: The cuda.cudart module is deprecated and will be removed in a future release, please switch to use the cuda.bindings.runtime module instead.
<frozen importlib._bootstrap_external>:1301: FutureWarning: The cuda.cuda module is deprecated and will be removed in a future release, please switch to use the cuda.bindings.driver module instead.
<frozen importlib._bootstrap_external>:1301: FutureWarning: The cuda.cudart module is deprecated and will be removed in a future release, please switch to use the cuda.bindings.runtime module instead.
<frozen importlib._bootstrap_external>:1301: FutureWarning: The cuda.cuda module is deprecated and will be removed in a future release, please switch to use the cuda.bindings.driver module instead.
<frozen importlib._bootstrap_external>:1301: FutureWarning: The cuda.cudart module is deprecated and will be removed in a future release, please switch to use the cuda.bindings.runtime module instead.
<frozen importlib._bootstrap_external>:1301: FutureWarning: The cuda.cuda module is deprecated and will be removed in a future release, please switch to use the cuda.bindings.driver module instead.
<frozen importlib._bootstrap_external>:1301: FutureWarning: The cuda.cudart module is deprecated and will be removed in a future release, please switch to use the cuda.bindings.runtime module instead.
/root/Triton-distributed/python/triton_dist/kernels/nvidia/comm_perf_model.py:78: UserWarning: can not get max bandwidth of interface bonding_masters, return 0...
  warnings.warn(f"can not get max bandwidth of interface {interface}, return 0...")
/root/Triton-distributed/python/triton_dist/kernels/nvidia/comm_perf_model.py:78: UserWarning: can not get max bandwidth of interface bonding_masters, return 0...
  warnings.warn(f"can not get max bandwidth of interface {interface}, return 0...")
/root/Triton-distributed/python/triton_dist/kernels/nvidia/comm_perf_model.py:78: UserWarning: can not get max bandwidth of interface bonding_masters, return 0...
  warnings.warn(f"can not get max bandwidth of interface {interface}, return 0...")
/root/Triton-distributed/python/triton_dist/kernels/nvidia/comm_perf_model.py:78: UserWarning: can not get max bandwidth of interface bonding_masters, return 0...
  warnings.warn(f"can not get max bandwidth of interface {interface}, return 0...")
[search][coarse] candidate 28/128: max_total=6.1300 ms, mean_total=6.0700 ms, speedup_mean=0.9175, speedup_min=0.9100, overlap_mean=24.92%, lead_ratio=1.000 | chunk=512, window=4, stage=4, steady_sms=6, tail_sms=16, lanes=2, bands=1, frontier=1
[custom] test shape: M 8192, N 29568, K 8192
✅ all close!
✅ all close!
✅ all close!
✅ all close!
W0828 19:50:36.377000 28504 site-packages/torch/distributed/run.py:766] 
W0828 19:50:36.377000 28504 site-packages/torch/distributed/run.py:766] *****************************************
W0828 19:50:36.377000 28504 site-packages/torch/distributed/run.py:766] Setting OMP_NUM_THREADS environment variable for each process to be 1 in default, to avoid your system being overloaded, please further tune the variable for optimal performance in your application as needed. 
W0828 19:50:36.377000 28504 site-packages/torch/distributed/run.py:766] *****************************************
<frozen importlib._bootstrap_external>:1301: FutureWarning: The cuda.cuda module is deprecated and will be removed in a future release, please switch to use the cuda.bindings.driver module instead.
<frozen importlib._bootstrap_external>:1301: FutureWarning: The cuda.cudart module is deprecated and will be removed in a future release, please switch to use the cuda.bindings.runtime module instead.
<frozen importlib._bootstrap_external>:1301: FutureWarning: The cuda.cuda module is deprecated and will be removed in a future release, please switch to use the cuda.bindings.driver module instead.
<frozen importlib._bootstrap_external>:1301: FutureWarning: The cuda.cudart module is deprecated and will be removed in a future release, please switch to use the cuda.bindings.runtime module instead.
<frozen importlib._bootstrap_external>:1301: FutureWarning: The cuda.cuda module is deprecated and will be removed in a future release, please switch to use the cuda.bindings.driver module instead.
<frozen importlib._bootstrap_external>:1301: FutureWarning: The cuda.cudart module is deprecated and will be removed in a future release, please switch to use the cuda.bindings.runtime module instead.
<frozen importlib._bootstrap_external>:1301: FutureWarning: The cuda.cuda module is deprecated and will be removed in a future release, please switch to use the cuda.bindings.driver module instead.
<frozen importlib._bootstrap_external>:1301: FutureWarning: The cuda.cudart module is deprecated and will be removed in a future release, please switch to use the cuda.bindings.runtime module instead.
/root/Triton-distributed/python/triton_dist/kernels/nvidia/comm_perf_model.py:78: UserWarning: can not get max bandwidth of interface bonding_masters, return 0...
  warnings.warn(f"can not get max bandwidth of interface {interface}, return 0...")
/root/Triton-distributed/python/triton_dist/kernels/nvidia/comm_perf_model.py:78: UserWarning: can not get max bandwidth of interface bonding_masters, return 0...
  warnings.warn(f"can not get max bandwidth of interface {interface}, return 0...")
/root/Triton-distributed/python/triton_dist/kernels/nvidia/comm_perf_model.py:78: UserWarning: can not get max bandwidth of interface bonding_masters, return 0...
  warnings.warn(f"can not get max bandwidth of interface {interface}, return 0...")
/root/Triton-distributed/python/triton_dist/kernels/nvidia/comm_perf_model.py:78: UserWarning: can not get max bandwidth of interface bonding_masters, return 0...
  warnings.warn(f"can not get max bandwidth of interface {interface}, return 0...")
W0828 19:52:04.850000 28504 site-packages/torch/distributed/elastic/agent/server/api.py:719] Received 15 death signal, shutting down workers
W0828 19:52:04.853000 28504 site-packages/torch/distributed/elastic/multiprocessing/api.py:900] Sending process 28569 closing signal SIGTERM
W0828 19:52:04.855000 28504 site-packages/torch/distributed/elastic/multiprocessing/api.py:900] Sending process 28570 closing signal SIGTERM
W0828 19:52:04.855000 28504 site-packages/torch/distributed/elastic/multiprocessing/api.py:900] Sending process 28571 closing signal SIGTERM
W0828 19:52:04.856000 28504 site-packages/torch/distributed/elastic/multiprocessing/api.py:900] Sending process 28572 closing signal SIGTERM
Traceback (most recent call last):
  File "/root/miniconda3/bin/torchrun", line 7, in <module>
    sys.exit(main())
             ^^^^^^
  File "/root/miniconda3/lib/python3.12/site-packages/torch/distributed/elastic/multiprocessing/errors/__init__.py", line 355, in wrapper
    return f(*args, **kwargs)
           ^^^^^^^^^^^^^^^^^^
  File "/root/miniconda3/lib/python3.12/site-packages/torch/distributed/run.py", line 892, in main
    run(args)
  File "/root/miniconda3/lib/python3.12/site-packages/torch/distributed/run.py", line 883, in run
    elastic_launch(
  File "/root/miniconda3/lib/python3.12/site-packages/torch/distributed/launcher/api.py", line 139, in __call__
    return launch_agent(self._config, self._entrypoint, list(args))
           ^^^^^^^^^^^^^^^^^^^^^^^^^^^^^^^^^^^^^^^^^^^^^^^^^^^^^^^^
  File "/root/miniconda3/lib/python3.12/site-packages/torch/distributed/launcher/api.py", line 261, in launch_agent
    result = agent.run()
             ^^^^^^^^^^^
  File "/root/miniconda3/lib/python3.12/site-packages/torch/distributed/elastic/metrics/api.py", line 138, in wrapper
    result = f(*args, **kwargs)
             ^^^^^^^^^^^^^^^^^^
  File "/root/miniconda3/lib/python3.12/site-packages/torch/distributed/elastic/agent/server/api.py", line 711, in run
    result = self._invoke_run(role)
             ^^^^^^^^^^^^^^^^^^^^^^
  File "/root/miniconda3/lib/python3.12/site-packages/torch/distributed/elastic/agent/server/api.py", line 870, in _invoke_run
    time.sleep(monitor_interval)
  File "/root/miniconda3/lib/python3.12/site-packages/torch/distributed/elastic/multiprocessing/api.py", line 84, in _terminate_process_handler
    raise SignalException(f"Process {os.getpid()} got signal: {sigval}", sigval=sigval)
torch.distributed.elastic.multiprocessing.api.SignalException: Process 28504 got signal: 15
[search] candidate timed out after 90.0s
[search][coarse] candidate 29/128 failed(rc=124): chunk=512, window=4, stage=4, steady_sms=6, tail_sms=20, lanes=1, bands=1, frontier=1
[custom] test shape: M 8192, N 29568, K 8192
✅ all close!
✅ all close!
✅ all close!
✅ all close!
Rank 0 [custom] latency (ms): torch_total=5.58, torch_gemm_only=3.73, torch_rs_only=1.99, v2_total=6.08, v2_gemm_only=4.87, v2_rs_only=3.29, v2_internal_overlap=25.53%, v2_speedup_vs_torch=0.92, v2_speedup_vs_old=nan, chunk_rows=512, num_chunks=4, active_chunk_window=4, stage_slots=4, comm_lanes=2, n_bands=1, frontier_chunks=1
Rank 1 [custom] latency (ms): torch_total=5.56, torch_gemm_only=3.73, torch_rs_only=2.00, v2_total=6.15, v2_gemm_only=4.83, v2_rs_only=3.21, v2_internal_overlap=23.51%, v2_speedup_vs_torch=0.90, v2_speedup_vs_old=nan, chunk_rows=512, num_chunks=4, active_chunk_window=4, stage_slots=4, comm_lanes=2, n_bands=1, frontier_chunks=1
Rank 2 [custom] latency (ms): torch_total=5.56, torch_gemm_only=3.74, torch_rs_only=2.01, v2_total=5.97, v2_gemm_only=4.85, v2_rs_only=3.16, v2_internal_overlap=25.49%, v2_speedup_vs_torch=0.93, v2_speedup_vs_old=nan, chunk_rows=512, num_chunks=4, active_chunk_window=4, stage_slots=4, comm_lanes=2, n_bands=1, frontier_chunks=1
Rank 3 [custom] latency (ms): torch_total=5.57, torch_gemm_only=3.80, torch_rs_only=2.00, v2_total=5.99, v2_gemm_only=4.90, v2_rs_only=3.28, v2_internal_overlap=26.78%, v2_speedup_vs_torch=0.93, v2_speedup_vs_old=nan, chunk_rows=512, num_chunks=4, active_chunk_window=4, stage_slots=4, comm_lanes=2, n_bands=1, frontier_chunks=1
W0828 19:52:07.769000 29033 site-packages/torch/distributed/run.py:766] 
W0828 19:52:07.769000 29033 site-packages/torch/distributed/run.py:766] *****************************************
W0828 19:52:07.769000 29033 site-packages/torch/distributed/run.py:766] Setting OMP_NUM_THREADS environment variable for each process to be 1 in default, to avoid your system being overloaded, please further tune the variable for optimal performance in your application as needed. 
W0828 19:52:07.769000 29033 site-packages/torch/distributed/run.py:766] *****************************************
<frozen importlib._bootstrap_external>:1301: FutureWarning: The cuda.cuda module is deprecated and will be removed in a future release, please switch to use the cuda.bindings.driver module instead.
<frozen importlib._bootstrap_external>:1301: FutureWarning: The cuda.cudart module is deprecated and will be removed in a future release, please switch to use the cuda.bindings.runtime module instead.
<frozen importlib._bootstrap_external>:1301: FutureWarning: The cuda.cuda module is deprecated and will be removed in a future release, please switch to use the cuda.bindings.driver module instead.
<frozen importlib._bootstrap_external>:1301: FutureWarning: The cuda.cudart module is deprecated and will be removed in a future release, please switch to use the cuda.bindings.runtime module instead.
<frozen importlib._bootstrap_external>:1301: FutureWarning: The cuda.cuda module is deprecated and will be removed in a future release, please switch to use the cuda.bindings.driver module instead.
<frozen importlib._bootstrap_external>:1301: FutureWarning: The cuda.cudart module is deprecated and will be removed in a future release, please switch to use the cuda.bindings.runtime module instead.
<frozen importlib._bootstrap_external>:1301: FutureWarning: The cuda.cuda module is deprecated and will be removed in a future release, please switch to use the cuda.bindings.driver module instead.
<frozen importlib._bootstrap_external>:1301: FutureWarning: The cuda.cudart module is deprecated and will be removed in a future release, please switch to use the cuda.bindings.runtime module instead.
/root/Triton-distributed/python/triton_dist/kernels/nvidia/comm_perf_model.py:78: UserWarning: can not get max bandwidth of interface bonding_masters, return 0...
  warnings.warn(f"can not get max bandwidth of interface {interface}, return 0...")
/root/Triton-distributed/python/triton_dist/kernels/nvidia/comm_perf_model.py:78: UserWarning: can not get max bandwidth of interface bonding_masters, return 0...
  warnings.warn(f"can not get max bandwidth of interface {interface}, return 0...")
/root/Triton-distributed/python/triton_dist/kernels/nvidia/comm_perf_model.py:78: UserWarning: can not get max bandwidth of interface bonding_masters, return 0...
  warnings.warn(f"can not get max bandwidth of interface {interface}, return 0...")
/root/Triton-distributed/python/triton_dist/kernels/nvidia/comm_perf_model.py:78: UserWarning: can not get max bandwidth of interface bonding_masters, return 0...
  warnings.warn(f"can not get max bandwidth of interface {interface}, return 0...")
[search][coarse] candidate 30/128: max_total=6.1500 ms, mean_total=6.0475 ms, speedup_mean=0.9200, speedup_min=0.9000, overlap_mean=25.33%, lead_ratio=1.000 | chunk=512, window=4, stage=4, steady_sms=6, tail_sms=20, lanes=2, bands=1, frontier=1
[custom] test shape: M 8192, N 29568, K 8192
✅ all close!
✅ all close!
✅ all close!
✅ all close!
Rank 0 [custom] latency (ms): torch_total=5.56, torch_gemm_only=3.74, torch_rs_only=2.05, v2_total=6.16, v2_gemm_only=4.82, v2_rs_only=2.92, v2_internal_overlap=20.42%, v2_speedup_vs_torch=0.90, v2_speedup_vs_old=nan, chunk_rows=512, num_chunks=4, active_chunk_window=4, stage_slots=4, comm_lanes=1, n_bands=1, frontier_chunks=1
Rank 1 [custom] latency (ms): torch_total=5.55, torch_gemm_only=3.76, torch_rs_only=2.05, v2_total=6.52, v2_gemm_only=5.39, v2_rs_only=3.10, v2_internal_overlap=23.17%, v2_speedup_vs_torch=0.85, v2_speedup_vs_old=nan, chunk_rows=512, num_chunks=4, active_chunk_window=4, stage_slots=4, comm_lanes=1, n_bands=1, frontier_chunks=1
Rank 2 [custom] latency (ms): torch_total=5.55, torch_gemm_only=3.75, torch_rs_only=2.06, v2_total=5.99, v2_gemm_only=4.85, v2_rs_only=3.02, v2_internal_overlap=23.86%, v2_speedup_vs_torch=0.93, v2_speedup_vs_old=nan, chunk_rows=512, num_chunks=4, active_chunk_window=4, stage_slots=4, comm_lanes=1, n_bands=1, frontier_chunks=1
Rank 3 [custom] latency (ms): torch_total=5.57, torch_gemm_only=3.78, torch_rs_only=2.03, v2_total=6.12, v2_gemm_only=4.83, v2_rs_only=2.89, v2_internal_overlap=20.72%, v2_speedup_vs_torch=0.91, v2_speedup_vs_old=nan, chunk_rows=512, num_chunks=4, active_chunk_window=4, stage_slots=4, comm_lanes=1, n_bands=1, frontier_chunks=1
W0828 19:52:18.773000 29685 site-packages/torch/distributed/run.py:766] 
W0828 19:52:18.773000 29685 site-packages/torch/distributed/run.py:766] *****************************************
W0828 19:52:18.773000 29685 site-packages/torch/distributed/run.py:766] Setting OMP_NUM_THREADS environment variable for each process to be 1 in default, to avoid your system being overloaded, please further tune the variable for optimal performance in your application as needed. 
W0828 19:52:18.773000 29685 site-packages/torch/distributed/run.py:766] *****************************************
<frozen importlib._bootstrap_external>:1301: FutureWarning: The cuda.cuda module is deprecated and will be removed in a future release, please switch to use the cuda.bindings.driver module instead.
<frozen importlib._bootstrap_external>:1301: FutureWarning: The cuda.cudart module is deprecated and will be removed in a future release, please switch to use the cuda.bindings.runtime module instead.
<frozen importlib._bootstrap_external>:1301: FutureWarning: The cuda.cuda module is deprecated and will be removed in a future release, please switch to use the cuda.bindings.driver module instead.
<frozen importlib._bootstrap_external>:1301: FutureWarning: The cuda.cudart module is deprecated and will be removed in a future release, please switch to use the cuda.bindings.runtime module instead.
<frozen importlib._bootstrap_external>:1301: FutureWarning: The cuda.cuda module is deprecated and will be removed in a future release, please switch to use the cuda.bindings.driver module instead.
<frozen importlib._bootstrap_external>:1301: FutureWarning: The cuda.cudart module is deprecated and will be removed in a future release, please switch to use the cuda.bindings.runtime module instead.
<frozen importlib._bootstrap_external>:1301: FutureWarning: The cuda.cuda module is deprecated and will be removed in a future release, please switch to use the cuda.bindings.driver module instead.
<frozen importlib._bootstrap_external>:1301: FutureWarning: The cuda.cudart module is deprecated and will be removed in a future release, please switch to use the cuda.bindings.runtime module instead.
/root/Triton-distributed/python/triton_dist/kernels/nvidia/comm_perf_model.py:78: UserWarning: can not get max bandwidth of interface bonding_masters, return 0...
  warnings.warn(f"can not get max bandwidth of interface {interface}, return 0...")
/root/Triton-distributed/python/triton_dist/kernels/nvidia/comm_perf_model.py:78: UserWarning: can not get max bandwidth of interface bonding_masters, return 0...
  warnings.warn(f"can not get max bandwidth of interface {interface}, return 0...")
/root/Triton-distributed/python/triton_dist/kernels/nvidia/comm_perf_model.py:78: UserWarning: can not get max bandwidth of interface bonding_masters, return 0...
  warnings.warn(f"can not get max bandwidth of interface {interface}, return 0...")
/root/Triton-distributed/python/triton_dist/kernels/nvidia/comm_perf_model.py:78: UserWarning: can not get max bandwidth of interface bonding_masters, return 0...
  warnings.warn(f"can not get max bandwidth of interface {interface}, return 0...")
[search][coarse] candidate 31/128: max_total=6.5200 ms, mean_total=6.1975 ms, speedup_mean=0.8975, speedup_min=0.8500, overlap_mean=22.04%, lead_ratio=1.000 | chunk=512, window=4, stage=4, steady_sms=6, tail_sms=24, lanes=1, bands=1, frontier=1
[custom] test shape: M 8192, N 29568, K 8192
✅ all close!
✅ all close!
✅ all close!
✅ all close!
Rank 0 [custom] latency (ms): torch_total=5.57, torch_gemm_only=3.74, torch_rs_only=2.03, v2_total=6.14, v2_gemm_only=4.82, v2_rs_only=3.25, v2_internal_overlap=23.85%, v2_speedup_vs_torch=0.91, v2_speedup_vs_old=nan, chunk_rows=512, num_chunks=4, active_chunk_window=4, stage_slots=4, comm_lanes=2, n_bands=1, frontier_chunks=1
Rank 1 [custom] latency (ms): torch_total=5.55, torch_gemm_only=3.74, torch_rs_only=2.05, v2_total=6.22, v2_gemm_only=4.83, v2_rs_only=3.20, v2_internal_overlap=22.56%, v2_speedup_vs_torch=0.89, v2_speedup_vs_old=nan, chunk_rows=512, num_chunks=4, active_chunk_window=4, stage_slots=4, comm_lanes=2, n_bands=1, frontier_chunks=1
Rank 2 [custom] latency (ms): torch_total=5.55, torch_gemm_only=3.73, torch_rs_only=2.06, v2_total=6.08, v2_gemm_only=4.85, v2_rs_only=3.17, v2_internal_overlap=24.26%, v2_speedup_vs_torch=0.91, v2_speedup_vs_old=nan, chunk_rows=512, num_chunks=4, active_chunk_window=4, stage_slots=4, comm_lanes=2, n_bands=1, frontier_chunks=1
Rank 3 [custom] latency (ms): torch_total=5.58, torch_gemm_only=3.77, torch_rs_only=2.05, v2_total=6.24, v2_gemm_only=4.91, v2_rs_only=3.15, v2_internal_overlap=22.57%, v2_speedup_vs_torch=0.89, v2_speedup_vs_old=nan, chunk_rows=512, num_chunks=4, active_chunk_window=4, stage_slots=4, comm_lanes=2, n_bands=1, frontier_chunks=1
W0828 19:52:29.718000 30353 site-packages/torch/distributed/run.py:766] 
W0828 19:52:29.718000 30353 site-packages/torch/distributed/run.py:766] *****************************************
W0828 19:52:29.718000 30353 site-packages/torch/distributed/run.py:766] Setting OMP_NUM_THREADS environment variable for each process to be 1 in default, to avoid your system being overloaded, please further tune the variable for optimal performance in your application as needed. 
W0828 19:52:29.718000 30353 site-packages/torch/distributed/run.py:766] *****************************************
<frozen importlib._bootstrap_external>:1301: FutureWarning: The cuda.cuda module is deprecated and will be removed in a future release, please switch to use the cuda.bindings.driver module instead.
<frozen importlib._bootstrap_external>:1301: FutureWarning: The cuda.cudart module is deprecated and will be removed in a future release, please switch to use the cuda.bindings.runtime module instead.
<frozen importlib._bootstrap_external>:1301: FutureWarning: The cuda.cuda module is deprecated and will be removed in a future release, please switch to use the cuda.bindings.driver module instead.
<frozen importlib._bootstrap_external>:1301: FutureWarning: The cuda.cudart module is deprecated and will be removed in a future release, please switch to use the cuda.bindings.runtime module instead.
<frozen importlib._bootstrap_external>:1301: FutureWarning: The cuda.cuda module is deprecated and will be removed in a future release, please switch to use the cuda.bindings.driver module instead.
<frozen importlib._bootstrap_external>:1301: FutureWarning: The cuda.cudart module is deprecated and will be removed in a future release, please switch to use the cuda.bindings.runtime module instead.
<frozen importlib._bootstrap_external>:1301: FutureWarning: The cuda.cuda module is deprecated and will be removed in a future release, please switch to use the cuda.bindings.driver module instead.
<frozen importlib._bootstrap_external>:1301: FutureWarning: The cuda.cudart module is deprecated and will be removed in a future release, please switch to use the cuda.bindings.runtime module instead.
/root/Triton-distributed/python/triton_dist/kernels/nvidia/comm_perf_model.py:78: UserWarning: can not get max bandwidth of interface bonding_masters, return 0...
  warnings.warn(f"can not get max bandwidth of interface {interface}, return 0...")
/root/Triton-distributed/python/triton_dist/kernels/nvidia/comm_perf_model.py:78: UserWarning: can not get max bandwidth of interface bonding_masters, return 0...
  warnings.warn(f"can not get max bandwidth of interface {interface}, return 0...")
/root/Triton-distributed/python/triton_dist/kernels/nvidia/comm_perf_model.py:78: UserWarning: can not get max bandwidth of interface bonding_masters, return 0...
  warnings.warn(f"can not get max bandwidth of interface {interface}, return 0...")
/root/Triton-distributed/python/triton_dist/kernels/nvidia/comm_perf_model.py:78: UserWarning: can not get max bandwidth of interface bonding_masters, return 0...
  warnings.warn(f"can not get max bandwidth of interface {interface}, return 0...")
[search][coarse] candidate 32/128: max_total=6.2400 ms, mean_total=6.1700 ms, speedup_mean=0.9000, speedup_min=0.8900, overlap_mean=23.31%, lead_ratio=1.000 | chunk=512, window=4, stage=4, steady_sms=6, tail_sms=24, lanes=2, bands=1, frontier=1
[custom] test shape: M 8192, N 29568, K 8192
✅ all close!
✅ all close!
✅ all close!
✅ all close!
Rank 0 [custom] latency (ms): torch_total=5.55, torch_gemm_only=3.74, torch_rs_only=2.03, v2_total=7.14, v2_gemm_only=4.82, v2_rs_only=3.17, v2_internal_overlap=10.65%, v2_speedup_vs_torch=0.78, v2_speedup_vs_old=nan, chunk_rows=512, num_chunks=4, active_chunk_window=4, stage_slots=2, comm_lanes=1, n_bands=1, frontier_chunks=2
Rank 1 [custom] latency (ms): torch_total=5.53, torch_gemm_only=3.74, torch_rs_only=2.06, v2_total=7.25, v2_gemm_only=4.83, v2_rs_only=3.17, v2_internal_overlap=9.41%, v2_speedup_vs_torch=0.76, v2_speedup_vs_old=nan, chunk_rows=512, num_chunks=4, active_chunk_window=4, stage_slots=2, comm_lanes=1, n_bands=1, frontier_chunks=2
Rank 2 [custom] latency (ms): torch_total=5.54, torch_gemm_only=3.73, torch_rs_only=2.06, v2_total=6.59, v2_gemm_only=4.85, v2_rs_only=3.07, v2_internal_overlap=16.74%, v2_speedup_vs_torch=0.84, v2_speedup_vs_old=nan, chunk_rows=512, num_chunks=4, active_chunk_window=4, stage_slots=2, comm_lanes=1, n_bands=1, frontier_chunks=2
Rank 3 [custom] latency (ms): torch_total=5.57, torch_gemm_only=3.79, torch_rs_only=2.06, v2_total=6.96, v2_gemm_only=4.86, v2_rs_only=3.13, v2_internal_overlap=12.86%, v2_speedup_vs_torch=0.80, v2_speedup_vs_old=nan, chunk_rows=512, num_chunks=4, active_chunk_window=4, stage_slots=2, comm_lanes=1, n_bands=1, frontier_chunks=2
W0828 19:52:40.599000 31012 site-packages/torch/distributed/run.py:766] 
W0828 19:52:40.599000 31012 site-packages/torch/distributed/run.py:766] *****************************************
W0828 19:52:40.599000 31012 site-packages/torch/distributed/run.py:766] Setting OMP_NUM_THREADS environment variable for each process to be 1 in default, to avoid your system being overloaded, please further tune the variable for optimal performance in your application as needed. 
W0828 19:52:40.599000 31012 site-packages/torch/distributed/run.py:766] *****************************************
<frozen importlib._bootstrap_external>:1301: FutureWarning: The cuda.cuda module is deprecated and will be removed in a future release, please switch to use the cuda.bindings.driver module instead.
<frozen importlib._bootstrap_external>:1301: FutureWarning: The cuda.cudart module is deprecated and will be removed in a future release, please switch to use the cuda.bindings.runtime module instead.
<frozen importlib._bootstrap_external>:1301: FutureWarning: The cuda.cuda module is deprecated and will be removed in a future release, please switch to use the cuda.bindings.driver module instead.
<frozen importlib._bootstrap_external>:1301: FutureWarning: The cuda.cudart module is deprecated and will be removed in a future release, please switch to use the cuda.bindings.runtime module instead.
<frozen importlib._bootstrap_external>:1301: FutureWarning: The cuda.cuda module is deprecated and will be removed in a future release, please switch to use the cuda.bindings.driver module instead.
<frozen importlib._bootstrap_external>:1301: FutureWarning: The cuda.cudart module is deprecated and will be removed in a future release, please switch to use the cuda.bindings.runtime module instead.
<frozen importlib._bootstrap_external>:1301: FutureWarning: The cuda.cuda module is deprecated and will be removed in a future release, please switch to use the cuda.bindings.driver module instead.
<frozen importlib._bootstrap_external>:1301: FutureWarning: The cuda.cudart module is deprecated and will be removed in a future release, please switch to use the cuda.bindings.runtime module instead.
/root/Triton-distributed/python/triton_dist/kernels/nvidia/comm_perf_model.py:78: UserWarning: can not get max bandwidth of interface bonding_masters, return 0...
  warnings.warn(f"can not get max bandwidth of interface {interface}, return 0...")
/root/Triton-distributed/python/triton_dist/kernels/nvidia/comm_perf_model.py:78: UserWarning: can not get max bandwidth of interface bonding_masters, return 0...
  warnings.warn(f"can not get max bandwidth of interface {interface}, return 0...")
/root/Triton-distributed/python/triton_dist/kernels/nvidia/comm_perf_model.py:78: UserWarning: can not get max bandwidth of interface bonding_masters, return 0...
  warnings.warn(f"can not get max bandwidth of interface {interface}, return 0...")
/root/Triton-distributed/python/triton_dist/kernels/nvidia/comm_perf_model.py:78: UserWarning: can not get max bandwidth of interface bonding_masters, return 0...
  warnings.warn(f"can not get max bandwidth of interface {interface}, return 0...")
[search][coarse] candidate 33/128: max_total=7.2500 ms, mean_total=6.9850 ms, speedup_mean=0.7950, speedup_min=0.7600, overlap_mean=12.41%, lead_ratio=2.000 | chunk=512, window=4, stage=2, steady_sms=4, tail_sms=12, lanes=1, bands=1, frontier=2
[custom] test shape: M 8192, N 29568, K 8192
✅ all close!
✅ all close!
✅ all close!
✅ all close!
Rank 0 [custom] latency (ms): torch_total=5.56, torch_gemm_only=3.75, torch_rs_only=2.04, v2_total=6.69, v2_gemm_only=4.83, v2_rs_only=3.49, v2_internal_overlap=19.50%, v2_speedup_vs_torch=0.83, v2_speedup_vs_old=nan, chunk_rows=512, num_chunks=4, active_chunk_window=4, stage_slots=2, comm_lanes=2, n_bands=1, frontier_chunks=2
Rank 1 [custom] latency (ms): torch_total=5.54, torch_gemm_only=3.74, torch_rs_only=2.04, v2_total=7.29, v2_gemm_only=4.84, v2_rs_only=3.60, v2_internal_overlap=13.52%, v2_speedup_vs_torch=0.76, v2_speedup_vs_old=nan, chunk_rows=512, num_chunks=4, active_chunk_window=4, stage_slots=2, comm_lanes=2, n_bands=1, frontier_chunks=2
Rank 2 [custom] latency (ms): torch_total=5.56, torch_gemm_only=3.73, torch_rs_only=2.03, v2_total=6.42, v2_gemm_only=4.83, v2_rs_only=3.54, v2_internal_overlap=23.28%, v2_speedup_vs_torch=0.87, v2_speedup_vs_old=nan, chunk_rows=512, num_chunks=4, active_chunk_window=4, stage_slots=2, comm_lanes=2, n_bands=1, frontier_chunks=2
Rank 3 [custom] latency (ms): torch_total=5.57, torch_gemm_only=3.78, torch_rs_only=2.02, v2_total=7.10, v2_gemm_only=4.83, v2_rs_only=3.51, v2_internal_overlap=14.96%, v2_speedup_vs_torch=0.78, v2_speedup_vs_old=nan, chunk_rows=512, num_chunks=4, active_chunk_window=4, stage_slots=2, comm_lanes=2, n_bands=1, frontier_chunks=2
W0828 19:52:51.754000 31666 site-packages/torch/distributed/run.py:766] 
W0828 19:52:51.754000 31666 site-packages/torch/distributed/run.py:766] *****************************************
W0828 19:52:51.754000 31666 site-packages/torch/distributed/run.py:766] Setting OMP_NUM_THREADS environment variable for each process to be 1 in default, to avoid your system being overloaded, please further tune the variable for optimal performance in your application as needed. 
W0828 19:52:51.754000 31666 site-packages/torch/distributed/run.py:766] *****************************************
<frozen importlib._bootstrap_external>:1301: FutureWarning: The cuda.cuda module is deprecated and will be removed in a future release, please switch to use the cuda.bindings.driver module instead.
<frozen importlib._bootstrap_external>:1301: FutureWarning: The cuda.cudart module is deprecated and will be removed in a future release, please switch to use the cuda.bindings.runtime module instead.
<frozen importlib._bootstrap_external>:1301: FutureWarning: The cuda.cuda module is deprecated and will be removed in a future release, please switch to use the cuda.bindings.driver module instead.
<frozen importlib._bootstrap_external>:1301: FutureWarning: The cuda.cudart module is deprecated and will be removed in a future release, please switch to use the cuda.bindings.runtime module instead.
<frozen importlib._bootstrap_external>:1301: FutureWarning: The cuda.cuda module is deprecated and will be removed in a future release, please switch to use the cuda.bindings.driver module instead.
<frozen importlib._bootstrap_external>:1301: FutureWarning: The cuda.cudart module is deprecated and will be removed in a future release, please switch to use the cuda.bindings.runtime module instead.
<frozen importlib._bootstrap_external>:1301: FutureWarning: The cuda.cuda module is deprecated and will be removed in a future release, please switch to use the cuda.bindings.driver module instead.
<frozen importlib._bootstrap_external>:1301: FutureWarning: The cuda.cudart module is deprecated and will be removed in a future release, please switch to use the cuda.bindings.runtime module instead.
/root/Triton-distributed/python/triton_dist/kernels/nvidia/comm_perf_model.py:78: UserWarning: can not get max bandwidth of interface bonding_masters, return 0...
  warnings.warn(f"can not get max bandwidth of interface {interface}, return 0...")
/root/Triton-distributed/python/triton_dist/kernels/nvidia/comm_perf_model.py:78: UserWarning: can not get max bandwidth of interface bonding_masters, return 0...
  warnings.warn(f"can not get max bandwidth of interface {interface}, return 0...")
/root/Triton-distributed/python/triton_dist/kernels/nvidia/comm_perf_model.py:78: UserWarning: can not get max bandwidth of interface bonding_masters, return 0...
  warnings.warn(f"can not get max bandwidth of interface {interface}, return 0...")
/root/Triton-distributed/python/triton_dist/kernels/nvidia/comm_perf_model.py:78: UserWarning: can not get max bandwidth of interface bonding_masters, return 0...
  warnings.warn(f"can not get max bandwidth of interface {interface}, return 0...")
[search][coarse] candidate 34/128: max_total=7.2900 ms, mean_total=6.8750 ms, speedup_mean=0.8100, speedup_min=0.7600, overlap_mean=17.82%, lead_ratio=2.000 | chunk=512, window=4, stage=2, steady_sms=4, tail_sms=12, lanes=2, bands=1, frontier=2
[custom] test shape: M 8192, N 29568, K 8192
✅ all close!
✅ all close!
✅ all close!
✅ all close!
Rank 0 [custom] latency (ms): torch_total=5.55, torch_gemm_only=3.74, torch_rs_only=2.10, v2_total=7.15, v2_gemm_only=4.83, v2_rs_only=3.13, v2_internal_overlap=10.11%, v2_speedup_vs_torch=0.78, v2_speedup_vs_old=nan, chunk_rows=512, num_chunks=4, active_chunk_window=4, stage_slots=2, comm_lanes=1, n_bands=1, frontier_chunks=2
Rank 1 [custom] latency (ms): torch_total=5.55, torch_gemm_only=3.73, torch_rs_only=2.06, v2_total=7.26, v2_gemm_only=4.84, v2_rs_only=3.13, v2_internal_overlap=8.81%, v2_speedup_vs_torch=0.76, v2_speedup_vs_old=nan, chunk_rows=512, num_chunks=4, active_chunk_window=4, stage_slots=2, comm_lanes=1, n_bands=1, frontier_chunks=2
Rank 2 [custom] latency (ms): torch_total=5.56, torch_gemm_only=3.74, torch_rs_only=2.09, v2_total=6.51, v2_gemm_only=4.83, v2_rs_only=3.07, v2_internal_overlap=17.63%, v2_speedup_vs_torch=0.85, v2_speedup_vs_old=nan, chunk_rows=512, num_chunks=4, active_chunk_window=4, stage_slots=2, comm_lanes=1, n_bands=1, frontier_chunks=2
Rank 3 [custom] latency (ms): torch_total=5.56, torch_gemm_only=3.77, torch_rs_only=2.11, v2_total=6.95, v2_gemm_only=4.86, v2_rs_only=3.07, v2_internal_overlap=12.35%, v2_speedup_vs_torch=0.80, v2_speedup_vs_old=nan, chunk_rows=512, num_chunks=4, active_chunk_window=4, stage_slots=2, comm_lanes=1, n_bands=1, frontier_chunks=2
W0828 19:53:02.523000 32336 site-packages/torch/distributed/run.py:766] 
W0828 19:53:02.523000 32336 site-packages/torch/distributed/run.py:766] *****************************************
W0828 19:53:02.523000 32336 site-packages/torch/distributed/run.py:766] Setting OMP_NUM_THREADS environment variable for each process to be 1 in default, to avoid your system being overloaded, please further tune the variable for optimal performance in your application as needed. 
W0828 19:53:02.523000 32336 site-packages/torch/distributed/run.py:766] *****************************************
<frozen importlib._bootstrap_external>:1301: FutureWarning: The cuda.cuda module is deprecated and will be removed in a future release, please switch to use the cuda.bindings.driver module instead.
<frozen importlib._bootstrap_external>:1301: FutureWarning: The cuda.cudart module is deprecated and will be removed in a future release, please switch to use the cuda.bindings.runtime module instead.
<frozen importlib._bootstrap_external>:1301: FutureWarning: The cuda.cuda module is deprecated and will be removed in a future release, please switch to use the cuda.bindings.driver module instead.
<frozen importlib._bootstrap_external>:1301: FutureWarning: The cuda.cudart module is deprecated and will be removed in a future release, please switch to use the cuda.bindings.runtime module instead.
<frozen importlib._bootstrap_external>:1301: FutureWarning: The cuda.cuda module is deprecated and will be removed in a future release, please switch to use the cuda.bindings.driver module instead.
<frozen importlib._bootstrap_external>:1301: FutureWarning: The cuda.cudart module is deprecated and will be removed in a future release, please switch to use the cuda.bindings.runtime module instead.
<frozen importlib._bootstrap_external>:1301: FutureWarning: The cuda.cuda module is deprecated and will be removed in a future release, please switch to use the cuda.bindings.driver module instead.
<frozen importlib._bootstrap_external>:1301: FutureWarning: The cuda.cudart module is deprecated and will be removed in a future release, please switch to use the cuda.bindings.runtime module instead.
/root/Triton-distributed/python/triton_dist/kernels/nvidia/comm_perf_model.py:78: UserWarning: can not get max bandwidth of interface bonding_masters, return 0...
  warnings.warn(f"can not get max bandwidth of interface {interface}, return 0...")
/root/Triton-distributed/python/triton_dist/kernels/nvidia/comm_perf_model.py:78: UserWarning: can not get max bandwidth of interface bonding_masters, return 0...
  warnings.warn(f"can not get max bandwidth of interface {interface}, return 0...")
/root/Triton-distributed/python/triton_dist/kernels/nvidia/comm_perf_model.py:78: UserWarning: can not get max bandwidth of interface bonding_masters, return 0...
  warnings.warn(f"can not get max bandwidth of interface {interface}, return 0...")
/root/Triton-distributed/python/triton_dist/kernels/nvidia/comm_perf_model.py:78: UserWarning: can not get max bandwidth of interface bonding_masters, return 0...
  warnings.warn(f"can not get max bandwidth of interface {interface}, return 0...")
[search][coarse] candidate 35/128: max_total=7.2600 ms, mean_total=6.9675 ms, speedup_mean=0.7975, speedup_min=0.7600, overlap_mean=12.22%, lead_ratio=2.000 | chunk=512, window=4, stage=2, steady_sms=4, tail_sms=16, lanes=1, bands=1, frontier=2
[custom] test shape: M 8192, N 29568, K 8192
✅ all close!
✅ all close!
✅ all close!
✅ all close!
Rank 0 [custom] latency (ms): torch_total=5.56, torch_gemm_only=3.73, torch_rs_only=2.07, v2_total=6.71, v2_gemm_only=4.82, v2_rs_only=3.44, v2_internal_overlap=18.87%, v2_speedup_vs_torch=0.83, v2_speedup_vs_old=nan, chunk_rows=512, num_chunks=4, active_chunk_window=4, stage_slots=2, comm_lanes=2, n_bands=1, frontier_chunks=2
Rank 1 [custom] latency (ms): torch_total=5.54, torch_gemm_only=3.75, torch_rs_only=2.08, v2_total=7.26, v2_gemm_only=4.83, v2_rs_only=3.45, v2_internal_overlap=12.28%, v2_speedup_vs_torch=0.76, v2_speedup_vs_old=nan, chunk_rows=512, num_chunks=4, active_chunk_window=4, stage_slots=2, comm_lanes=2, n_bands=1, frontier_chunks=2
Rank 2 [custom] latency (ms): torch_total=5.55, torch_gemm_only=3.73, torch_rs_only=2.10, v2_total=6.43, v2_gemm_only=4.85, v2_rs_only=3.50, v2_internal_overlap=23.04%, v2_speedup_vs_torch=0.86, v2_speedup_vs_old=nan, chunk_rows=512, num_chunks=4, active_chunk_window=4, stage_slots=2, comm_lanes=2, n_bands=1, frontier_chunks=2
Rank 3 [custom] latency (ms): torch_total=5.56, torch_gemm_only=3.78, torch_rs_only=2.07, v2_total=7.07, v2_gemm_only=4.83, v2_rs_only=3.36, v2_internal_overlap=13.74%, v2_speedup_vs_torch=0.79, v2_speedup_vs_old=nan, chunk_rows=512, num_chunks=4, active_chunk_window=4, stage_slots=2, comm_lanes=2, n_bands=1, frontier_chunks=2
W0828 19:53:13.269000 32992 site-packages/torch/distributed/run.py:766] 
W0828 19:53:13.269000 32992 site-packages/torch/distributed/run.py:766] *****************************************
W0828 19:53:13.269000 32992 site-packages/torch/distributed/run.py:766] Setting OMP_NUM_THREADS environment variable for each process to be 1 in default, to avoid your system being overloaded, please further tune the variable for optimal performance in your application as needed. 
W0828 19:53:13.269000 32992 site-packages/torch/distributed/run.py:766] *****************************************
<frozen importlib._bootstrap_external>:1301: FutureWarning: The cuda.cuda module is deprecated and will be removed in a future release, please switch to use the cuda.bindings.driver module instead.
<frozen importlib._bootstrap_external>:1301: FutureWarning: The cuda.cudart module is deprecated and will be removed in a future release, please switch to use the cuda.bindings.runtime module instead.
<frozen importlib._bootstrap_external>:1301: FutureWarning: The cuda.cuda module is deprecated and will be removed in a future release, please switch to use the cuda.bindings.driver module instead.
<frozen importlib._bootstrap_external>:1301: FutureWarning: The cuda.cudart module is deprecated and will be removed in a future release, please switch to use the cuda.bindings.runtime module instead.
<frozen importlib._bootstrap_external>:1301: FutureWarning: The cuda.cuda module is deprecated and will be removed in a future release, please switch to use the cuda.bindings.driver module instead.
<frozen importlib._bootstrap_external>:1301: FutureWarning: The cuda.cudart module is deprecated and will be removed in a future release, please switch to use the cuda.bindings.runtime module instead.
<frozen importlib._bootstrap_external>:1301: FutureWarning: The cuda.cuda module is deprecated and will be removed in a future release, please switch to use the cuda.bindings.driver module instead.
<frozen importlib._bootstrap_external>:1301: FutureWarning: The cuda.cudart module is deprecated and will be removed in a future release, please switch to use the cuda.bindings.runtime module instead.
/root/Triton-distributed/python/triton_dist/kernels/nvidia/comm_perf_model.py:78: UserWarning: can not get max bandwidth of interface bonding_masters, return 0...
  warnings.warn(f"can not get max bandwidth of interface {interface}, return 0...")
/root/Triton-distributed/python/triton_dist/kernels/nvidia/comm_perf_model.py:78: UserWarning: can not get max bandwidth of interface bonding_masters, return 0...
  warnings.warn(f"can not get max bandwidth of interface {interface}, return 0...")
/root/Triton-distributed/python/triton_dist/kernels/nvidia/comm_perf_model.py:78: UserWarning: can not get max bandwidth of interface bonding_masters, return 0...
  warnings.warn(f"can not get max bandwidth of interface {interface}, return 0...")
/root/Triton-distributed/python/triton_dist/kernels/nvidia/comm_perf_model.py:78: UserWarning: can not get max bandwidth of interface bonding_masters, return 0...
  warnings.warn(f"can not get max bandwidth of interface {interface}, return 0...")
[search][coarse] candidate 36/128: max_total=7.2600 ms, mean_total=6.8675 ms, speedup_mean=0.8100, speedup_min=0.7600, overlap_mean=16.98%, lead_ratio=2.000 | chunk=512, window=4, stage=2, steady_sms=4, tail_sms=16, lanes=2, bands=1, frontier=2
[custom] test shape: M 8192, N 29568, K 8192
✅ all close!
✅ all close!
✅ all close!
✅ all close!
Rank 0 [custom] latency (ms): torch_total=5.58, torch_gemm_only=3.74, torch_rs_only=2.08, v2_total=7.14, v2_gemm_only=4.82, v2_rs_only=3.11, v2_internal_overlap=9.94%, v2_speedup_vs_torch=0.78, v2_speedup_vs_old=nan, chunk_rows=512, num_chunks=4, active_chunk_window=4, stage_slots=2, comm_lanes=1, n_bands=1, frontier_chunks=2
Rank 1 [custom] latency (ms): torch_total=5.57, torch_gemm_only=3.73, torch_rs_only=2.08, v2_total=7.27, v2_gemm_only=4.83, v2_rs_only=3.13, v2_internal_overlap=8.80%, v2_speedup_vs_torch=0.77, v2_speedup_vs_old=nan, chunk_rows=512, num_chunks=4, active_chunk_window=4, stage_slots=2, comm_lanes=1, n_bands=1, frontier_chunks=2
Rank 2 [custom] latency (ms): torch_total=5.56, torch_gemm_only=3.73, torch_rs_only=2.07, v2_total=6.47, v2_gemm_only=4.85, v2_rs_only=3.10, v2_internal_overlap=18.65%, v2_speedup_vs_torch=0.86, v2_speedup_vs_old=nan, chunk_rows=512, num_chunks=4, active_chunk_window=4, stage_slots=2, comm_lanes=1, n_bands=1, frontier_chunks=2
Rank 3 [custom] latency (ms): torch_total=5.58, torch_gemm_only=3.79, torch_rs_only=2.08, v2_total=6.93, v2_gemm_only=4.86, v2_rs_only=3.14, v2_internal_overlap=13.34%, v2_speedup_vs_torch=0.80, v2_speedup_vs_old=nan, chunk_rows=512, num_chunks=4, active_chunk_window=4, stage_slots=2, comm_lanes=1, n_bands=1, frontier_chunks=2
W0828 19:53:24.050000 33643 site-packages/torch/distributed/run.py:766] 
W0828 19:53:24.050000 33643 site-packages/torch/distributed/run.py:766] *****************************************
W0828 19:53:24.050000 33643 site-packages/torch/distributed/run.py:766] Setting OMP_NUM_THREADS environment variable for each process to be 1 in default, to avoid your system being overloaded, please further tune the variable for optimal performance in your application as needed. 
W0828 19:53:24.050000 33643 site-packages/torch/distributed/run.py:766] *****************************************
<frozen importlib._bootstrap_external>:1301: FutureWarning: The cuda.cuda module is deprecated and will be removed in a future release, please switch to use the cuda.bindings.driver module instead.
<frozen importlib._bootstrap_external>:1301: FutureWarning: The cuda.cudart module is deprecated and will be removed in a future release, please switch to use the cuda.bindings.runtime module instead.
<frozen importlib._bootstrap_external>:1301: FutureWarning: The cuda.cuda module is deprecated and will be removed in a future release, please switch to use the cuda.bindings.driver module instead.
<frozen importlib._bootstrap_external>:1301: FutureWarning: The cuda.cudart module is deprecated and will be removed in a future release, please switch to use the cuda.bindings.runtime module instead.
<frozen importlib._bootstrap_external>:1301: FutureWarning: The cuda.cuda module is deprecated and will be removed in a future release, please switch to use the cuda.bindings.driver module instead.
<frozen importlib._bootstrap_external>:1301: FutureWarning: The cuda.cudart module is deprecated and will be removed in a future release, please switch to use the cuda.bindings.runtime module instead.
<frozen importlib._bootstrap_external>:1301: FutureWarning: The cuda.cuda module is deprecated and will be removed in a future release, please switch to use the cuda.bindings.driver module instead.
<frozen importlib._bootstrap_external>:1301: FutureWarning: The cuda.cudart module is deprecated and will be removed in a future release, please switch to use the cuda.bindings.runtime module instead.
/root/Triton-distributed/python/triton_dist/kernels/nvidia/comm_perf_model.py:78: UserWarning: can not get max bandwidth of interface bonding_masters, return 0...
  warnings.warn(f"can not get max bandwidth of interface {interface}, return 0...")
/root/Triton-distributed/python/triton_dist/kernels/nvidia/comm_perf_model.py:78: UserWarning: can not get max bandwidth of interface bonding_masters, return 0...
  warnings.warn(f"can not get max bandwidth of interface {interface}, return 0...")
/root/Triton-distributed/python/triton_dist/kernels/nvidia/comm_perf_model.py:78: UserWarning: can not get max bandwidth of interface bonding_masters, return 0...
  warnings.warn(f"can not get max bandwidth of interface {interface}, return 0...")
/root/Triton-distributed/python/triton_dist/kernels/nvidia/comm_perf_model.py:78: UserWarning: can not get max bandwidth of interface bonding_masters, return 0...
  warnings.warn(f"can not get max bandwidth of interface {interface}, return 0...")
[search][coarse] candidate 37/128: max_total=7.2700 ms, mean_total=6.9525 ms, speedup_mean=0.8025, speedup_min=0.7700, overlap_mean=12.68%, lead_ratio=2.000 | chunk=512, window=4, stage=2, steady_sms=4, tail_sms=20, lanes=1, bands=1, frontier=2
[custom] test shape: M 8192, N 29568, K 8192
✅ all close!
✅ all close!
✅ all close!
✅ all close!
Rank 0 [custom] latency (ms): torch_total=5.57, torch_gemm_only=3.75, torch_rs_only=2.03, v2_total=6.89, v2_gemm_only=5.15, v2_rs_only=3.71, v2_internal_overlap=22.26%, v2_speedup_vs_torch=0.81, v2_speedup_vs_old=nan, chunk_rows=512, num_chunks=4, active_chunk_window=4, stage_slots=2, comm_lanes=2, n_bands=1, frontier_chunks=2
Rank 1 [custom] latency (ms): torch_total=5.57, torch_gemm_only=3.74, torch_rs_only=2.04, v2_total=7.11, v2_gemm_only=4.83, v2_rs_only=3.45, v2_internal_overlap=14.07%, v2_speedup_vs_torch=0.78, v2_speedup_vs_old=nan, chunk_rows=512, num_chunks=4, active_chunk_window=4, stage_slots=2, comm_lanes=2, n_bands=1, frontier_chunks=2
Rank 2 [custom] latency (ms): torch_total=5.56, torch_gemm_only=3.73, torch_rs_only=2.02, v2_total=6.53, v2_gemm_only=4.83, v2_rs_only=3.51, v2_internal_overlap=21.69%, v2_speedup_vs_torch=0.85, v2_speedup_vs_old=nan, chunk_rows=512, num_chunks=4, active_chunk_window=4, stage_slots=2, comm_lanes=2, n_bands=1, frontier_chunks=2
Rank 3 [custom] latency (ms): torch_total=5.57, torch_gemm_only=3.77, torch_rs_only=2.01, v2_total=7.13, v2_gemm_only=4.83, v2_rs_only=3.59, v2_internal_overlap=15.33%, v2_speedup_vs_torch=0.78, v2_speedup_vs_old=nan, chunk_rows=512, num_chunks=4, active_chunk_window=4, stage_slots=2, comm_lanes=2, n_bands=1, frontier_chunks=2
W0828 19:53:34.916000 34295 site-packages/torch/distributed/run.py:766] 
W0828 19:53:34.916000 34295 site-packages/torch/distributed/run.py:766] *****************************************
W0828 19:53:34.916000 34295 site-packages/torch/distributed/run.py:766] Setting OMP_NUM_THREADS environment variable for each process to be 1 in default, to avoid your system being overloaded, please further tune the variable for optimal performance in your application as needed. 
W0828 19:53:34.916000 34295 site-packages/torch/distributed/run.py:766] *****************************************
<frozen importlib._bootstrap_external>:1301: FutureWarning: The cuda.cuda module is deprecated and will be removed in a future release, please switch to use the cuda.bindings.driver module instead.
<frozen importlib._bootstrap_external>:1301: FutureWarning: The cuda.cudart module is deprecated and will be removed in a future release, please switch to use the cuda.bindings.runtime module instead.
<frozen importlib._bootstrap_external>:1301: FutureWarning: The cuda.cuda module is deprecated and will be removed in a future release, please switch to use the cuda.bindings.driver module instead.
<frozen importlib._bootstrap_external>:1301: FutureWarning: The cuda.cudart module is deprecated and will be removed in a future release, please switch to use the cuda.bindings.runtime module instead.
<frozen importlib._bootstrap_external>:1301: FutureWarning: The cuda.cuda module is deprecated and will be removed in a future release, please switch to use the cuda.bindings.driver module instead.
<frozen importlib._bootstrap_external>:1301: FutureWarning: The cuda.cudart module is deprecated and will be removed in a future release, please switch to use the cuda.bindings.runtime module instead.
<frozen importlib._bootstrap_external>:1301: FutureWarning: The cuda.cuda module is deprecated and will be removed in a future release, please switch to use the cuda.bindings.driver module instead.
<frozen importlib._bootstrap_external>:1301: FutureWarning: The cuda.cudart module is deprecated and will be removed in a future release, please switch to use the cuda.bindings.runtime module instead.
/root/Triton-distributed/python/triton_dist/kernels/nvidia/comm_perf_model.py:78: UserWarning: can not get max bandwidth of interface bonding_masters, return 0...
  warnings.warn(f"can not get max bandwidth of interface {interface}, return 0...")
/root/Triton-distributed/python/triton_dist/kernels/nvidia/comm_perf_model.py:78: UserWarning: can not get max bandwidth of interface bonding_masters, return 0...
  warnings.warn(f"can not get max bandwidth of interface {interface}, return 0...")
/root/Triton-distributed/python/triton_dist/kernels/nvidia/comm_perf_model.py:78: UserWarning: can not get max bandwidth of interface bonding_masters, return 0...
  warnings.warn(f"can not get max bandwidth of interface {interface}, return 0...")
/root/Triton-distributed/python/triton_dist/kernels/nvidia/comm_perf_model.py:78: UserWarning: can not get max bandwidth of interface bonding_masters, return 0...
  warnings.warn(f"can not get max bandwidth of interface {interface}, return 0...")
[search][coarse] candidate 38/128: max_total=7.1300 ms, mean_total=6.9150 ms, speedup_mean=0.8050, speedup_min=0.7800, overlap_mean=18.34%, lead_ratio=2.000 | chunk=512, window=4, stage=2, steady_sms=4, tail_sms=20, lanes=2, bands=1, frontier=2
[custom] test shape: M 8192, N 29568, K 8192
✅ all close!
✅ all close!
✅ all close!
✅ all close!
Rank 0 [custom] latency (ms): torch_total=5.55, torch_gemm_only=3.75, torch_rs_only=2.12, v2_total=7.15, v2_gemm_only=4.83, v2_rs_only=3.14, v2_internal_overlap=10.31%, v2_speedup_vs_torch=0.78, v2_speedup_vs_old=nan, chunk_rows=512, num_chunks=4, active_chunk_window=4, stage_slots=2, comm_lanes=1, n_bands=1, frontier_chunks=2
Rank 1 [custom] latency (ms): torch_total=5.54, torch_gemm_only=3.74, torch_rs_only=2.05, v2_total=7.27, v2_gemm_only=4.84, v2_rs_only=3.19, v2_internal_overlap=9.45%, v2_speedup_vs_torch=0.76, v2_speedup_vs_old=nan, chunk_rows=512, num_chunks=4, active_chunk_window=4, stage_slots=2, comm_lanes=1, n_bands=1, frontier_chunks=2
Rank 2 [custom] latency (ms): torch_total=5.54, torch_gemm_only=3.73, torch_rs_only=2.06, v2_total=6.54, v2_gemm_only=4.85, v2_rs_only=3.16, v2_internal_overlap=18.44%, v2_speedup_vs_torch=0.85, v2_speedup_vs_old=nan, chunk_rows=512, num_chunks=4, active_chunk_window=4, stage_slots=2, comm_lanes=1, n_bands=1, frontier_chunks=2
Rank 3 [custom] latency (ms): torch_total=5.56, torch_gemm_only=3.77, torch_rs_only=2.12, v2_total=7.41, v2_gemm_only=5.51, v2_rs_only=3.24, v2_internal_overlap=15.32%, v2_speedup_vs_torch=0.75, v2_speedup_vs_old=nan, chunk_rows=512, num_chunks=4, active_chunk_window=4, stage_slots=2, comm_lanes=1, n_bands=1, frontier_chunks=2
W0828 19:53:45.765000 34964 site-packages/torch/distributed/run.py:766] 
W0828 19:53:45.765000 34964 site-packages/torch/distributed/run.py:766] *****************************************
W0828 19:53:45.765000 34964 site-packages/torch/distributed/run.py:766] Setting OMP_NUM_THREADS environment variable for each process to be 1 in default, to avoid your system being overloaded, please further tune the variable for optimal performance in your application as needed. 
W0828 19:53:45.765000 34964 site-packages/torch/distributed/run.py:766] *****************************************
<frozen importlib._bootstrap_external>:1301: FutureWarning: The cuda.cuda module is deprecated and will be removed in a future release, please switch to use the cuda.bindings.driver module instead.
<frozen importlib._bootstrap_external>:1301: FutureWarning: The cuda.cudart module is deprecated and will be removed in a future release, please switch to use the cuda.bindings.runtime module instead.
<frozen importlib._bootstrap_external>:1301: FutureWarning: The cuda.cuda module is deprecated and will be removed in a future release, please switch to use the cuda.bindings.driver module instead.
<frozen importlib._bootstrap_external>:1301: FutureWarning: The cuda.cudart module is deprecated and will be removed in a future release, please switch to use the cuda.bindings.runtime module instead.
<frozen importlib._bootstrap_external>:1301: FutureWarning: The cuda.cuda module is deprecated and will be removed in a future release, please switch to use the cuda.bindings.driver module instead.
<frozen importlib._bootstrap_external>:1301: FutureWarning: The cuda.cudart module is deprecated and will be removed in a future release, please switch to use the cuda.bindings.runtime module instead.
<frozen importlib._bootstrap_external>:1301: FutureWarning: The cuda.cuda module is deprecated and will be removed in a future release, please switch to use the cuda.bindings.driver module instead.
<frozen importlib._bootstrap_external>:1301: FutureWarning: The cuda.cudart module is deprecated and will be removed in a future release, please switch to use the cuda.bindings.runtime module instead.
/root/Triton-distributed/python/triton_dist/kernels/nvidia/comm_perf_model.py:78: UserWarning: can not get max bandwidth of interface bonding_masters, return 0...
  warnings.warn(f"can not get max bandwidth of interface {interface}, return 0...")
/root/Triton-distributed/python/triton_dist/kernels/nvidia/comm_perf_model.py:78: UserWarning: can not get max bandwidth of interface bonding_masters, return 0...
  warnings.warn(f"can not get max bandwidth of interface {interface}, return 0...")
/root/Triton-distributed/python/triton_dist/kernels/nvidia/comm_perf_model.py:78: UserWarning: can not get max bandwidth of interface bonding_masters, return 0...
  warnings.warn(f"can not get max bandwidth of interface {interface}, return 0...")
/root/Triton-distributed/python/triton_dist/kernels/nvidia/comm_perf_model.py:78: UserWarning: can not get max bandwidth of interface bonding_masters, return 0...
  warnings.warn(f"can not get max bandwidth of interface {interface}, return 0...")
[search][coarse] candidate 39/128: max_total=7.4100 ms, mean_total=7.0925 ms, speedup_mean=0.7850, speedup_min=0.7500, overlap_mean=13.38%, lead_ratio=2.000 | chunk=512, window=4, stage=2, steady_sms=4, tail_sms=24, lanes=1, bands=1, frontier=2
[custom] test shape: M 8192, N 29568, K 8192
✅ all close!
✅ all close!
✅ all close!
✅ all close!
Rank 0 [custom] latency (ms): torch_total=5.55, torch_gemm_only=3.74, torch_rs_only=2.14, v2_total=6.61, v2_gemm_only=4.82, v2_rs_only=3.42, v2_internal_overlap=19.86%, v2_speedup_vs_torch=0.84, v2_speedup_vs_old=nan, chunk_rows=512, num_chunks=4, active_chunk_window=4, stage_slots=2, comm_lanes=2, n_bands=1, frontier_chunks=2
Rank 1 [custom] latency (ms): torch_total=5.55, torch_gemm_only=3.73, torch_rs_only=2.15, v2_total=7.24, v2_gemm_only=4.83, v2_rs_only=3.44, v2_internal_overlap=12.51%, v2_speedup_vs_torch=0.77, v2_speedup_vs_old=nan, chunk_rows=512, num_chunks=4, active_chunk_window=4, stage_slots=2, comm_lanes=2, n_bands=1, frontier_chunks=2
Rank 2 [custom] latency (ms): torch_total=5.54, torch_gemm_only=3.73, torch_rs_only=2.16, v2_total=6.44, v2_gemm_only=4.85, v2_rs_only=3.50, v2_internal_overlap=22.96%, v2_speedup_vs_torch=0.86, v2_speedup_vs_old=nan, chunk_rows=512, num_chunks=4, active_chunk_window=4, stage_slots=2, comm_lanes=2, n_bands=1, frontier_chunks=2
Rank 3 [custom] latency (ms): torch_total=5.56, torch_gemm_only=3.79, torch_rs_only=2.15, v2_total=7.06, v2_gemm_only=4.82, v2_rs_only=3.56, v2_internal_overlap=15.70%, v2_speedup_vs_torch=0.79, v2_speedup_vs_old=nan, chunk_rows=512, num_chunks=4, active_chunk_window=4, stage_slots=2, comm_lanes=2, n_bands=1, frontier_chunks=2
W0828 19:53:56.836000 35622 site-packages/torch/distributed/run.py:766] 
W0828 19:53:56.836000 35622 site-packages/torch/distributed/run.py:766] *****************************************
W0828 19:53:56.836000 35622 site-packages/torch/distributed/run.py:766] Setting OMP_NUM_THREADS environment variable for each process to be 1 in default, to avoid your system being overloaded, please further tune the variable for optimal performance in your application as needed. 
W0828 19:53:56.836000 35622 site-packages/torch/distributed/run.py:766] *****************************************
<frozen importlib._bootstrap_external>:1301: FutureWarning: The cuda.cuda module is deprecated and will be removed in a future release, please switch to use the cuda.bindings.driver module instead.
<frozen importlib._bootstrap_external>:1301: FutureWarning: The cuda.cudart module is deprecated and will be removed in a future release, please switch to use the cuda.bindings.runtime module instead.
<frozen importlib._bootstrap_external>:1301: FutureWarning: The cuda.cuda module is deprecated and will be removed in a future release, please switch to use the cuda.bindings.driver module instead.
<frozen importlib._bootstrap_external>:1301: FutureWarning: The cuda.cudart module is deprecated and will be removed in a future release, please switch to use the cuda.bindings.runtime module instead.
<frozen importlib._bootstrap_external>:1301: FutureWarning: The cuda.cuda module is deprecated and will be removed in a future release, please switch to use the cuda.bindings.driver module instead.
<frozen importlib._bootstrap_external>:1301: FutureWarning: The cuda.cudart module is deprecated and will be removed in a future release, please switch to use the cuda.bindings.runtime module instead.
<frozen importlib._bootstrap_external>:1301: FutureWarning: The cuda.cuda module is deprecated and will be removed in a future release, please switch to use the cuda.bindings.driver module instead.
<frozen importlib._bootstrap_external>:1301: FutureWarning: The cuda.cudart module is deprecated and will be removed in a future release, please switch to use the cuda.bindings.runtime module instead.
/root/Triton-distributed/python/triton_dist/kernels/nvidia/comm_perf_model.py:78: UserWarning: can not get max bandwidth of interface bonding_masters, return 0...
  warnings.warn(f"can not get max bandwidth of interface {interface}, return 0...")
/root/Triton-distributed/python/triton_dist/kernels/nvidia/comm_perf_model.py:78: UserWarning: can not get max bandwidth of interface bonding_masters, return 0...
  warnings.warn(f"can not get max bandwidth of interface {interface}, return 0...")
/root/Triton-distributed/python/triton_dist/kernels/nvidia/comm_perf_model.py:78: UserWarning: can not get max bandwidth of interface bonding_masters, return 0...
  warnings.warn(f"can not get max bandwidth of interface {interface}, return 0...")
/root/Triton-distributed/python/triton_dist/kernels/nvidia/comm_perf_model.py:78: UserWarning: can not get max bandwidth of interface bonding_masters, return 0...
  warnings.warn(f"can not get max bandwidth of interface {interface}, return 0...")
[search][coarse] candidate 40/128: max_total=7.2400 ms, mean_total=6.8375 ms, speedup_mean=0.8150, speedup_min=0.7700, overlap_mean=17.76%, lead_ratio=2.000 | chunk=512, window=4, stage=2, steady_sms=4, tail_sms=24, lanes=2, bands=1, frontier=2
[custom] test shape: M 8192, N 29568, K 8192
✅ all close!
✅ all close!
✅ all close!
✅ all close!
Rank 0 [custom] latency (ms): torch_total=5.55, torch_gemm_only=3.75, torch_rs_only=2.15, v2_total=6.45, v2_gemm_only=5.21, v2_rs_only=3.15, v2_internal_overlap=22.83%, v2_speedup_vs_torch=0.86, v2_speedup_vs_old=nan, chunk_rows=512, num_chunks=4, active_chunk_window=4, stage_slots=2, comm_lanes=1, n_bands=1, frontier_chunks=2
Rank 1 [custom] latency (ms): torch_total=5.55, torch_gemm_only=3.75, torch_rs_only=2.11, v2_total=6.35, v2_gemm_only=4.83, v2_rs_only=3.04, v2_internal_overlap=19.37%, v2_speedup_vs_torch=0.87, v2_speedup_vs_old=nan, chunk_rows=512, num_chunks=4, active_chunk_window=4, stage_slots=2, comm_lanes=1, n_bands=1, frontier_chunks=2
Rank 2 [custom] latency (ms): torch_total=5.55, torch_gemm_only=3.73, torch_rs_only=2.12, v2_total=6.11, v2_gemm_only=4.83, v2_rs_only=3.07, v2_internal_overlap=22.65%, v2_speedup_vs_torch=0.91, v2_speedup_vs_old=nan, chunk_rows=512, num_chunks=4, active_chunk_window=4, stage_slots=2, comm_lanes=1, n_bands=1, frontier_chunks=2
Rank 3 [custom] latency (ms): torch_total=5.57, torch_gemm_only=3.79, torch_rs_only=2.14, v2_total=6.28, v2_gemm_only=4.83, v2_rs_only=3.07, v2_internal_overlap=20.47%, v2_speedup_vs_torch=0.89, v2_speedup_vs_old=nan, chunk_rows=512, num_chunks=4, active_chunk_window=4, stage_slots=2, comm_lanes=1, n_bands=1, frontier_chunks=2
W0828 19:54:07.595000 36273 site-packages/torch/distributed/run.py:766] 
W0828 19:54:07.595000 36273 site-packages/torch/distributed/run.py:766] *****************************************
W0828 19:54:07.595000 36273 site-packages/torch/distributed/run.py:766] Setting OMP_NUM_THREADS environment variable for each process to be 1 in default, to avoid your system being overloaded, please further tune the variable for optimal performance in your application as needed. 
W0828 19:54:07.595000 36273 site-packages/torch/distributed/run.py:766] *****************************************
<frozen importlib._bootstrap_external>:1301: FutureWarning: The cuda.cuda module is deprecated and will be removed in a future release, please switch to use the cuda.bindings.driver module instead.
<frozen importlib._bootstrap_external>:1301: FutureWarning: The cuda.cudart module is deprecated and will be removed in a future release, please switch to use the cuda.bindings.runtime module instead.
<frozen importlib._bootstrap_external>:1301: FutureWarning: The cuda.cuda module is deprecated and will be removed in a future release, please switch to use the cuda.bindings.driver module instead.
<frozen importlib._bootstrap_external>:1301: FutureWarning: The cuda.cudart module is deprecated and will be removed in a future release, please switch to use the cuda.bindings.runtime module instead.
<frozen importlib._bootstrap_external>:1301: FutureWarning: The cuda.cuda module is deprecated and will be removed in a future release, please switch to use the cuda.bindings.driver module instead.
<frozen importlib._bootstrap_external>:1301: FutureWarning: The cuda.cudart module is deprecated and will be removed in a future release, please switch to use the cuda.bindings.runtime module instead.
<frozen importlib._bootstrap_external>:1301: FutureWarning: The cuda.cuda module is deprecated and will be removed in a future release, please switch to use the cuda.bindings.driver module instead.
<frozen importlib._bootstrap_external>:1301: FutureWarning: The cuda.cudart module is deprecated and will be removed in a future release, please switch to use the cuda.bindings.runtime module instead.
/root/Triton-distributed/python/triton_dist/kernels/nvidia/comm_perf_model.py:78: UserWarning: can not get max bandwidth of interface bonding_masters, return 0...
  warnings.warn(f"can not get max bandwidth of interface {interface}, return 0...")
/root/Triton-distributed/python/triton_dist/kernels/nvidia/comm_perf_model.py:78: UserWarning: can not get max bandwidth of interface bonding_masters, return 0...
  warnings.warn(f"can not get max bandwidth of interface {interface}, return 0...")
/root/Triton-distributed/python/triton_dist/kernels/nvidia/comm_perf_model.py:78: UserWarning: can not get max bandwidth of interface bonding_masters, return 0...
  warnings.warn(f"can not get max bandwidth of interface {interface}, return 0...")
/root/Triton-distributed/python/triton_dist/kernels/nvidia/comm_perf_model.py:78: UserWarning: can not get max bandwidth of interface bonding_masters, return 0...
  warnings.warn(f"can not get max bandwidth of interface {interface}, return 0...")
[search][coarse] candidate 41/128: max_total=6.4500 ms, mean_total=6.2975 ms, speedup_mean=0.8825, speedup_min=0.8600, overlap_mean=21.33%, lead_ratio=2.000 | chunk=512, window=4, stage=2, steady_sms=6, tail_sms=12, lanes=1, bands=1, frontier=2
[custom] test shape: M 8192, N 29568, K 8192
✅ all close!
✅ all close!
✅ all close!
✅ all close!
W0828 19:54:18.388000 36925 site-packages/torch/distributed/run.py:766] 
W0828 19:54:18.388000 36925 site-packages/torch/distributed/run.py:766] *****************************************
W0828 19:54:18.388000 36925 site-packages/torch/distributed/run.py:766] Setting OMP_NUM_THREADS environment variable for each process to be 1 in default, to avoid your system being overloaded, please further tune the variable for optimal performance in your application as needed. 
W0828 19:54:18.388000 36925 site-packages/torch/distributed/run.py:766] *****************************************
<frozen importlib._bootstrap_external>:1301: FutureWarning: The cuda.cuda module is deprecated and will be removed in a future release, please switch to use the cuda.bindings.driver module instead.
<frozen importlib._bootstrap_external>:1301: FutureWarning: The cuda.cudart module is deprecated and will be removed in a future release, please switch to use the cuda.bindings.runtime module instead.
<frozen importlib._bootstrap_external>:1301: FutureWarning: The cuda.cuda module is deprecated and will be removed in a future release, please switch to use the cuda.bindings.driver module instead.
<frozen importlib._bootstrap_external>:1301: FutureWarning: The cuda.cudart module is deprecated and will be removed in a future release, please switch to use the cuda.bindings.runtime module instead.
<frozen importlib._bootstrap_external>:1301: FutureWarning: The cuda.cuda module is deprecated and will be removed in a future release, please switch to use the cuda.bindings.driver module instead.
<frozen importlib._bootstrap_external>:1301: FutureWarning: The cuda.cudart module is deprecated and will be removed in a future release, please switch to use the cuda.bindings.runtime module instead.
<frozen importlib._bootstrap_external>:1301: FutureWarning: The cuda.cuda module is deprecated and will be removed in a future release, please switch to use the cuda.bindings.driver module instead.
<frozen importlib._bootstrap_external>:1301: FutureWarning: The cuda.cudart module is deprecated and will be removed in a future release, please switch to use the cuda.bindings.runtime module instead.
/root/Triton-distributed/python/triton_dist/kernels/nvidia/comm_perf_model.py:78: UserWarning: can not get max bandwidth of interface bonding_masters, return 0...
  warnings.warn(f"can not get max bandwidth of interface {interface}, return 0...")
/root/Triton-distributed/python/triton_dist/kernels/nvidia/comm_perf_model.py:78: UserWarning: can not get max bandwidth of interface bonding_masters, return 0...
  warnings.warn(f"can not get max bandwidth of interface {interface}, return 0...")
/root/Triton-distributed/python/triton_dist/kernels/nvidia/comm_perf_model.py:78: UserWarning: can not get max bandwidth of interface bonding_masters, return 0...
  warnings.warn(f"can not get max bandwidth of interface {interface}, return 0...")
/root/Triton-distributed/python/triton_dist/kernels/nvidia/comm_perf_model.py:78: UserWarning: can not get max bandwidth of interface bonding_masters, return 0...
  warnings.warn(f"can not get max bandwidth of interface {interface}, return 0...")
W0828 19:55:47.041000 36925 site-packages/torch/distributed/elastic/agent/server/api.py:719] Received 15 death signal, shutting down workers
W0828 19:55:47.046000 36925 site-packages/torch/distributed/elastic/multiprocessing/api.py:900] Sending process 36990 closing signal SIGTERM
W0828 19:55:47.047000 36925 site-packages/torch/distributed/elastic/multiprocessing/api.py:900] Sending process 36991 closing signal SIGTERM
W0828 19:55:47.047000 36925 site-packages/torch/distributed/elastic/multiprocessing/api.py:900] Sending process 36992 closing signal SIGTERM
W0828 19:55:47.048000 36925 site-packages/torch/distributed/elastic/multiprocessing/api.py:900] Sending process 36993 closing signal SIGTERM
Traceback (most recent call last):
  File "/root/miniconda3/bin/torchrun", line 7, in <module>
    sys.exit(main())
             ^^^^^^
  File "/root/miniconda3/lib/python3.12/site-packages/torch/distributed/elastic/multiprocessing/errors/__init__.py", line 355, in wrapper
    return f(*args, **kwargs)
           ^^^^^^^^^^^^^^^^^^
  File "/root/miniconda3/lib/python3.12/site-packages/torch/distributed/run.py", line 892, in main
    run(args)
  File "/root/miniconda3/lib/python3.12/site-packages/torch/distributed/run.py", line 883, in run
    elastic_launch(
  File "/root/miniconda3/lib/python3.12/site-packages/torch/distributed/launcher/api.py", line 139, in __call__
    return launch_agent(self._config, self._entrypoint, list(args))
           ^^^^^^^^^^^^^^^^^^^^^^^^^^^^^^^^^^^^^^^^^^^^^^^^^^^^^^^^
  File "/root/miniconda3/lib/python3.12/site-packages/torch/distributed/launcher/api.py", line 261, in launch_agent
    result = agent.run()
             ^^^^^^^^^^^
  File "/root/miniconda3/lib/python3.12/site-packages/torch/distributed/elastic/metrics/api.py", line 138, in wrapper
    result = f(*args, **kwargs)
             ^^^^^^^^^^^^^^^^^^
  File "/root/miniconda3/lib/python3.12/site-packages/torch/distributed/elastic/agent/server/api.py", line 711, in run
    result = self._invoke_run(role)
             ^^^^^^^^^^^^^^^^^^^^^^
  File "/root/miniconda3/lib/python3.12/site-packages/torch/distributed/elastic/agent/server/api.py", line 870, in _invoke_run
    time.sleep(monitor_interval)
  File "/root/miniconda3/lib/python3.12/site-packages/torch/distributed/elastic/multiprocessing/api.py", line 84, in _terminate_process_handler
    raise SignalException(f"Process {os.getpid()} got signal: {sigval}", sigval=sigval)
torch.distributed.elastic.multiprocessing.api.SignalException: Process 36925 got signal: 15
[search] candidate timed out after 90.0s
[search][coarse] candidate 42/128 failed(rc=124): chunk=512, window=4, stage=2, steady_sms=6, tail_sms=12, lanes=2, bands=1, frontier=2
[custom] test shape: M 8192, N 29568, K 8192
✅ all close!
✅ all close!
✅ all close!
✅ all close!
Rank 0 [custom] latency (ms): torch_total=5.56, torch_gemm_only=3.78, torch_rs_only=2.06, v2_total=6.43, v2_gemm_only=4.83, v2_rs_only=2.72, v2_internal_overlap=14.79%, v2_speedup_vs_torch=0.86, v2_speedup_vs_old=nan, chunk_rows=512, num_chunks=4, active_chunk_window=4, stage_slots=2, comm_lanes=1, n_bands=1, frontier_chunks=2
Rank 1 [custom] latency (ms): torch_total=5.54, torch_gemm_only=3.77, torch_rs_only=2.06, v2_total=6.47, v2_gemm_only=4.83, v2_rs_only=2.69, v2_internal_overlap=13.92%, v2_speedup_vs_torch=0.86, v2_speedup_vs_old=nan, chunk_rows=512, num_chunks=4, active_chunk_window=4, stage_slots=2, comm_lanes=1, n_bands=1, frontier_chunks=2
Rank 2 [custom] latency (ms): torch_total=5.54, torch_gemm_only=3.78, torch_rs_only=2.04, v2_total=6.19, v2_gemm_only=4.84, v2_rs_only=2.62, v2_internal_overlap=17.08%, v2_speedup_vs_torch=0.89, v2_speedup_vs_old=nan, chunk_rows=512, num_chunks=4, active_chunk_window=4, stage_slots=2, comm_lanes=1, n_bands=1, frontier_chunks=2
Rank 3 [custom] latency (ms): torch_total=5.56, torch_gemm_only=3.81, torch_rs_only=2.06, v2_total=6.68, v2_gemm_only=4.96, v2_rs_only=2.66, v2_internal_overlap=12.35%, v2_speedup_vs_torch=0.83, v2_speedup_vs_old=nan, chunk_rows=512, num_chunks=4, active_chunk_window=4, stage_slots=2, comm_lanes=1, n_bands=1, frontier_chunks=2
W0828 19:55:49.769000 37383 site-packages/torch/distributed/run.py:766] 
W0828 19:55:49.769000 37383 site-packages/torch/distributed/run.py:766] *****************************************
W0828 19:55:49.769000 37383 site-packages/torch/distributed/run.py:766] Setting OMP_NUM_THREADS environment variable for each process to be 1 in default, to avoid your system being overloaded, please further tune the variable for optimal performance in your application as needed. 
W0828 19:55:49.769000 37383 site-packages/torch/distributed/run.py:766] *****************************************
<frozen importlib._bootstrap_external>:1301: FutureWarning: The cuda.cuda module is deprecated and will be removed in a future release, please switch to use the cuda.bindings.driver module instead.
<frozen importlib._bootstrap_external>:1301: FutureWarning: The cuda.cudart module is deprecated and will be removed in a future release, please switch to use the cuda.bindings.runtime module instead.
<frozen importlib._bootstrap_external>:1301: FutureWarning: The cuda.cuda module is deprecated and will be removed in a future release, please switch to use the cuda.bindings.driver module instead.
<frozen importlib._bootstrap_external>:1301: FutureWarning: The cuda.cudart module is deprecated and will be removed in a future release, please switch to use the cuda.bindings.runtime module instead.
<frozen importlib._bootstrap_external>:1301: FutureWarning: The cuda.cuda module is deprecated and will be removed in a future release, please switch to use the cuda.bindings.driver module instead.
<frozen importlib._bootstrap_external>:1301: FutureWarning: The cuda.cudart module is deprecated and will be removed in a future release, please switch to use the cuda.bindings.runtime module instead.
<frozen importlib._bootstrap_external>:1301: FutureWarning: The cuda.cuda module is deprecated and will be removed in a future release, please switch to use the cuda.bindings.driver module instead.
<frozen importlib._bootstrap_external>:1301: FutureWarning: The cuda.cudart module is deprecated and will be removed in a future release, please switch to use the cuda.bindings.runtime module instead.
/root/Triton-distributed/python/triton_dist/kernels/nvidia/comm_perf_model.py:78: UserWarning: can not get max bandwidth of interface bonding_masters, return 0...
  warnings.warn(f"can not get max bandwidth of interface {interface}, return 0...")
/root/Triton-distributed/python/triton_dist/kernels/nvidia/comm_perf_model.py:78: UserWarning: can not get max bandwidth of interface bonding_masters, return 0...
  warnings.warn(f"can not get max bandwidth of interface {interface}, return 0...")
/root/Triton-distributed/python/triton_dist/kernels/nvidia/comm_perf_model.py:78: UserWarning: can not get max bandwidth of interface bonding_masters, return 0...
  warnings.warn(f"can not get max bandwidth of interface {interface}, return 0...")
/root/Triton-distributed/python/triton_dist/kernels/nvidia/comm_perf_model.py:78: UserWarning: can not get max bandwidth of interface bonding_masters, return 0...
  warnings.warn(f"can not get max bandwidth of interface {interface}, return 0...")
[search][coarse] candidate 43/128: max_total=6.6800 ms, mean_total=6.4425 ms, speedup_mean=0.8600, speedup_min=0.8300, overlap_mean=14.53%, lead_ratio=2.000 | chunk=512, window=4, stage=2, steady_sms=6, tail_sms=16, lanes=1, bands=1, frontier=2
[custom] test shape: M 8192, N 29568, K 8192
✅ all close!
✅ all close!
✅ all close!
✅ all close!
Rank 0 [custom] latency (ms): torch_total=5.56, torch_gemm_only=3.74, torch_rs_only=2.03, v2_total=6.82, v2_gemm_only=5.87, v2_rs_only=3.49, v2_internal_overlap=27.18%, v2_speedup_vs_torch=0.82, v2_speedup_vs_old=nan, chunk_rows=512, num_chunks=4, active_chunk_window=4, stage_slots=2, comm_lanes=2, n_bands=1, frontier_chunks=2
Rank 1 [custom] latency (ms): torch_total=5.55, torch_gemm_only=3.74, torch_rs_only=2.05, v2_total=6.30, v2_gemm_only=4.83, v2_rs_only=3.37, v2_internal_overlap=23.15%, v2_speedup_vs_torch=0.88, v2_speedup_vs_old=nan, chunk_rows=512, num_chunks=4, active_chunk_window=4, stage_slots=2, comm_lanes=2, n_bands=1, frontier_chunks=2
Rank 2 [custom] latency (ms): torch_total=5.55, torch_gemm_only=3.75, torch_rs_only=2.03, v2_total=6.35, v2_gemm_only=4.85, v2_rs_only=3.31, v2_internal_overlap=22.13%, v2_speedup_vs_torch=0.87, v2_speedup_vs_old=nan, chunk_rows=512, num_chunks=4, active_chunk_window=4, stage_slots=2, comm_lanes=2, n_bands=1, frontier_chunks=2
Rank 3 [custom] latency (ms): torch_total=5.57, torch_gemm_only=3.78, torch_rs_only=2.04, v2_total=6.67, v2_gemm_only=4.83, v2_rs_only=3.20, v2_internal_overlap=17.03%, v2_speedup_vs_torch=0.84, v2_speedup_vs_old=nan, chunk_rows=512, num_chunks=4, active_chunk_window=4, stage_slots=2, comm_lanes=2, n_bands=1, frontier_chunks=2
W0828 19:56:00.881000 38052 site-packages/torch/distributed/run.py:766] 
W0828 19:56:00.881000 38052 site-packages/torch/distributed/run.py:766] *****************************************
W0828 19:56:00.881000 38052 site-packages/torch/distributed/run.py:766] Setting OMP_NUM_THREADS environment variable for each process to be 1 in default, to avoid your system being overloaded, please further tune the variable for optimal performance in your application as needed. 
W0828 19:56:00.881000 38052 site-packages/torch/distributed/run.py:766] *****************************************
<frozen importlib._bootstrap_external>:1301: FutureWarning: The cuda.cuda module is deprecated and will be removed in a future release, please switch to use the cuda.bindings.driver module instead.
<frozen importlib._bootstrap_external>:1301: FutureWarning: The cuda.cudart module is deprecated and will be removed in a future release, please switch to use the cuda.bindings.runtime module instead.
<frozen importlib._bootstrap_external>:1301: FutureWarning: The cuda.cuda module is deprecated and will be removed in a future release, please switch to use the cuda.bindings.driver module instead.
<frozen importlib._bootstrap_external>:1301: FutureWarning: The cuda.cudart module is deprecated and will be removed in a future release, please switch to use the cuda.bindings.runtime module instead.
<frozen importlib._bootstrap_external>:1301: FutureWarning: The cuda.cuda module is deprecated and will be removed in a future release, please switch to use the cuda.bindings.driver module instead.
<frozen importlib._bootstrap_external>:1301: FutureWarning: The cuda.cudart module is deprecated and will be removed in a future release, please switch to use the cuda.bindings.runtime module instead.
<frozen importlib._bootstrap_external>:1301: FutureWarning: The cuda.cuda module is deprecated and will be removed in a future release, please switch to use the cuda.bindings.driver module instead.
<frozen importlib._bootstrap_external>:1301: FutureWarning: The cuda.cudart module is deprecated and will be removed in a future release, please switch to use the cuda.bindings.runtime module instead.
/root/Triton-distributed/python/triton_dist/kernels/nvidia/comm_perf_model.py:78: UserWarning: can not get max bandwidth of interface bonding_masters, return 0...
  warnings.warn(f"can not get max bandwidth of interface {interface}, return 0...")
/root/Triton-distributed/python/triton_dist/kernels/nvidia/comm_perf_model.py:78: UserWarning: can not get max bandwidth of interface bonding_masters, return 0...
  warnings.warn(f"can not get max bandwidth of interface {interface}, return 0...")
/root/Triton-distributed/python/triton_dist/kernels/nvidia/comm_perf_model.py:78: UserWarning: can not get max bandwidth of interface bonding_masters, return 0...
  warnings.warn(f"can not get max bandwidth of interface {interface}, return 0...")
/root/Triton-distributed/python/triton_dist/kernels/nvidia/comm_perf_model.py:78: UserWarning: can not get max bandwidth of interface bonding_masters, return 0...
  warnings.warn(f"can not get max bandwidth of interface {interface}, return 0...")
[search][coarse] candidate 44/128: max_total=6.8200 ms, mean_total=6.5350 ms, speedup_mean=0.8525, speedup_min=0.8200, overlap_mean=22.37%, lead_ratio=2.000 | chunk=512, window=4, stage=2, steady_sms=6, tail_sms=16, lanes=2, bands=1, frontier=2
[custom] test shape: M 8192, N 29568, K 8192
✅ all close!
✅ all close!
✅ all close!
✅ all close!
Rank 0 [custom] latency (ms): torch_total=5.57, torch_gemm_only=3.73, torch_rs_only=2.15, v2_total=6.34, v2_gemm_only=4.82, v2_rs_only=2.84, v2_internal_overlap=17.35%, v2_speedup_vs_torch=0.88, v2_speedup_vs_old=nan, chunk_rows=512, num_chunks=4, active_chunk_window=4, stage_slots=2, comm_lanes=1, n_bands=1, frontier_chunks=2
Rank 1 [custom] latency (ms): torch_total=5.56, torch_gemm_only=3.74, torch_rs_only=2.19, v2_total=6.42, v2_gemm_only=4.83, v2_rs_only=2.83, v2_internal_overlap=16.20%, v2_speedup_vs_torch=0.87, v2_speedup_vs_old=nan, chunk_rows=512, num_chunks=4, active_chunk_window=4, stage_slots=2, comm_lanes=1, n_bands=1, frontier_chunks=2
Rank 2 [custom] latency (ms): torch_total=5.58, torch_gemm_only=3.74, torch_rs_only=2.19, v2_total=6.04, v2_gemm_only=4.85, v2_rs_only=2.86, v2_internal_overlap=21.66%, v2_speedup_vs_torch=0.92, v2_speedup_vs_old=nan, chunk_rows=512, num_chunks=4, active_chunk_window=4, stage_slots=2, comm_lanes=1, n_bands=1, frontier_chunks=2
Rank 3 [custom] latency (ms): torch_total=5.58, torch_gemm_only=3.78, torch_rs_only=2.17, v2_total=6.17, v2_gemm_only=4.85, v2_rs_only=2.87, v2_internal_overlap=20.21%, v2_speedup_vs_torch=0.90, v2_speedup_vs_old=nan, chunk_rows=512, num_chunks=4, active_chunk_window=4, stage_slots=2, comm_lanes=1, n_bands=1, frontier_chunks=2
W0828 19:56:11.900000 38709 site-packages/torch/distributed/run.py:766] 
W0828 19:56:11.900000 38709 site-packages/torch/distributed/run.py:766] *****************************************
W0828 19:56:11.900000 38709 site-packages/torch/distributed/run.py:766] Setting OMP_NUM_THREADS environment variable for each process to be 1 in default, to avoid your system being overloaded, please further tune the variable for optimal performance in your application as needed. 
W0828 19:56:11.900000 38709 site-packages/torch/distributed/run.py:766] *****************************************
<frozen importlib._bootstrap_external>:1301: FutureWarning: The cuda.cuda module is deprecated and will be removed in a future release, please switch to use the cuda.bindings.driver module instead.
<frozen importlib._bootstrap_external>:1301: FutureWarning: The cuda.cudart module is deprecated and will be removed in a future release, please switch to use the cuda.bindings.runtime module instead.
<frozen importlib._bootstrap_external>:1301: FutureWarning: The cuda.cuda module is deprecated and will be removed in a future release, please switch to use the cuda.bindings.driver module instead.
<frozen importlib._bootstrap_external>:1301: FutureWarning: The cuda.cudart module is deprecated and will be removed in a future release, please switch to use the cuda.bindings.runtime module instead.
<frozen importlib._bootstrap_external>:1301: FutureWarning: The cuda.cuda module is deprecated and will be removed in a future release, please switch to use the cuda.bindings.driver module instead.
<frozen importlib._bootstrap_external>:1301: FutureWarning: The cuda.cudart module is deprecated and will be removed in a future release, please switch to use the cuda.bindings.runtime module instead.
<frozen importlib._bootstrap_external>:1301: FutureWarning: The cuda.cuda module is deprecated and will be removed in a future release, please switch to use the cuda.bindings.driver module instead.
<frozen importlib._bootstrap_external>:1301: FutureWarning: The cuda.cudart module is deprecated and will be removed in a future release, please switch to use the cuda.bindings.runtime module instead.
/root/Triton-distributed/python/triton_dist/kernels/nvidia/comm_perf_model.py:78: UserWarning: can not get max bandwidth of interface bonding_masters, return 0...
  warnings.warn(f"can not get max bandwidth of interface {interface}, return 0...")
/root/Triton-distributed/python/triton_dist/kernels/nvidia/comm_perf_model.py:78: UserWarning: can not get max bandwidth of interface bonding_masters, return 0...
  warnings.warn(f"can not get max bandwidth of interface {interface}, return 0...")
/root/Triton-distributed/python/triton_dist/kernels/nvidia/comm_perf_model.py:78: UserWarning: can not get max bandwidth of interface bonding_masters, return 0...
  warnings.warn(f"can not get max bandwidth of interface {interface}, return 0...")
/root/Triton-distributed/python/triton_dist/kernels/nvidia/comm_perf_model.py:78: UserWarning: can not get max bandwidth of interface bonding_masters, return 0...
  warnings.warn(f"can not get max bandwidth of interface {interface}, return 0...")
[search][coarse] candidate 45/128: max_total=6.4200 ms, mean_total=6.2425 ms, speedup_mean=0.8925, speedup_min=0.8700, overlap_mean=18.86%, lead_ratio=2.000 | chunk=512, window=4, stage=2, steady_sms=6, tail_sms=20, lanes=1, bands=1, frontier=2
[custom] test shape: M 8192, N 29568, K 8192
✅ all close!
✅ all close!
✅ all close!
✅ all close!
Rank 0 [custom] latency (ms): torch_total=5.57, torch_gemm_only=3.75, torch_rs_only=2.08, v2_total=6.21, v2_gemm_only=4.85, v2_rs_only=3.13, v2_internal_overlap=22.21%, v2_speedup_vs_torch=0.90, v2_speedup_vs_old=nan, chunk_rows=512, num_chunks=4, active_chunk_window=4, stage_slots=2, comm_lanes=2, n_bands=1, frontier_chunks=2
Rank 1 [custom] latency (ms): torch_total=5.56, torch_gemm_only=3.75, torch_rs_only=2.07, v2_total=6.47, v2_gemm_only=4.83, v2_rs_only=3.19, v2_internal_overlap=19.41%, v2_speedup_vs_torch=0.86, v2_speedup_vs_old=nan, chunk_rows=512, num_chunks=4, active_chunk_window=4, stage_slots=2, comm_lanes=2, n_bands=1, frontier_chunks=2
Rank 2 [custom] latency (ms): torch_total=5.56, torch_gemm_only=3.74, torch_rs_only=2.05, v2_total=6.06, v2_gemm_only=4.85, v2_rs_only=3.24, v2_internal_overlap=25.15%, v2_speedup_vs_torch=0.92, v2_speedup_vs_old=nan, chunk_rows=512, num_chunks=4, active_chunk_window=4, stage_slots=2, comm_lanes=2, n_bands=1, frontier_chunks=2
Rank 3 [custom] latency (ms): torch_total=5.57, torch_gemm_only=3.79, torch_rs_only=2.05, v2_total=6.28, v2_gemm_only=4.83, v2_rs_only=3.26, v2_internal_overlap=22.41%, v2_speedup_vs_torch=0.89, v2_speedup_vs_old=nan, chunk_rows=512, num_chunks=4, active_chunk_window=4, stage_slots=2, comm_lanes=2, n_bands=1, frontier_chunks=2
W0828 19:56:22.888000 39360 site-packages/torch/distributed/run.py:766] 
W0828 19:56:22.888000 39360 site-packages/torch/distributed/run.py:766] *****************************************
W0828 19:56:22.888000 39360 site-packages/torch/distributed/run.py:766] Setting OMP_NUM_THREADS environment variable for each process to be 1 in default, to avoid your system being overloaded, please further tune the variable for optimal performance in your application as needed. 
W0828 19:56:22.888000 39360 site-packages/torch/distributed/run.py:766] *****************************************
<frozen importlib._bootstrap_external>:1301: FutureWarning: The cuda.cuda module is deprecated and will be removed in a future release, please switch to use the cuda.bindings.driver module instead.
<frozen importlib._bootstrap_external>:1301: FutureWarning: The cuda.cudart module is deprecated and will be removed in a future release, please switch to use the cuda.bindings.runtime module instead.
<frozen importlib._bootstrap_external>:1301: FutureWarning: The cuda.cuda module is deprecated and will be removed in a future release, please switch to use the cuda.bindings.driver module instead.
<frozen importlib._bootstrap_external>:1301: FutureWarning: The cuda.cudart module is deprecated and will be removed in a future release, please switch to use the cuda.bindings.runtime module instead.
<frozen importlib._bootstrap_external>:1301: FutureWarning: The cuda.cuda module is deprecated and will be removed in a future release, please switch to use the cuda.bindings.driver module instead.
<frozen importlib._bootstrap_external>:1301: FutureWarning: The cuda.cudart module is deprecated and will be removed in a future release, please switch to use the cuda.bindings.runtime module instead.
<frozen importlib._bootstrap_external>:1301: FutureWarning: The cuda.cuda module is deprecated and will be removed in a future release, please switch to use the cuda.bindings.driver module instead.
<frozen importlib._bootstrap_external>:1301: FutureWarning: The cuda.cudart module is deprecated and will be removed in a future release, please switch to use the cuda.bindings.runtime module instead.
/root/Triton-distributed/python/triton_dist/kernels/nvidia/comm_perf_model.py:78: UserWarning: can not get max bandwidth of interface bonding_masters, return 0...
  warnings.warn(f"can not get max bandwidth of interface {interface}, return 0...")
/root/Triton-distributed/python/triton_dist/kernels/nvidia/comm_perf_model.py:78: UserWarning: can not get max bandwidth of interface bonding_masters, return 0...
  warnings.warn(f"can not get max bandwidth of interface {interface}, return 0...")
/root/Triton-distributed/python/triton_dist/kernels/nvidia/comm_perf_model.py:78: UserWarning: can not get max bandwidth of interface bonding_masters, return 0...
  warnings.warn(f"can not get max bandwidth of interface {interface}, return 0...")
/root/Triton-distributed/python/triton_dist/kernels/nvidia/comm_perf_model.py:78: UserWarning: can not get max bandwidth of interface bonding_masters, return 0...
  warnings.warn(f"can not get max bandwidth of interface {interface}, return 0...")
[search][coarse] candidate 46/128: max_total=6.4700 ms, mean_total=6.2550 ms, speedup_mean=0.8925, speedup_min=0.8600, overlap_mean=22.30%, lead_ratio=2.000 | chunk=512, window=4, stage=2, steady_sms=6, tail_sms=20, lanes=2, bands=1, frontier=2
[custom] test shape: M 8192, N 29568, K 8192
✅ all close!
✅ all close!
✅ all close!
✅ all close!
Rank 0 [custom] latency (ms): torch_total=5.60, torch_gemm_only=3.74, torch_rs_only=2.05, v2_total=6.26, v2_gemm_only=4.83, v2_rs_only=2.77, v2_internal_overlap=17.58%, v2_speedup_vs_torch=0.89, v2_speedup_vs_old=nan, chunk_rows=512, num_chunks=4, active_chunk_window=4, stage_slots=2, comm_lanes=1, n_bands=1, frontier_chunks=2
Rank 1 [custom] latency (ms): torch_total=5.61, torch_gemm_only=3.74, torch_rs_only=2.05, v2_total=6.38, v2_gemm_only=4.83, v2_rs_only=2.83, v2_internal_overlap=16.74%, v2_speedup_vs_torch=0.88, v2_speedup_vs_old=nan, chunk_rows=512, num_chunks=4, active_chunk_window=4, stage_slots=2, comm_lanes=1, n_bands=1, frontier_chunks=2
Rank 2 [custom] latency (ms): torch_total=5.61, torch_gemm_only=3.75, torch_rs_only=2.05, v2_total=6.16, v2_gemm_only=5.00, v2_rs_only=2.88, v2_internal_overlap=21.78%, v2_speedup_vs_torch=0.91, v2_speedup_vs_old=nan, chunk_rows=512, num_chunks=4, active_chunk_window=4, stage_slots=2, comm_lanes=1, n_bands=1, frontier_chunks=2
Rank 3 [custom] latency (ms): torch_total=5.62, torch_gemm_only=3.78, torch_rs_only=2.04, v2_total=6.14, v2_gemm_only=4.85, v2_rs_only=2.74, v2_internal_overlap=19.05%, v2_speedup_vs_torch=0.92, v2_speedup_vs_old=nan, chunk_rows=512, num_chunks=4, active_chunk_window=4, stage_slots=2, comm_lanes=1, n_bands=1, frontier_chunks=2
W0828 19:56:33.672000 40012 site-packages/torch/distributed/run.py:766] 
W0828 19:56:33.672000 40012 site-packages/torch/distributed/run.py:766] *****************************************
W0828 19:56:33.672000 40012 site-packages/torch/distributed/run.py:766] Setting OMP_NUM_THREADS environment variable for each process to be 1 in default, to avoid your system being overloaded, please further tune the variable for optimal performance in your application as needed. 
W0828 19:56:33.672000 40012 site-packages/torch/distributed/run.py:766] *****************************************
<frozen importlib._bootstrap_external>:1301: FutureWarning: The cuda.cuda module is deprecated and will be removed in a future release, please switch to use the cuda.bindings.driver module instead.
<frozen importlib._bootstrap_external>:1301: FutureWarning: The cuda.cudart module is deprecated and will be removed in a future release, please switch to use the cuda.bindings.runtime module instead.
<frozen importlib._bootstrap_external>:1301: FutureWarning: The cuda.cuda module is deprecated and will be removed in a future release, please switch to use the cuda.bindings.driver module instead.
<frozen importlib._bootstrap_external>:1301: FutureWarning: The cuda.cudart module is deprecated and will be removed in a future release, please switch to use the cuda.bindings.runtime module instead.
<frozen importlib._bootstrap_external>:1301: FutureWarning: The cuda.cuda module is deprecated and will be removed in a future release, please switch to use the cuda.bindings.driver module instead.
<frozen importlib._bootstrap_external>:1301: FutureWarning: The cuda.cudart module is deprecated and will be removed in a future release, please switch to use the cuda.bindings.runtime module instead.
<frozen importlib._bootstrap_external>:1301: FutureWarning: The cuda.cuda module is deprecated and will be removed in a future release, please switch to use the cuda.bindings.driver module instead.
<frozen importlib._bootstrap_external>:1301: FutureWarning: The cuda.cudart module is deprecated and will be removed in a future release, please switch to use the cuda.bindings.runtime module instead.
/root/Triton-distributed/python/triton_dist/kernels/nvidia/comm_perf_model.py:78: UserWarning: can not get max bandwidth of interface bonding_masters, return 0...
  warnings.warn(f"can not get max bandwidth of interface {interface}, return 0...")
/root/Triton-distributed/python/triton_dist/kernels/nvidia/comm_perf_model.py:78: UserWarning: can not get max bandwidth of interface bonding_masters, return 0...
  warnings.warn(f"can not get max bandwidth of interface {interface}, return 0...")
/root/Triton-distributed/python/triton_dist/kernels/nvidia/comm_perf_model.py:78: UserWarning: can not get max bandwidth of interface bonding_masters, return 0...
  warnings.warn(f"can not get max bandwidth of interface {interface}, return 0...")
/root/Triton-distributed/python/triton_dist/kernels/nvidia/comm_perf_model.py:78: UserWarning: can not get max bandwidth of interface bonding_masters, return 0...
  warnings.warn(f"can not get max bandwidth of interface {interface}, return 0...")
[search][coarse] candidate 47/128: max_total=6.3800 ms, mean_total=6.2350 ms, speedup_mean=0.9000, speedup_min=0.8800, overlap_mean=18.79%, lead_ratio=2.000 | chunk=512, window=4, stage=2, steady_sms=6, tail_sms=24, lanes=1, bands=1, frontier=2
[custom] test shape: M 8192, N 29568, K 8192
✅ all close!
✅ all close!
✅ all close!
✅ all close!
Rank 0 [custom] latency (ms): torch_total=5.57, torch_gemm_only=3.75, torch_rs_only=2.06, v2_total=6.19, v2_gemm_only=4.85, v2_rs_only=3.10, v2_internal_overlap=22.15%, v2_speedup_vs_torch=0.90, v2_speedup_vs_old=nan, chunk_rows=512, num_chunks=4, active_chunk_window=4, stage_slots=2, comm_lanes=2, n_bands=1, frontier_chunks=2
Rank 1 [custom] latency (ms): torch_total=5.57, torch_gemm_only=3.73, torch_rs_only=2.05, v2_total=6.37, v2_gemm_only=4.84, v2_rs_only=3.19, v2_internal_overlap=20.60%, v2_speedup_vs_torch=0.87, v2_speedup_vs_old=nan, chunk_rows=512, num_chunks=4, active_chunk_window=4, stage_slots=2, comm_lanes=2, n_bands=1, frontier_chunks=2
Rank 2 [custom] latency (ms): torch_total=5.55, torch_gemm_only=3.74, torch_rs_only=2.04, v2_total=5.98, v2_gemm_only=4.86, v2_rs_only=3.14, v2_internal_overlap=25.24%, v2_speedup_vs_torch=0.93, v2_speedup_vs_old=nan, chunk_rows=512, num_chunks=4, active_chunk_window=4, stage_slots=2, comm_lanes=2, n_bands=1, frontier_chunks=2
Rank 3 [custom] latency (ms): torch_total=5.57, torch_gemm_only=3.79, torch_rs_only=2.07, v2_total=6.18, v2_gemm_only=4.88, v2_rs_only=3.21, v2_internal_overlap=23.49%, v2_speedup_vs_torch=0.90, v2_speedup_vs_old=nan, chunk_rows=512, num_chunks=4, active_chunk_window=4, stage_slots=2, comm_lanes=2, n_bands=1, frontier_chunks=2
W0828 19:56:44.542000 40682 site-packages/torch/distributed/run.py:766] 
W0828 19:56:44.542000 40682 site-packages/torch/distributed/run.py:766] *****************************************
W0828 19:56:44.542000 40682 site-packages/torch/distributed/run.py:766] Setting OMP_NUM_THREADS environment variable for each process to be 1 in default, to avoid your system being overloaded, please further tune the variable for optimal performance in your application as needed. 
W0828 19:56:44.542000 40682 site-packages/torch/distributed/run.py:766] *****************************************
<frozen importlib._bootstrap_external>:1301: FutureWarning: The cuda.cuda module is deprecated and will be removed in a future release, please switch to use the cuda.bindings.driver module instead.
<frozen importlib._bootstrap_external>:1301: FutureWarning: The cuda.cudart module is deprecated and will be removed in a future release, please switch to use the cuda.bindings.runtime module instead.
<frozen importlib._bootstrap_external>:1301: FutureWarning: The cuda.cuda module is deprecated and will be removed in a future release, please switch to use the cuda.bindings.driver module instead.
<frozen importlib._bootstrap_external>:1301: FutureWarning: The cuda.cudart module is deprecated and will be removed in a future release, please switch to use the cuda.bindings.runtime module instead.
<frozen importlib._bootstrap_external>:1301: FutureWarning: The cuda.cuda module is deprecated and will be removed in a future release, please switch to use the cuda.bindings.driver module instead.
<frozen importlib._bootstrap_external>:1301: FutureWarning: The cuda.cudart module is deprecated and will be removed in a future release, please switch to use the cuda.bindings.runtime module instead.
<frozen importlib._bootstrap_external>:1301: FutureWarning: The cuda.cuda module is deprecated and will be removed in a future release, please switch to use the cuda.bindings.driver module instead.
<frozen importlib._bootstrap_external>:1301: FutureWarning: The cuda.cudart module is deprecated and will be removed in a future release, please switch to use the cuda.bindings.runtime module instead.
/root/Triton-distributed/python/triton_dist/kernels/nvidia/comm_perf_model.py:78: UserWarning: can not get max bandwidth of interface bonding_masters, return 0...
  warnings.warn(f"can not get max bandwidth of interface {interface}, return 0...")
/root/Triton-distributed/python/triton_dist/kernels/nvidia/comm_perf_model.py:78: UserWarning: can not get max bandwidth of interface bonding_masters, return 0...
  warnings.warn(f"can not get max bandwidth of interface {interface}, return 0...")
/root/Triton-distributed/python/triton_dist/kernels/nvidia/comm_perf_model.py:78: UserWarning: can not get max bandwidth of interface bonding_masters, return 0...
  warnings.warn(f"can not get max bandwidth of interface {interface}, return 0...")
/root/Triton-distributed/python/triton_dist/kernels/nvidia/comm_perf_model.py:78: UserWarning: can not get max bandwidth of interface bonding_masters, return 0...
  warnings.warn(f"can not get max bandwidth of interface {interface}, return 0...")
[search][coarse] candidate 48/128: max_total=6.3700 ms, mean_total=6.1800 ms, speedup_mean=0.9000, speedup_min=0.8700, overlap_mean=22.87%, lead_ratio=2.000 | chunk=512, window=4, stage=2, steady_sms=6, tail_sms=24, lanes=2, bands=1, frontier=2
[custom] test shape: M 8192, N 29568, K 8192
✅ all close!
✅ all close!
✅ all close!
✅ all close!
Rank 0 [custom] latency (ms): torch_total=5.59, torch_gemm_only=3.76, torch_rs_only=2.04, v2_total=6.52, v2_gemm_only=4.82, v2_rs_only=3.09, v2_internal_overlap=17.53%, v2_speedup_vs_torch=0.86, v2_speedup_vs_old=nan, chunk_rows=512, num_chunks=4, active_chunk_window=4, stage_slots=4, comm_lanes=1, n_bands=1, frontier_chunks=2
Rank 1 [custom] latency (ms): torch_total=5.57, torch_gemm_only=3.74, torch_rs_only=2.04, v2_total=6.91, v2_gemm_only=5.27, v2_rs_only=3.20, v2_internal_overlap=18.36%, v2_speedup_vs_torch=0.81, v2_speedup_vs_old=nan, chunk_rows=512, num_chunks=4, active_chunk_window=4, stage_slots=4, comm_lanes=1, n_bands=1, frontier_chunks=2
Rank 2 [custom] latency (ms): torch_total=5.55, torch_gemm_only=3.74, torch_rs_only=2.00, v2_total=6.40, v2_gemm_only=4.85, v2_rs_only=3.06, v2_internal_overlap=19.07%, v2_speedup_vs_torch=0.87, v2_speedup_vs_old=nan, chunk_rows=512, num_chunks=4, active_chunk_window=4, stage_slots=4, comm_lanes=1, n_bands=1, frontier_chunks=2
Rank 3 [custom] latency (ms): torch_total=5.56, torch_gemm_only=3.77, torch_rs_only=2.04, v2_total=6.40, v2_gemm_only=4.83, v2_rs_only=3.04, v2_internal_overlap=18.60%, v2_speedup_vs_torch=0.87, v2_speedup_vs_old=nan, chunk_rows=512, num_chunks=4, active_chunk_window=4, stage_slots=4, comm_lanes=1, n_bands=1, frontier_chunks=2
W0828 19:56:55.388000 41338 site-packages/torch/distributed/run.py:766] 
W0828 19:56:55.388000 41338 site-packages/torch/distributed/run.py:766] *****************************************
W0828 19:56:55.388000 41338 site-packages/torch/distributed/run.py:766] Setting OMP_NUM_THREADS environment variable for each process to be 1 in default, to avoid your system being overloaded, please further tune the variable for optimal performance in your application as needed. 
W0828 19:56:55.388000 41338 site-packages/torch/distributed/run.py:766] *****************************************
<frozen importlib._bootstrap_external>:1301: FutureWarning: The cuda.cuda module is deprecated and will be removed in a future release, please switch to use the cuda.bindings.driver module instead.
<frozen importlib._bootstrap_external>:1301: FutureWarning: The cuda.cudart module is deprecated and will be removed in a future release, please switch to use the cuda.bindings.runtime module instead.
<frozen importlib._bootstrap_external>:1301: FutureWarning: The cuda.cuda module is deprecated and will be removed in a future release, please switch to use the cuda.bindings.driver module instead.
<frozen importlib._bootstrap_external>:1301: FutureWarning: The cuda.cudart module is deprecated and will be removed in a future release, please switch to use the cuda.bindings.runtime module instead.
<frozen importlib._bootstrap_external>:1301: FutureWarning: The cuda.cuda module is deprecated and will be removed in a future release, please switch to use the cuda.bindings.driver module instead.
<frozen importlib._bootstrap_external>:1301: FutureWarning: The cuda.cudart module is deprecated and will be removed in a future release, please switch to use the cuda.bindings.runtime module instead.
<frozen importlib._bootstrap_external>:1301: FutureWarning: The cuda.cuda module is deprecated and will be removed in a future release, please switch to use the cuda.bindings.driver module instead.
<frozen importlib._bootstrap_external>:1301: FutureWarning: The cuda.cudart module is deprecated and will be removed in a future release, please switch to use the cuda.bindings.runtime module instead.
/root/Triton-distributed/python/triton_dist/kernels/nvidia/comm_perf_model.py:78: UserWarning: can not get max bandwidth of interface bonding_masters, return 0...
  warnings.warn(f"can not get max bandwidth of interface {interface}, return 0...")
/root/Triton-distributed/python/triton_dist/kernels/nvidia/comm_perf_model.py:78: UserWarning: can not get max bandwidth of interface bonding_masters, return 0...
  warnings.warn(f"can not get max bandwidth of interface {interface}, return 0...")
/root/Triton-distributed/python/triton_dist/kernels/nvidia/comm_perf_model.py:78: UserWarning: can not get max bandwidth of interface bonding_masters, return 0...
  warnings.warn(f"can not get max bandwidth of interface {interface}, return 0...")
/root/Triton-distributed/python/triton_dist/kernels/nvidia/comm_perf_model.py:78: UserWarning: can not get max bandwidth of interface bonding_masters, return 0...
  warnings.warn(f"can not get max bandwidth of interface {interface}, return 0...")
[search][coarse] candidate 49/128: max_total=6.9100 ms, mean_total=6.5575 ms, speedup_mean=0.8525, speedup_min=0.8100, overlap_mean=18.39%, lead_ratio=1.000 | chunk=512, window=4, stage=4, steady_sms=4, tail_sms=12, lanes=1, bands=1, frontier=2
[custom] test shape: M 8192, N 29568, K 8192
✅ all close!
✅ all close!
✅ all close!
✅ all close!
Rank 0 [custom] latency (ms): torch_total=5.57, torch_gemm_only=3.74, torch_rs_only=2.07, v2_total=6.55, v2_gemm_only=4.82, v2_rs_only=3.49, v2_internal_overlap=21.25%, v2_speedup_vs_torch=0.85, v2_speedup_vs_old=nan, chunk_rows=512, num_chunks=4, active_chunk_window=4, stage_slots=4, comm_lanes=2, n_bands=1, frontier_chunks=2
Rank 1 [custom] latency (ms): torch_total=5.55, torch_gemm_only=3.74, torch_rs_only=2.06, v2_total=6.69, v2_gemm_only=4.83, v2_rs_only=3.60, v2_internal_overlap=20.61%, v2_speedup_vs_torch=0.83, v2_speedup_vs_old=nan, chunk_rows=512, num_chunks=4, active_chunk_window=4, stage_slots=4, comm_lanes=2, n_bands=1, frontier_chunks=2
Rank 2 [custom] latency (ms): torch_total=5.56, torch_gemm_only=3.72, torch_rs_only=2.06, v2_total=6.53, v2_gemm_only=4.85, v2_rs_only=3.36, v2_internal_overlap=20.51%, v2_speedup_vs_torch=0.85, v2_speedup_vs_old=nan, chunk_rows=512, num_chunks=4, active_chunk_window=4, stage_slots=4, comm_lanes=2, n_bands=1, frontier_chunks=2
Rank 3 [custom] latency (ms): torch_total=5.58, torch_gemm_only=3.78, torch_rs_only=2.08, v2_total=6.58, v2_gemm_only=4.85, v2_rs_only=3.48, v2_internal_overlap=20.90%, v2_speedup_vs_torch=0.85, v2_speedup_vs_old=nan, chunk_rows=512, num_chunks=4, active_chunk_window=4, stage_slots=4, comm_lanes=2, n_bands=1, frontier_chunks=2
W0828 19:57:06.256000 41989 site-packages/torch/distributed/run.py:766] 
W0828 19:57:06.256000 41989 site-packages/torch/distributed/run.py:766] *****************************************
W0828 19:57:06.256000 41989 site-packages/torch/distributed/run.py:766] Setting OMP_NUM_THREADS environment variable for each process to be 1 in default, to avoid your system being overloaded, please further tune the variable for optimal performance in your application as needed. 
W0828 19:57:06.256000 41989 site-packages/torch/distributed/run.py:766] *****************************************
<frozen importlib._bootstrap_external>:1301: FutureWarning: The cuda.cuda module is deprecated and will be removed in a future release, please switch to use the cuda.bindings.driver module instead.
<frozen importlib._bootstrap_external>:1301: FutureWarning: The cuda.cudart module is deprecated and will be removed in a future release, please switch to use the cuda.bindings.runtime module instead.
<frozen importlib._bootstrap_external>:1301: FutureWarning: The cuda.cuda module is deprecated and will be removed in a future release, please switch to use the cuda.bindings.driver module instead.
<frozen importlib._bootstrap_external>:1301: FutureWarning: The cuda.cudart module is deprecated and will be removed in a future release, please switch to use the cuda.bindings.runtime module instead.
<frozen importlib._bootstrap_external>:1301: FutureWarning: The cuda.cuda module is deprecated and will be removed in a future release, please switch to use the cuda.bindings.driver module instead.
<frozen importlib._bootstrap_external>:1301: FutureWarning: The cuda.cudart module is deprecated and will be removed in a future release, please switch to use the cuda.bindings.runtime module instead.
<frozen importlib._bootstrap_external>:1301: FutureWarning: The cuda.cuda module is deprecated and will be removed in a future release, please switch to use the cuda.bindings.driver module instead.
<frozen importlib._bootstrap_external>:1301: FutureWarning: The cuda.cudart module is deprecated and will be removed in a future release, please switch to use the cuda.bindings.runtime module instead.
/root/Triton-distributed/python/triton_dist/kernels/nvidia/comm_perf_model.py:78: UserWarning: can not get max bandwidth of interface bonding_masters, return 0...
  warnings.warn(f"can not get max bandwidth of interface {interface}, return 0...")
/root/Triton-distributed/python/triton_dist/kernels/nvidia/comm_perf_model.py:78: UserWarning: can not get max bandwidth of interface bonding_masters, return 0...
  warnings.warn(f"can not get max bandwidth of interface {interface}, return 0...")
/root/Triton-distributed/python/triton_dist/kernels/nvidia/comm_perf_model.py:78: UserWarning: can not get max bandwidth of interface bonding_masters, return 0...
  warnings.warn(f"can not get max bandwidth of interface {interface}, return 0...")
/root/Triton-distributed/python/triton_dist/kernels/nvidia/comm_perf_model.py:78: UserWarning: can not get max bandwidth of interface bonding_masters, return 0...
  warnings.warn(f"can not get max bandwidth of interface {interface}, return 0...")
[search][coarse] candidate 50/128: max_total=6.6900 ms, mean_total=6.5875 ms, speedup_mean=0.8450, speedup_min=0.8300, overlap_mean=20.82%, lead_ratio=1.000 | chunk=512, window=4, stage=4, steady_sms=4, tail_sms=12, lanes=2, bands=1, frontier=2
[custom] test shape: M 8192, N 29568, K 8192
✅ all close!
✅ all close!
✅ all close!
✅ all close!
Rank 0 [custom] latency (ms): torch_total=5.56, torch_gemm_only=3.75, torch_rs_only=2.02, v2_total=6.48, v2_gemm_only=4.83, v2_rs_only=3.12, v2_internal_overlap=18.35%, v2_speedup_vs_torch=0.86, v2_speedup_vs_old=nan, chunk_rows=512, num_chunks=4, active_chunk_window=4, stage_slots=4, comm_lanes=1, n_bands=1, frontier_chunks=2
Rank 1 [custom] latency (ms): torch_total=5.54, torch_gemm_only=3.74, torch_rs_only=1.99, v2_total=6.56, v2_gemm_only=4.83, v2_rs_only=3.07, v2_internal_overlap=16.94%, v2_speedup_vs_torch=0.84, v2_speedup_vs_old=nan, chunk_rows=512, num_chunks=4, active_chunk_window=4, stage_slots=4, comm_lanes=1, n_bands=1, frontier_chunks=2
Rank 2 [custom] latency (ms): torch_total=5.56, torch_gemm_only=3.74, torch_rs_only=2.02, v2_total=6.38, v2_gemm_only=4.86, v2_rs_only=3.13, v2_internal_overlap=20.13%, v2_speedup_vs_torch=0.87, v2_speedup_vs_old=nan, chunk_rows=512, num_chunks=4, active_chunk_window=4, stage_slots=4, comm_lanes=1, n_bands=1, frontier_chunks=2
Rank 3 [custom] latency (ms): torch_total=5.57, torch_gemm_only=3.78, torch_rs_only=2.03, v2_total=6.51, v2_gemm_only=4.86, v2_rs_only=3.07, v2_internal_overlap=18.00%, v2_speedup_vs_torch=0.86, v2_speedup_vs_old=nan, chunk_rows=512, num_chunks=4, active_chunk_window=4, stage_slots=4, comm_lanes=1, n_bands=1, frontier_chunks=2
W0828 19:57:17.261000 42660 site-packages/torch/distributed/run.py:766] 
W0828 19:57:17.261000 42660 site-packages/torch/distributed/run.py:766] *****************************************
W0828 19:57:17.261000 42660 site-packages/torch/distributed/run.py:766] Setting OMP_NUM_THREADS environment variable for each process to be 1 in default, to avoid your system being overloaded, please further tune the variable for optimal performance in your application as needed. 
W0828 19:57:17.261000 42660 site-packages/torch/distributed/run.py:766] *****************************************
<frozen importlib._bootstrap_external>:1301: FutureWarning: The cuda.cuda module is deprecated and will be removed in a future release, please switch to use the cuda.bindings.driver module instead.
<frozen importlib._bootstrap_external>:1301: FutureWarning: The cuda.cudart module is deprecated and will be removed in a future release, please switch to use the cuda.bindings.runtime module instead.
<frozen importlib._bootstrap_external>:1301: FutureWarning: The cuda.cuda module is deprecated and will be removed in a future release, please switch to use the cuda.bindings.driver module instead.
<frozen importlib._bootstrap_external>:1301: FutureWarning: The cuda.cuda module is deprecated and will be removed in a future release, please switch to use the cuda.bindings.driver module instead.
<frozen importlib._bootstrap_external>:1301: FutureWarning: The cuda.cudart module is deprecated and will be removed in a future release, please switch to use the cuda.bindings.runtime module instead.
<frozen importlib._bootstrap_external>:1301: FutureWarning: The cuda.cudart module is deprecated and will be removed in a future release, please switch to use the cuda.bindings.runtime module instead.
<frozen importlib._bootstrap_external>:1301: FutureWarning: The cuda.cuda module is deprecated and will be removed in a future release, please switch to use the cuda.bindings.driver module instead.
<frozen importlib._bootstrap_external>:1301: FutureWarning: The cuda.cudart module is deprecated and will be removed in a future release, please switch to use the cuda.bindings.runtime module instead.
/root/Triton-distributed/python/triton_dist/kernels/nvidia/comm_perf_model.py:78: UserWarning: can not get max bandwidth of interface bonding_masters, return 0...
  warnings.warn(f"can not get max bandwidth of interface {interface}, return 0...")
/root/Triton-distributed/python/triton_dist/kernels/nvidia/comm_perf_model.py:78: UserWarning: can not get max bandwidth of interface bonding_masters, return 0...
  warnings.warn(f"can not get max bandwidth of interface {interface}, return 0...")
/root/Triton-distributed/python/triton_dist/kernels/nvidia/comm_perf_model.py:78: UserWarning: can not get max bandwidth of interface bonding_masters, return 0...
  warnings.warn(f"can not get max bandwidth of interface {interface}, return 0...")
/root/Triton-distributed/python/triton_dist/kernels/nvidia/comm_perf_model.py:78: UserWarning: can not get max bandwidth of interface bonding_masters, return 0...
  warnings.warn(f"can not get max bandwidth of interface {interface}, return 0...")
[search][coarse] candidate 51/128: max_total=6.5600 ms, mean_total=6.4825 ms, speedup_mean=0.8575, speedup_min=0.8400, overlap_mean=18.36%, lead_ratio=1.000 | chunk=512, window=4, stage=4, steady_sms=4, tail_sms=16, lanes=1, bands=1, frontier=2
[custom] test shape: M 8192, N 29568, K 8192
✅ all close!
✅ all close!
✅ all close!
✅ all close!
Rank 0 [custom] latency (ms): torch_total=5.56, torch_gemm_only=3.74, torch_rs_only=2.04, v2_total=6.51, v2_gemm_only=4.82, v2_rs_only=3.47, v2_internal_overlap=21.57%, v2_speedup_vs_torch=0.85, v2_speedup_vs_old=nan, chunk_rows=512, num_chunks=4, active_chunk_window=4, stage_slots=4, comm_lanes=2, n_bands=1, frontier_chunks=2
Rank 1 [custom] latency (ms): torch_total=5.56, torch_gemm_only=3.74, torch_rs_only=2.04, v2_total=6.54, v2_gemm_only=4.83, v2_rs_only=3.40, v2_internal_overlap=20.56%, v2_speedup_vs_torch=0.85, v2_speedup_vs_old=nan, chunk_rows=512, num_chunks=4, active_chunk_window=4, stage_slots=4, comm_lanes=2, n_bands=1, frontier_chunks=2
Rank 2 [custom] latency (ms): torch_total=5.55, torch_gemm_only=3.73, torch_rs_only=2.02, v2_total=6.51, v2_gemm_only=4.85, v2_rs_only=3.42, v2_internal_overlap=21.33%, v2_speedup_vs_torch=0.85, v2_speedup_vs_old=nan, chunk_rows=512, num_chunks=4, active_chunk_window=4, stage_slots=4, comm_lanes=2, n_bands=1, frontier_chunks=2
Rank 3 [custom] latency (ms): torch_total=5.57, torch_gemm_only=3.77, torch_rs_only=2.06, v2_total=6.54, v2_gemm_only=4.83, v2_rs_only=3.42, v2_internal_overlap=20.79%, v2_speedup_vs_torch=0.85, v2_speedup_vs_old=nan, chunk_rows=512, num_chunks=4, active_chunk_window=4, stage_slots=4, comm_lanes=2, n_bands=1, frontier_chunks=2
W0828 19:57:28.477000 43317 site-packages/torch/distributed/run.py:766] 
W0828 19:57:28.477000 43317 site-packages/torch/distributed/run.py:766] *****************************************
W0828 19:57:28.477000 43317 site-packages/torch/distributed/run.py:766] Setting OMP_NUM_THREADS environment variable for each process to be 1 in default, to avoid your system being overloaded, please further tune the variable for optimal performance in your application as needed. 
W0828 19:57:28.477000 43317 site-packages/torch/distributed/run.py:766] *****************************************
<frozen importlib._bootstrap_external>:1301: FutureWarning: The cuda.cuda module is deprecated and will be removed in a future release, please switch to use the cuda.bindings.driver module instead.
<frozen importlib._bootstrap_external>:1301: FutureWarning: The cuda.cudart module is deprecated and will be removed in a future release, please switch to use the cuda.bindings.runtime module instead.
<frozen importlib._bootstrap_external>:1301: FutureWarning: The cuda.cuda module is deprecated and will be removed in a future release, please switch to use the cuda.bindings.driver module instead.
<frozen importlib._bootstrap_external>:1301: FutureWarning: The cuda.cudart module is deprecated and will be removed in a future release, please switch to use the cuda.bindings.runtime module instead.
<frozen importlib._bootstrap_external>:1301: FutureWarning: The cuda.cuda module is deprecated and will be removed in a future release, please switch to use the cuda.bindings.driver module instead.
<frozen importlib._bootstrap_external>:1301: FutureWarning: The cuda.cudart module is deprecated and will be removed in a future release, please switch to use the cuda.bindings.runtime module instead.
<frozen importlib._bootstrap_external>:1301: FutureWarning: The cuda.cuda module is deprecated and will be removed in a future release, please switch to use the cuda.bindings.driver module instead.
<frozen importlib._bootstrap_external>:1301: FutureWarning: The cuda.cudart module is deprecated and will be removed in a future release, please switch to use the cuda.bindings.runtime module instead.
/root/Triton-distributed/python/triton_dist/kernels/nvidia/comm_perf_model.py:78: UserWarning: can not get max bandwidth of interface bonding_masters, return 0...
  warnings.warn(f"can not get max bandwidth of interface {interface}, return 0...")
/root/Triton-distributed/python/triton_dist/kernels/nvidia/comm_perf_model.py:78: UserWarning: can not get max bandwidth of interface bonding_masters, return 0...
  warnings.warn(f"can not get max bandwidth of interface {interface}, return 0...")
/root/Triton-distributed/python/triton_dist/kernels/nvidia/comm_perf_model.py:78: UserWarning: can not get max bandwidth of interface bonding_masters, return 0...
  warnings.warn(f"can not get max bandwidth of interface {interface}, return 0...")
/root/Triton-distributed/python/triton_dist/kernels/nvidia/comm_perf_model.py:78: UserWarning: can not get max bandwidth of interface bonding_masters, return 0...
  warnings.warn(f"can not get max bandwidth of interface {interface}, return 0...")
[search][coarse] candidate 52/128: max_total=6.5400 ms, mean_total=6.5250 ms, speedup_mean=0.8500, speedup_min=0.8500, overlap_mean=21.06%, lead_ratio=1.000 | chunk=512, window=4, stage=4, steady_sms=4, tail_sms=16, lanes=2, bands=1, frontier=2
[custom] test shape: M 8192, N 29568, K 8192
✅ all close!
✅ all close!
✅ all close!
✅ all close!
Rank 0 [custom] latency (ms): torch_total=5.57, torch_gemm_only=3.74, torch_rs_only=2.06, v2_total=7.35, v2_gemm_only=5.59, v2_rs_only=3.47, v2_internal_overlap=18.86%, v2_speedup_vs_torch=0.76, v2_speedup_vs_old=nan, chunk_rows=512, num_chunks=4, active_chunk_window=4, stage_slots=4, comm_lanes=1, n_bands=1, frontier_chunks=2
Rank 1 [custom] latency (ms): torch_total=5.55, torch_gemm_only=3.74, torch_rs_only=2.10, v2_total=6.70, v2_gemm_only=4.83, v2_rs_only=3.40, v2_internal_overlap=18.54%, v2_speedup_vs_torch=0.83, v2_speedup_vs_old=nan, chunk_rows=512, num_chunks=4, active_chunk_window=4, stage_slots=4, comm_lanes=1, n_bands=1, frontier_chunks=2
Rank 2 [custom] latency (ms): torch_total=5.55, torch_gemm_only=3.73, torch_rs_only=2.11, v2_total=6.67, v2_gemm_only=4.85, v2_rs_only=3.02, v2_internal_overlap=15.31%, v2_speedup_vs_torch=0.83, v2_speedup_vs_old=nan, chunk_rows=512, num_chunks=4, active_chunk_window=4, stage_slots=4, comm_lanes=1, n_bands=1, frontier_chunks=2
Rank 3 [custom] latency (ms): torch_total=5.57, torch_gemm_only=3.79, torch_rs_only=2.09, v2_total=6.67, v2_gemm_only=4.83, v2_rs_only=3.10, v2_internal_overlap=15.92%, v2_speedup_vs_torch=0.83, v2_speedup_vs_old=nan, chunk_rows=512, num_chunks=4, active_chunk_window=4, stage_slots=4, comm_lanes=1, n_bands=1, frontier_chunks=2
W0828 19:57:39.461000 43968 site-packages/torch/distributed/run.py:766] 
W0828 19:57:39.461000 43968 site-packages/torch/distributed/run.py:766] *****************************************
W0828 19:57:39.461000 43968 site-packages/torch/distributed/run.py:766] Setting OMP_NUM_THREADS environment variable for each process to be 1 in default, to avoid your system being overloaded, please further tune the variable for optimal performance in your application as needed. 
W0828 19:57:39.461000 43968 site-packages/torch/distributed/run.py:766] *****************************************
<frozen importlib._bootstrap_external>:1301: FutureWarning: The cuda.cuda module is deprecated and will be removed in a future release, please switch to use the cuda.bindings.driver module instead.
<frozen importlib._bootstrap_external>:1301: FutureWarning: The cuda.cudart module is deprecated and will be removed in a future release, please switch to use the cuda.bindings.runtime module instead.
<frozen importlib._bootstrap_external>:1301: FutureWarning: The cuda.cuda module is deprecated and will be removed in a future release, please switch to use the cuda.bindings.driver module instead.
<frozen importlib._bootstrap_external>:1301: FutureWarning: The cuda.cudart module is deprecated and will be removed in a future release, please switch to use the cuda.bindings.runtime module instead.
<frozen importlib._bootstrap_external>:1301: FutureWarning: The cuda.cuda module is deprecated and will be removed in a future release, please switch to use the cuda.bindings.driver module instead.
<frozen importlib._bootstrap_external>:1301: FutureWarning: The cuda.cudart module is deprecated and will be removed in a future release, please switch to use the cuda.bindings.runtime module instead.
<frozen importlib._bootstrap_external>:1301: FutureWarning: The cuda.cuda module is deprecated and will be removed in a future release, please switch to use the cuda.bindings.driver module instead.
<frozen importlib._bootstrap_external>:1301: FutureWarning: The cuda.cudart module is deprecated and will be removed in a future release, please switch to use the cuda.bindings.runtime module instead.
/root/Triton-distributed/python/triton_dist/kernels/nvidia/comm_perf_model.py:78: UserWarning: can not get max bandwidth of interface bonding_masters, return 0...
  warnings.warn(f"can not get max bandwidth of interface {interface}, return 0...")
/root/Triton-distributed/python/triton_dist/kernels/nvidia/comm_perf_model.py:78: UserWarning: can not get max bandwidth of interface bonding_masters, return 0...
  warnings.warn(f"can not get max bandwidth of interface {interface}, return 0...")
/root/Triton-distributed/python/triton_dist/kernels/nvidia/comm_perf_model.py:78: UserWarning: can not get max bandwidth of interface bonding_masters, return 0...
  warnings.warn(f"can not get max bandwidth of interface {interface}, return 0...")
/root/Triton-distributed/python/triton_dist/kernels/nvidia/comm_perf_model.py:78: UserWarning: can not get max bandwidth of interface bonding_masters, return 0...
  warnings.warn(f"can not get max bandwidth of interface {interface}, return 0...")
[search][coarse] candidate 53/128: max_total=7.3500 ms, mean_total=6.8475 ms, speedup_mean=0.8125, speedup_min=0.7600, overlap_mean=17.16%, lead_ratio=1.000 | chunk=512, window=4, stage=4, steady_sms=4, tail_sms=20, lanes=1, bands=1, frontier=2
[custom] test shape: M 8192, N 29568, K 8192
✅ all close!
✅ all close!
✅ all close!
✅ all close!
Rank 0 [custom] latency (ms): torch_total=5.55, torch_gemm_only=3.75, torch_rs_only=1.99, v2_total=6.47, v2_gemm_only=4.82, v2_rs_only=3.62, v2_internal_overlap=23.38%, v2_speedup_vs_torch=0.86, v2_speedup_vs_old=nan, chunk_rows=512, num_chunks=4, active_chunk_window=4, stage_slots=4, comm_lanes=2, n_bands=1, frontier_chunks=2
Rank 1 [custom] latency (ms): torch_total=5.55, torch_gemm_only=3.73, torch_rs_only=2.02, v2_total=6.50, v2_gemm_only=4.83, v2_rs_only=3.57, v2_internal_overlap=22.58%, v2_speedup_vs_torch=0.85, v2_speedup_vs_old=nan, chunk_rows=512, num_chunks=4, active_chunk_window=4, stage_slots=4, comm_lanes=2, n_bands=1, frontier_chunks=2
Rank 2 [custom] latency (ms): torch_total=5.55, torch_gemm_only=3.73, torch_rs_only=2.02, v2_total=6.36, v2_gemm_only=4.86, v2_rs_only=3.42, v2_internal_overlap=23.20%, v2_speedup_vs_torch=0.87, v2_speedup_vs_old=nan, chunk_rows=512, num_chunks=4, active_chunk_window=4, stage_slots=4, comm_lanes=2, n_bands=1, frontier_chunks=2
Rank 3 [custom] latency (ms): torch_total=5.57, torch_gemm_only=3.77, torch_rs_only=2.01, v2_total=6.47, v2_gemm_only=4.85, v2_rs_only=3.57, v2_internal_overlap=23.23%, v2_speedup_vs_torch=0.86, v2_speedup_vs_old=nan, chunk_rows=512, num_chunks=4, active_chunk_window=4, stage_slots=4, comm_lanes=2, n_bands=1, frontier_chunks=2
W0828 19:57:50.342000 44621 site-packages/torch/distributed/run.py:766] 
W0828 19:57:50.342000 44621 site-packages/torch/distributed/run.py:766] *****************************************
W0828 19:57:50.342000 44621 site-packages/torch/distributed/run.py:766] Setting OMP_NUM_THREADS environment variable for each process to be 1 in default, to avoid your system being overloaded, please further tune the variable for optimal performance in your application as needed. 
W0828 19:57:50.342000 44621 site-packages/torch/distributed/run.py:766] *****************************************
<frozen importlib._bootstrap_external>:1301: FutureWarning: The cuda.cuda module is deprecated and will be removed in a future release, please switch to use the cuda.bindings.driver module instead.
<frozen importlib._bootstrap_external>:1301: FutureWarning: The cuda.cudart module is deprecated and will be removed in a future release, please switch to use the cuda.bindings.runtime module instead.
<frozen importlib._bootstrap_external>:1301: FutureWarning: The cuda.cuda module is deprecated and will be removed in a future release, please switch to use the cuda.bindings.driver module instead.
<frozen importlib._bootstrap_external>:1301: FutureWarning: The cuda.cudart module is deprecated and will be removed in a future release, please switch to use the cuda.bindings.runtime module instead.
<frozen importlib._bootstrap_external>:1301: FutureWarning: The cuda.cuda module is deprecated and will be removed in a future release, please switch to use the cuda.bindings.driver module instead.
<frozen importlib._bootstrap_external>:1301: FutureWarning: The cuda.cudart module is deprecated and will be removed in a future release, please switch to use the cuda.bindings.runtime module instead.
<frozen importlib._bootstrap_external>:1301: FutureWarning: The cuda.cuda module is deprecated and will be removed in a future release, please switch to use the cuda.bindings.driver module instead.
<frozen importlib._bootstrap_external>:1301: FutureWarning: The cuda.cudart module is deprecated and will be removed in a future release, please switch to use the cuda.bindings.runtime module instead.
/root/Triton-distributed/python/triton_dist/kernels/nvidia/comm_perf_model.py:78: UserWarning: can not get max bandwidth of interface bonding_masters, return 0...
  warnings.warn(f"can not get max bandwidth of interface {interface}, return 0...")
/root/Triton-distributed/python/triton_dist/kernels/nvidia/comm_perf_model.py:78: UserWarning: can not get max bandwidth of interface bonding_masters, return 0...
  warnings.warn(f"can not get max bandwidth of interface {interface}, return 0...")
/root/Triton-distributed/python/triton_dist/kernels/nvidia/comm_perf_model.py:78: UserWarning: can not get max bandwidth of interface bonding_masters, return 0...
  warnings.warn(f"can not get max bandwidth of interface {interface}, return 0...")
/root/Triton-distributed/python/triton_dist/kernels/nvidia/comm_perf_model.py:78: UserWarning: can not get max bandwidth of interface bonding_masters, return 0...
  warnings.warn(f"can not get max bandwidth of interface {interface}, return 0...")
[search][coarse] candidate 54/128: max_total=6.5000 ms, mean_total=6.4500 ms, speedup_mean=0.8600, speedup_min=0.8500, overlap_mean=23.10%, lead_ratio=1.000 | chunk=512, window=4, stage=4, steady_sms=4, tail_sms=20, lanes=2, bands=1, frontier=2
[custom] test shape: M 8192, N 29568, K 8192
✅ all close!
✅ all close!
✅ all close!
✅ all close!
Rank 0 [custom] latency (ms): torch_total=5.58, torch_gemm_only=3.72, torch_rs_only=2.06, v2_total=6.50, v2_gemm_only=4.83, v2_rs_only=3.06, v2_internal_overlap=17.70%, v2_speedup_vs_torch=0.86, v2_speedup_vs_old=nan, chunk_rows=512, num_chunks=4, active_chunk_window=4, stage_slots=4, comm_lanes=1, n_bands=1, frontier_chunks=2
Rank 1 [custom] latency (ms): torch_total=5.58, torch_gemm_only=3.73, torch_rs_only=2.05, v2_total=6.59, v2_gemm_only=4.83, v2_rs_only=3.01, v2_internal_overlap=15.93%, v2_speedup_vs_torch=0.85, v2_speedup_vs_old=nan, chunk_rows=512, num_chunks=4, active_chunk_window=4, stage_slots=4, comm_lanes=1, n_bands=1, frontier_chunks=2
Rank 2 [custom] latency (ms): torch_total=5.57, torch_gemm_only=3.72, torch_rs_only=2.05, v2_total=6.38, v2_gemm_only=4.85, v2_rs_only=3.02, v2_internal_overlap=18.89%, v2_speedup_vs_torch=0.87, v2_speedup_vs_old=nan, chunk_rows=512, num_chunks=4, active_chunk_window=4, stage_slots=4, comm_lanes=1, n_bands=1, frontier_chunks=2
Rank 3 [custom] latency (ms): torch_total=5.58, torch_gemm_only=3.77, torch_rs_only=2.06, v2_total=6.51, v2_gemm_only=4.89, v2_rs_only=3.08, v2_internal_overlap=18.29%, v2_speedup_vs_torch=0.86, v2_speedup_vs_old=nan, chunk_rows=512, num_chunks=4, active_chunk_window=4, stage_slots=4, comm_lanes=1, n_bands=1, frontier_chunks=2
W0828 19:58:01.317000 45290 site-packages/torch/distributed/run.py:766] 
W0828 19:58:01.317000 45290 site-packages/torch/distributed/run.py:766] *****************************************
W0828 19:58:01.317000 45290 site-packages/torch/distributed/run.py:766] Setting OMP_NUM_THREADS environment variable for each process to be 1 in default, to avoid your system being overloaded, please further tune the variable for optimal performance in your application as needed. 
W0828 19:58:01.317000 45290 site-packages/torch/distributed/run.py:766] *****************************************
<frozen importlib._bootstrap_external>:1301: FutureWarning: The cuda.cuda module is deprecated and will be removed in a future release, please switch to use the cuda.bindings.driver module instead.
<frozen importlib._bootstrap_external>:1301: FutureWarning: The cuda.cudart module is deprecated and will be removed in a future release, please switch to use the cuda.bindings.runtime module instead.
<frozen importlib._bootstrap_external>:1301: FutureWarning: The cuda.cuda module is deprecated and will be removed in a future release, please switch to use the cuda.bindings.driver module instead.
<frozen importlib._bootstrap_external>:1301: FutureWarning: The cuda.cudart module is deprecated and will be removed in a future release, please switch to use the cuda.bindings.runtime module instead.
<frozen importlib._bootstrap_external>:1301: FutureWarning: The cuda.cuda module is deprecated and will be removed in a future release, please switch to use the cuda.bindings.driver module instead.
<frozen importlib._bootstrap_external>:1301: FutureWarning: The cuda.cudart module is deprecated and will be removed in a future release, please switch to use the cuda.bindings.runtime module instead.
<frozen importlib._bootstrap_external>:1301: FutureWarning: The cuda.cuda module is deprecated and will be removed in a future release, please switch to use the cuda.bindings.driver module instead.
<frozen importlib._bootstrap_external>:1301: FutureWarning: The cuda.cudart module is deprecated and will be removed in a future release, please switch to use the cuda.bindings.runtime module instead.
/root/Triton-distributed/python/triton_dist/kernels/nvidia/comm_perf_model.py:78: UserWarning: can not get max bandwidth of interface bonding_masters, return 0...
  warnings.warn(f"can not get max bandwidth of interface {interface}, return 0...")
/root/Triton-distributed/python/triton_dist/kernels/nvidia/comm_perf_model.py:78: UserWarning: can not get max bandwidth of interface bonding_masters, return 0...
  warnings.warn(f"can not get max bandwidth of interface {interface}, return 0...")
/root/Triton-distributed/python/triton_dist/kernels/nvidia/comm_perf_model.py:78: UserWarning: can not get max bandwidth of interface bonding_masters, return 0...
  warnings.warn(f"can not get max bandwidth of interface {interface}, return 0...")
/root/Triton-distributed/python/triton_dist/kernels/nvidia/comm_perf_model.py:78: UserWarning: can not get max bandwidth of interface bonding_masters, return 0...
  warnings.warn(f"can not get max bandwidth of interface {interface}, return 0...")
[search][coarse] candidate 55/128: max_total=6.5900 ms, mean_total=6.4950 ms, speedup_mean=0.8600, speedup_min=0.8500, overlap_mean=17.70%, lead_ratio=1.000 | chunk=512, window=4, stage=4, steady_sms=4, tail_sms=24, lanes=1, bands=1, frontier=2
[custom] test shape: M 8192, N 29568, K 8192
✅ all close!
✅ all close!
✅ all close!
✅ all close!
Rank 0 [custom] latency (ms): torch_total=5.55, torch_gemm_only=3.74, torch_rs_only=2.04, v2_total=6.53, v2_gemm_only=4.82, v2_rs_only=3.43, v2_internal_overlap=20.88%, v2_speedup_vs_torch=0.85, v2_speedup_vs_old=nan, chunk_rows=512, num_chunks=4, active_chunk_window=4, stage_slots=4, comm_lanes=2, n_bands=1, frontier_chunks=2
Rank 1 [custom] latency (ms): torch_total=5.55, torch_gemm_only=3.74, torch_rs_only=2.06, v2_total=6.34, v2_gemm_only=4.83, v2_rs_only=3.56, v2_internal_overlap=24.51%, v2_speedup_vs_torch=0.88, v2_speedup_vs_old=nan, chunk_rows=512, num_chunks=4, active_chunk_window=4, stage_slots=4, comm_lanes=2, n_bands=1, frontier_chunks=2
Rank 2 [custom] latency (ms): torch_total=5.54, torch_gemm_only=3.72, torch_rs_only=2.05, v2_total=6.45, v2_gemm_only=4.83, v2_rs_only=3.43, v2_internal_overlap=21.98%, v2_speedup_vs_torch=0.86, v2_speedup_vs_old=nan, chunk_rows=512, num_chunks=4, active_chunk_window=4, stage_slots=4, comm_lanes=2, n_bands=1, frontier_chunks=2
Rank 3 [custom] latency (ms): torch_total=5.57, torch_gemm_only=3.78, torch_rs_only=2.06, v2_total=6.42, v2_gemm_only=4.87, v2_rs_only=3.63, v2_internal_overlap=24.48%, v2_speedup_vs_torch=0.87, v2_speedup_vs_old=nan, chunk_rows=512, num_chunks=4, active_chunk_window=4, stage_slots=4, comm_lanes=2, n_bands=1, frontier_chunks=2
W0828 19:58:12.314000 45946 site-packages/torch/distributed/run.py:766] 
W0828 19:58:12.314000 45946 site-packages/torch/distributed/run.py:766] *****************************************
W0828 19:58:12.314000 45946 site-packages/torch/distributed/run.py:766] Setting OMP_NUM_THREADS environment variable for each process to be 1 in default, to avoid your system being overloaded, please further tune the variable for optimal performance in your application as needed. 
W0828 19:58:12.314000 45946 site-packages/torch/distributed/run.py:766] *****************************************
<frozen importlib._bootstrap_external>:1301: FutureWarning: The cuda.cuda module is deprecated and will be removed in a future release, please switch to use the cuda.bindings.driver module instead.
<frozen importlib._bootstrap_external>:1301: FutureWarning: The cuda.cudart module is deprecated and will be removed in a future release, please switch to use the cuda.bindings.runtime module instead.
<frozen importlib._bootstrap_external>:1301: FutureWarning: The cuda.cuda module is deprecated and will be removed in a future release, please switch to use the cuda.bindings.driver module instead.
<frozen importlib._bootstrap_external>:1301: FutureWarning: The cuda.cudart module is deprecated and will be removed in a future release, please switch to use the cuda.bindings.runtime module instead.
<frozen importlib._bootstrap_external>:1301: FutureWarning: The cuda.cuda module is deprecated and will be removed in a future release, please switch to use the cuda.bindings.driver module instead.
<frozen importlib._bootstrap_external>:1301: FutureWarning: The cuda.cudart module is deprecated and will be removed in a future release, please switch to use the cuda.bindings.runtime module instead.
<frozen importlib._bootstrap_external>:1301: FutureWarning: The cuda.cuda module is deprecated and will be removed in a future release, please switch to use the cuda.bindings.driver module instead.
<frozen importlib._bootstrap_external>:1301: FutureWarning: The cuda.cudart module is deprecated and will be removed in a future release, please switch to use the cuda.bindings.runtime module instead.
/root/Triton-distributed/python/triton_dist/kernels/nvidia/comm_perf_model.py:78: UserWarning: can not get max bandwidth of interface bonding_masters, return 0...
  warnings.warn(f"can not get max bandwidth of interface {interface}, return 0...")
/root/Triton-distributed/python/triton_dist/kernels/nvidia/comm_perf_model.py:78: UserWarning: can not get max bandwidth of interface bonding_masters, return 0...
  warnings.warn(f"can not get max bandwidth of interface {interface}, return 0...")
/root/Triton-distributed/python/triton_dist/kernels/nvidia/comm_perf_model.py:78: UserWarning: can not get max bandwidth of interface bonding_masters, return 0...
  warnings.warn(f"can not get max bandwidth of interface {interface}, return 0...")
/root/Triton-distributed/python/triton_dist/kernels/nvidia/comm_perf_model.py:78: UserWarning: can not get max bandwidth of interface bonding_masters, return 0...
  warnings.warn(f"can not get max bandwidth of interface {interface}, return 0...")
[search][coarse] candidate 56/128: max_total=6.5300 ms, mean_total=6.4350 ms, speedup_mean=0.8650, speedup_min=0.8500, overlap_mean=22.96%, lead_ratio=1.000 | chunk=512, window=4, stage=4, steady_sms=4, tail_sms=24, lanes=2, bands=1, frontier=2
[custom] test shape: M 8192, N 29568, K 8192
✅ all close!
✅ all close!
✅ all close!
✅ all close!
Rank 0 [custom] latency (ms): torch_total=5.55, torch_gemm_only=3.74, torch_rs_only=2.09, v2_total=6.86, v2_gemm_only=5.87, v2_rs_only=3.11, v2_internal_overlap=23.64%, v2_speedup_vs_torch=0.81, v2_speedup_vs_old=nan, chunk_rows=512, num_chunks=4, active_chunk_window=4, stage_slots=4, comm_lanes=1, n_bands=1, frontier_chunks=2
Rank 1 [custom] latency (ms): torch_total=5.54, torch_gemm_only=3.74, torch_rs_only=2.11, v2_total=6.41, v2_gemm_only=4.83, v2_rs_only=3.05, v2_internal_overlap=18.61%, v2_speedup_vs_torch=0.86, v2_speedup_vs_old=nan, chunk_rows=512, num_chunks=4, active_chunk_window=4, stage_slots=4, comm_lanes=1, n_bands=1, frontier_chunks=2
Rank 2 [custom] latency (ms): torch_total=5.56, torch_gemm_only=3.73, torch_rs_only=2.12, v2_total=6.52, v2_gemm_only=4.85, v2_rs_only=2.99, v2_internal_overlap=16.80%, v2_speedup_vs_torch=0.85, v2_speedup_vs_old=nan, chunk_rows=512, num_chunks=4, active_chunk_window=4, stage_slots=4, comm_lanes=1, n_bands=1, frontier_chunks=2
Rank 3 [custom] latency (ms): torch_total=5.57, torch_gemm_only=3.77, torch_rs_only=2.13, v2_total=6.68, v2_gemm_only=4.83, v2_rs_only=2.99, v2_internal_overlap=14.64%, v2_speedup_vs_torch=0.83, v2_speedup_vs_old=nan, chunk_rows=512, num_chunks=4, active_chunk_window=4, stage_slots=4, comm_lanes=1, n_bands=1, frontier_chunks=2
W0828 19:58:23.287000 46597 site-packages/torch/distributed/run.py:766] 
W0828 19:58:23.287000 46597 site-packages/torch/distributed/run.py:766] *****************************************
W0828 19:58:23.287000 46597 site-packages/torch/distributed/run.py:766] Setting OMP_NUM_THREADS environment variable for each process to be 1 in default, to avoid your system being overloaded, please further tune the variable for optimal performance in your application as needed. 
W0828 19:58:23.287000 46597 site-packages/torch/distributed/run.py:766] *****************************************
<frozen importlib._bootstrap_external>:1301: FutureWarning: The cuda.cuda module is deprecated and will be removed in a future release, please switch to use the cuda.bindings.driver module instead.
<frozen importlib._bootstrap_external>:1301: FutureWarning: The cuda.cudart module is deprecated and will be removed in a future release, please switch to use the cuda.bindings.runtime module instead.
<frozen importlib._bootstrap_external>:1301: FutureWarning: The cuda.cuda module is deprecated and will be removed in a future release, please switch to use the cuda.bindings.driver module instead.
<frozen importlib._bootstrap_external>:1301: FutureWarning: The cuda.cudart module is deprecated and will be removed in a future release, please switch to use the cuda.bindings.runtime module instead.
<frozen importlib._bootstrap_external>:1301: FutureWarning: The cuda.cuda module is deprecated and will be removed in a future release, please switch to use the cuda.bindings.driver module instead.
<frozen importlib._bootstrap_external>:1301: FutureWarning: The cuda.cudart module is deprecated and will be removed in a future release, please switch to use the cuda.bindings.runtime module instead.
<frozen importlib._bootstrap_external>:1301: FutureWarning: The cuda.cuda module is deprecated and will be removed in a future release, please switch to use the cuda.bindings.driver module instead.
<frozen importlib._bootstrap_external>:1301: FutureWarning: The cuda.cudart module is deprecated and will be removed in a future release, please switch to use the cuda.bindings.runtime module instead.
/root/Triton-distributed/python/triton_dist/kernels/nvidia/comm_perf_model.py:78: UserWarning: can not get max bandwidth of interface bonding_masters, return 0...
  warnings.warn(f"can not get max bandwidth of interface {interface}, return 0...")
/root/Triton-distributed/python/triton_dist/kernels/nvidia/comm_perf_model.py:78: UserWarning: can not get max bandwidth of interface bonding_masters, return 0...
  warnings.warn(f"can not get max bandwidth of interface {interface}, return 0...")
/root/Triton-distributed/python/triton_dist/kernels/nvidia/comm_perf_model.py:78: UserWarning: can not get max bandwidth of interface bonding_masters, return 0...
  warnings.warn(f"can not get max bandwidth of interface {interface}, return 0...")
/root/Triton-distributed/python/triton_dist/kernels/nvidia/comm_perf_model.py:78: UserWarning: can not get max bandwidth of interface bonding_masters, return 0...
  warnings.warn(f"can not get max bandwidth of interface {interface}, return 0...")
[search][coarse] candidate 57/128: max_total=6.8600 ms, mean_total=6.6175 ms, speedup_mean=0.8375, speedup_min=0.8100, overlap_mean=18.42%, lead_ratio=1.000 | chunk=512, window=4, stage=4, steady_sms=6, tail_sms=12, lanes=1, bands=1, frontier=2
[custom] test shape: M 8192, N 29568, K 8192
✅ all close!
✅ all close!
✅ all close!
✅ all close!
Rank 0 [custom] latency (ms): torch_total=5.61, torch_gemm_only=3.75, torch_rs_only=2.05, v2_total=6.13, v2_gemm_only=4.85, v2_rs_only=3.07, v2_internal_overlap=22.75%, v2_speedup_vs_torch=0.92, v2_speedup_vs_old=nan, chunk_rows=512, num_chunks=4, active_chunk_window=4, stage_slots=4, comm_lanes=2, n_bands=1, frontier_chunks=2
Rank 1 [custom] latency (ms): torch_total=5.60, torch_gemm_only=3.74, torch_rs_only=2.04, v2_total=6.17, v2_gemm_only=4.83, v2_rs_only=3.05, v2_internal_overlap=21.72%, v2_speedup_vs_torch=0.91, v2_speedup_vs_old=nan, chunk_rows=512, num_chunks=4, active_chunk_window=4, stage_slots=4, comm_lanes=2, n_bands=1, frontier_chunks=2
Rank 2 [custom] latency (ms): torch_total=5.59, torch_gemm_only=3.73, torch_rs_only=2.05, v2_total=6.03, v2_gemm_only=4.85, v2_rs_only=3.22, v2_internal_overlap=25.28%, v2_speedup_vs_torch=0.93, v2_speedup_vs_old=nan, chunk_rows=512, num_chunks=4, active_chunk_window=4, stage_slots=4, comm_lanes=2, n_bands=1, frontier_chunks=2
Rank 3 [custom] latency (ms): torch_total=5.62, torch_gemm_only=3.79, torch_rs_only=2.06, v2_total=6.01, v2_gemm_only=4.88, v2_rs_only=3.16, v2_internal_overlap=25.23%, v2_speedup_vs_torch=0.93, v2_speedup_vs_old=nan, chunk_rows=512, num_chunks=4, active_chunk_window=4, stage_slots=4, comm_lanes=2, n_bands=1, frontier_chunks=2
W0828 19:58:34.234000 47266 site-packages/torch/distributed/run.py:766] 
W0828 19:58:34.234000 47266 site-packages/torch/distributed/run.py:766] *****************************************
W0828 19:58:34.234000 47266 site-packages/torch/distributed/run.py:766] Setting OMP_NUM_THREADS environment variable for each process to be 1 in default, to avoid your system being overloaded, please further tune the variable for optimal performance in your application as needed. 
W0828 19:58:34.234000 47266 site-packages/torch/distributed/run.py:766] *****************************************
<frozen importlib._bootstrap_external>:1301: FutureWarning: The cuda.cuda module is deprecated and will be removed in a future release, please switch to use the cuda.bindings.driver module instead.
<frozen importlib._bootstrap_external>:1301: FutureWarning: The cuda.cudart module is deprecated and will be removed in a future release, please switch to use the cuda.bindings.runtime module instead.
<frozen importlib._bootstrap_external>:1301: FutureWarning: The cuda.cuda module is deprecated and will be removed in a future release, please switch to use the cuda.bindings.driver module instead.
<frozen importlib._bootstrap_external>:1301: FutureWarning: The cuda.cudart module is deprecated and will be removed in a future release, please switch to use the cuda.bindings.runtime module instead.
<frozen importlib._bootstrap_external>:1301: FutureWarning: The cuda.cuda module is deprecated and will be removed in a future release, please switch to use the cuda.bindings.driver module instead.
<frozen importlib._bootstrap_external>:1301: FutureWarning: The cuda.cudart module is deprecated and will be removed in a future release, please switch to use the cuda.bindings.runtime module instead.
<frozen importlib._bootstrap_external>:1301: FutureWarning: The cuda.cuda module is deprecated and will be removed in a future release, please switch to use the cuda.bindings.driver module instead.
<frozen importlib._bootstrap_external>:1301: FutureWarning: The cuda.cudart module is deprecated and will be removed in a future release, please switch to use the cuda.bindings.runtime module instead.
/root/Triton-distributed/python/triton_dist/kernels/nvidia/comm_perf_model.py:78: UserWarning: can not get max bandwidth of interface bonding_masters, return 0...
  warnings.warn(f"can not get max bandwidth of interface {interface}, return 0...")
/root/Triton-distributed/python/triton_dist/kernels/nvidia/comm_perf_model.py:78: UserWarning: can not get max bandwidth of interface bonding_masters, return 0...
  warnings.warn(f"can not get max bandwidth of interface {interface}, return 0...")
/root/Triton-distributed/python/triton_dist/kernels/nvidia/comm_perf_model.py:78: UserWarning: can not get max bandwidth of interface bonding_masters, return 0...
  warnings.warn(f"can not get max bandwidth of interface {interface}, return 0...")
/root/Triton-distributed/python/triton_dist/kernels/nvidia/comm_perf_model.py:78: UserWarning: can not get max bandwidth of interface bonding_masters, return 0...
  warnings.warn(f"can not get max bandwidth of interface {interface}, return 0...")
[search][coarse] candidate 58/128: max_total=6.1700 ms, mean_total=6.0850 ms, speedup_mean=0.9225, speedup_min=0.9100, overlap_mean=23.75%, lead_ratio=1.000 | chunk=512, window=4, stage=4, steady_sms=6, tail_sms=12, lanes=2, bands=1, frontier=2
[custom] test shape: M 8192, N 29568, K 8192
✅ all close!
✅ all close!
✅ all close!
✅ all close!
Rank 0 [custom] latency (ms): torch_total=5.55, torch_gemm_only=3.75, torch_rs_only=2.05, v2_total=6.25, v2_gemm_only=4.83, v2_rs_only=2.63, v2_internal_overlap=16.13%, v2_speedup_vs_torch=0.89, v2_speedup_vs_old=nan, chunk_rows=512, num_chunks=4, active_chunk_window=4, stage_slots=4, comm_lanes=1, n_bands=1, frontier_chunks=2
Rank 1 [custom] latency (ms): torch_total=5.55, torch_gemm_only=3.73, torch_rs_only=2.07, v2_total=6.36, v2_gemm_only=4.83, v2_rs_only=2.67, v2_internal_overlap=15.26%, v2_speedup_vs_torch=0.87, v2_speedup_vs_old=nan, chunk_rows=512, num_chunks=4, active_chunk_window=4, stage_slots=4, comm_lanes=1, n_bands=1, frontier_chunks=2
Rank 2 [custom] latency (ms): torch_total=5.55, torch_gemm_only=3.73, torch_rs_only=2.06, v2_total=6.05, v2_gemm_only=4.83, v2_rs_only=2.67, v2_internal_overlap=19.37%, v2_speedup_vs_torch=0.92, v2_speedup_vs_old=nan, chunk_rows=512, num_chunks=4, active_chunk_window=4, stage_slots=4, comm_lanes=1, n_bands=1, frontier_chunks=2
Rank 3 [custom] latency (ms): torch_total=5.55, torch_gemm_only=3.78, torch_rs_only=2.06, v2_total=6.08, v2_gemm_only=4.88, v2_rs_only=2.67, v2_internal_overlap=19.37%, v2_speedup_vs_torch=0.91, v2_speedup_vs_old=nan, chunk_rows=512, num_chunks=4, active_chunk_window=4, stage_slots=4, comm_lanes=1, n_bands=1, frontier_chunks=2
W0828 19:58:45.008000 47923 site-packages/torch/distributed/run.py:766] 
W0828 19:58:45.008000 47923 site-packages/torch/distributed/run.py:766] *****************************************
W0828 19:58:45.008000 47923 site-packages/torch/distributed/run.py:766] Setting OMP_NUM_THREADS environment variable for each process to be 1 in default, to avoid your system being overloaded, please further tune the variable for optimal performance in your application as needed. 
W0828 19:58:45.008000 47923 site-packages/torch/distributed/run.py:766] *****************************************
<frozen importlib._bootstrap_external>:1301: FutureWarning: The cuda.cuda module is deprecated and will be removed in a future release, please switch to use the cuda.bindings.driver module instead.
<frozen importlib._bootstrap_external>:1301: FutureWarning: The cuda.cudart module is deprecated and will be removed in a future release, please switch to use the cuda.bindings.runtime module instead.
<frozen importlib._bootstrap_external>:1301: FutureWarning: The cuda.cuda module is deprecated and will be removed in a future release, please switch to use the cuda.bindings.driver module instead.
<frozen importlib._bootstrap_external>:1301: FutureWarning: The cuda.cudart module is deprecated and will be removed in a future release, please switch to use the cuda.bindings.runtime module instead.
<frozen importlib._bootstrap_external>:1301: FutureWarning: The cuda.cuda module is deprecated and will be removed in a future release, please switch to use the cuda.bindings.driver module instead.
<frozen importlib._bootstrap_external>:1301: FutureWarning: The cuda.cudart module is deprecated and will be removed in a future release, please switch to use the cuda.bindings.runtime module instead.
<frozen importlib._bootstrap_external>:1301: FutureWarning: The cuda.cuda module is deprecated and will be removed in a future release, please switch to use the cuda.bindings.driver module instead.
<frozen importlib._bootstrap_external>:1301: FutureWarning: The cuda.cudart module is deprecated and will be removed in a future release, please switch to use the cuda.bindings.runtime module instead.
/root/Triton-distributed/python/triton_dist/kernels/nvidia/comm_perf_model.py:78: UserWarning: can not get max bandwidth of interface bonding_masters, return 0...
  warnings.warn(f"can not get max bandwidth of interface {interface}, return 0...")
/root/Triton-distributed/python/triton_dist/kernels/nvidia/comm_perf_model.py:78: UserWarning: can not get max bandwidth of interface bonding_masters, return 0...
  warnings.warn(f"can not get max bandwidth of interface {interface}, return 0...")
/root/Triton-distributed/python/triton_dist/kernels/nvidia/comm_perf_model.py:78: UserWarning: can not get max bandwidth of interface bonding_masters, return 0...
  warnings.warn(f"can not get max bandwidth of interface {interface}, return 0...")
/root/Triton-distributed/python/triton_dist/kernels/nvidia/comm_perf_model.py:78: UserWarning: can not get max bandwidth of interface bonding_masters, return 0...
  warnings.warn(f"can not get max bandwidth of interface {interface}, return 0...")
[search][coarse] candidate 59/128: max_total=6.3600 ms, mean_total=6.1850 ms, speedup_mean=0.8975, speedup_min=0.8700, overlap_mean=17.53%, lead_ratio=1.000 | chunk=512, window=4, stage=4, steady_sms=6, tail_sms=16, lanes=1, bands=1, frontier=2
[custom] test shape: M 8192, N 29568, K 8192
✅ all close!
✅ all close!
✅ all close!
✅ all close!
Rank 0 [custom] latency (ms): torch_total=5.58, torch_gemm_only=3.75, torch_rs_only=2.10, v2_total=6.24, v2_gemm_only=4.83, v2_rs_only=3.07, v2_internal_overlap=21.06%, v2_speedup_vs_torch=0.90, v2_speedup_vs_old=nan, chunk_rows=512, num_chunks=4, active_chunk_window=4, stage_slots=4, comm_lanes=2, n_bands=1, frontier_chunks=2
Rank 1 [custom] latency (ms): torch_total=5.56, torch_gemm_only=3.73, torch_rs_only=2.10, v2_total=6.33, v2_gemm_only=4.83, v2_rs_only=3.20, v2_internal_overlap=21.23%, v2_speedup_vs_torch=0.88, v2_speedup_vs_old=nan, chunk_rows=512, num_chunks=4, active_chunk_window=4, stage_slots=4, comm_lanes=2, n_bands=1, frontier_chunks=2
Rank 2 [custom] latency (ms): torch_total=5.56, torch_gemm_only=3.74, torch_rs_only=2.11, v2_total=6.04, v2_gemm_only=4.84, v2_rs_only=3.16, v2_internal_overlap=24.54%, v2_speedup_vs_torch=0.92, v2_speedup_vs_old=nan, chunk_rows=512, num_chunks=4, active_chunk_window=4, stage_slots=4, comm_lanes=2, n_bands=1, frontier_chunks=2
Rank 3 [custom] latency (ms): torch_total=5.58, torch_gemm_only=3.78, torch_rs_only=2.13, v2_total=6.20, v2_gemm_only=4.83, v2_rs_only=3.22, v2_internal_overlap=23.03%, v2_speedup_vs_torch=0.90, v2_speedup_vs_old=nan, chunk_rows=512, num_chunks=4, active_chunk_window=4, stage_slots=4, comm_lanes=2, n_bands=1, frontier_chunks=2
W0828 19:58:56.318000 48574 site-packages/torch/distributed/run.py:766] 
W0828 19:58:56.318000 48574 site-packages/torch/distributed/run.py:766] *****************************************
W0828 19:58:56.318000 48574 site-packages/torch/distributed/run.py:766] Setting OMP_NUM_THREADS environment variable for each process to be 1 in default, to avoid your system being overloaded, please further tune the variable for optimal performance in your application as needed. 
W0828 19:58:56.318000 48574 site-packages/torch/distributed/run.py:766] *****************************************
<frozen importlib._bootstrap_external>:1301: FutureWarning: The cuda.cuda module is deprecated and will be removed in a future release, please switch to use the cuda.bindings.driver module instead.
<frozen importlib._bootstrap_external>:1301: FutureWarning: The cuda.cudart module is deprecated and will be removed in a future release, please switch to use the cuda.bindings.runtime module instead.
<frozen importlib._bootstrap_external>:1301: FutureWarning: The cuda.cuda module is deprecated and will be removed in a future release, please switch to use the cuda.bindings.driver module instead.
<frozen importlib._bootstrap_external>:1301: FutureWarning: The cuda.cudart module is deprecated and will be removed in a future release, please switch to use the cuda.bindings.runtime module instead.
<frozen importlib._bootstrap_external>:1301: FutureWarning: The cuda.cuda module is deprecated and will be removed in a future release, please switch to use the cuda.bindings.driver module instead.
<frozen importlib._bootstrap_external>:1301: FutureWarning: The cuda.cudart module is deprecated and will be removed in a future release, please switch to use the cuda.bindings.runtime module instead.
<frozen importlib._bootstrap_external>:1301: FutureWarning: The cuda.cuda module is deprecated and will be removed in a future release, please switch to use the cuda.bindings.driver module instead.
<frozen importlib._bootstrap_external>:1301: FutureWarning: The cuda.cudart module is deprecated and will be removed in a future release, please switch to use the cuda.bindings.runtime module instead.
/root/Triton-distributed/python/triton_dist/kernels/nvidia/comm_perf_model.py:78: UserWarning: can not get max bandwidth of interface bonding_masters, return 0...
  warnings.warn(f"can not get max bandwidth of interface {interface}, return 0...")
/root/Triton-distributed/python/triton_dist/kernels/nvidia/comm_perf_model.py:78: UserWarning: can not get max bandwidth of interface bonding_masters, return 0...
  warnings.warn(f"can not get max bandwidth of interface {interface}, return 0...")
/root/Triton-distributed/python/triton_dist/kernels/nvidia/comm_perf_model.py:78: UserWarning: can not get max bandwidth of interface bonding_masters, return 0...
  warnings.warn(f"can not get max bandwidth of interface {interface}, return 0...")
/root/Triton-distributed/python/triton_dist/kernels/nvidia/comm_perf_model.py:78: UserWarning: can not get max bandwidth of interface bonding_masters, return 0...
  warnings.warn(f"can not get max bandwidth of interface {interface}, return 0...")
[search][coarse] candidate 60/128: max_total=6.3300 ms, mean_total=6.2025 ms, speedup_mean=0.9000, speedup_min=0.8800, overlap_mean=22.46%, lead_ratio=1.000 | chunk=512, window=4, stage=4, steady_sms=6, tail_sms=16, lanes=2, bands=1, frontier=2
[custom] test shape: M 8192, N 29568, K 8192
✅ all close!
✅ all close!
✅ all close!
✅ all close!
W0828 19:59:07.278000 49226 site-packages/torch/distributed/run.py:766] 
W0828 19:59:07.278000 49226 site-packages/torch/distributed/run.py:766] *****************************************
W0828 19:59:07.278000 49226 site-packages/torch/distributed/run.py:766] Setting OMP_NUM_THREADS environment variable for each process to be 1 in default, to avoid your system being overloaded, please further tune the variable for optimal performance in your application as needed. 
W0828 19:59:07.278000 49226 site-packages/torch/distributed/run.py:766] *****************************************
<frozen importlib._bootstrap_external>:1301: FutureWarning: The cuda.cuda module is deprecated and will be removed in a future release, please switch to use the cuda.bindings.driver module instead.
<frozen importlib._bootstrap_external>:1301: FutureWarning: The cuda.cudart module is deprecated and will be removed in a future release, please switch to use the cuda.bindings.runtime module instead.
<frozen importlib._bootstrap_external>:1301: FutureWarning: The cuda.cuda module is deprecated and will be removed in a future release, please switch to use the cuda.bindings.driver module instead.
<frozen importlib._bootstrap_external>:1301: FutureWarning: The cuda.cudart module is deprecated and will be removed in a future release, please switch to use the cuda.bindings.runtime module instead.
<frozen importlib._bootstrap_external>:1301: FutureWarning: The cuda.cuda module is deprecated and will be removed in a future release, please switch to use the cuda.bindings.driver module instead.
<frozen importlib._bootstrap_external>:1301: FutureWarning: The cuda.cudart module is deprecated and will be removed in a future release, please switch to use the cuda.bindings.runtime module instead.
<frozen importlib._bootstrap_external>:1301: FutureWarning: The cuda.cuda module is deprecated and will be removed in a future release, please switch to use the cuda.bindings.driver module instead.
<frozen importlib._bootstrap_external>:1301: FutureWarning: The cuda.cudart module is deprecated and will be removed in a future release, please switch to use the cuda.bindings.runtime module instead.
/root/Triton-distributed/python/triton_dist/kernels/nvidia/comm_perf_model.py:78: UserWarning: can not get max bandwidth of interface bonding_masters, return 0...
  warnings.warn(f"can not get max bandwidth of interface {interface}, return 0...")
/root/Triton-distributed/python/triton_dist/kernels/nvidia/comm_perf_model.py:78: UserWarning: can not get max bandwidth of interface bonding_masters, return 0...
  warnings.warn(f"can not get max bandwidth of interface {interface}, return 0...")
/root/Triton-distributed/python/triton_dist/kernels/nvidia/comm_perf_model.py:78: UserWarning: can not get max bandwidth of interface bonding_masters, return 0...
  warnings.warn(f"can not get max bandwidth of interface {interface}, return 0...")
/root/Triton-distributed/python/triton_dist/kernels/nvidia/comm_perf_model.py:78: UserWarning: can not get max bandwidth of interface bonding_masters, return 0...
  warnings.warn(f"can not get max bandwidth of interface {interface}, return 0...")
[rank0]:[E828 19:59:14.869087773 ProcessGroupNCCL.cpp:1896] [PG ID 1 PG GUID 1 Rank 0] Process group watchdog thread terminated with exception: NCCL error in: /pytorch/torch/csrc/distributed/c10d/NCCLUtils.cpp:334, unhandled system error (run with NCCL_DEBUG=INFO for details), NCCL version 2.26.2
ncclSystemError: System call (e.g. socket, malloc) or external library call failed or device error. 
Last error:
Call to pthread_join failed: No such process
Exception raised from checkForNcclError at /pytorch/torch/csrc/distributed/c10d/NCCLUtils.cpp:334 (most recent call first):
frame #0: c10::Error::Error(c10::SourceLocation, std::__cxx11::basic_string<char, std::char_traits<char>, std::allocator<char> >) + 0x98 (0x7f36051785e8 in /root/miniconda3/lib/python3.12/site-packages/torch/lib/libc10.so)
frame #1: <unknown function> + 0x11b4a6e (0x7f35ab624a6e in /root/miniconda3/lib/python3.12/site-packages/torch/lib/libtorch_cuda.so)
frame #2: <unknown function> + 0xe00574 (0x7f35ab270574 in /root/miniconda3/lib/python3.12/site-packages/torch/lib/libtorch_cuda.so)
frame #3: c10d::ProcessGroupNCCL::checkForNCCLErrorsInternal(std::shared_ptr<c10d::NCCLComm>&) + 0x138 (0x7f35ab648168 in /root/miniconda3/lib/python3.12/site-packages/torch/lib/libtorch_cuda.so)
frame #4: c10d::ProcessGroupNCCL::WorkNCCL::checkAndSetException() + 0x73 (0x7f35ab652483 in /root/miniconda3/lib/python3.12/site-packages/torch/lib/libtorch_cuda.so)
frame #5: c10d::ProcessGroupNCCL::watchdogHandler() + 0x828 (0x7f35ab654348 in /root/miniconda3/lib/python3.12/site-packages/torch/lib/libtorch_cuda.so)
frame #6: c10d::ProcessGroupNCCL::ncclCommWatchdog() + 0x14d (0x7f35ab655ead in /root/miniconda3/lib/python3.12/site-packages/torch/lib/libtorch_cuda.so)
frame #7: <unknown function> + 0xecdb4 (0x7f359b596db4 in /root/miniconda3/bin/../lib/libstdc++.so.6)
frame #8: <unknown function> + 0x9caa4 (0x7f36067f5aa4 in /lib/x86_64-linux-gnu/libc.so.6)
frame #9: <unknown function> + 0x129c3c (0x7f3606882c3c in /lib/x86_64-linux-gnu/libc.so.6)

terminate called after throwing an instance of 'c10::DistBackendError'
  what():  [PG ID 1 PG GUID 1 Rank 0] Process group watchdog thread terminated with exception: NCCL error in: /pytorch/torch/csrc/distributed/c10d/NCCLUtils.cpp:334, unhandled system error (run with NCCL_DEBUG=INFO for details), NCCL version 2.26.2
ncclSystemError: System call (e.g. socket, malloc) or external library call failed or device error. 
Last error:
Call to pthread_join failed: No such process
Exception raised from checkForNcclError at /pytorch/torch/csrc/distributed/c10d/NCCLUtils.cpp:334 (most recent call first):
frame #0: c10::Error::Error(c10::SourceLocation, std::__cxx11::basic_string<char, std::char_traits<char>, std::allocator<char> >) + 0x98 (0x7f36051785e8 in /root/miniconda3/lib/python3.12/site-packages/torch/lib/libc10.so)
frame #1: <unknown function> + 0x11b4a6e (0x7f35ab624a6e in /root/miniconda3/lib/python3.12/site-packages/torch/lib/libtorch_cuda.so)
frame #2: <unknown function> + 0xe00574 (0x7f35ab270574 in /root/miniconda3/lib/python3.12/site-packages/torch/lib/libtorch_cuda.so)
frame #3: c10d::ProcessGroupNCCL::checkForNCCLErrorsInternal(std::shared_ptr<c10d::NCCLComm>&) + 0x138 (0x7f35ab648168 in /root/miniconda3/lib/python3.12/site-packages/torch/lib/libtorch_cuda.so)
frame #4: c10d::ProcessGroupNCCL::WorkNCCL::checkAndSetException() + 0x73 (0x7f35ab652483 in /root/miniconda3/lib/python3.12/site-packages/torch/lib/libtorch_cuda.so)
frame #5: c10d::ProcessGroupNCCL::watchdogHandler() + 0x828 (0x7f35ab654348 in /root/miniconda3/lib/python3.12/site-packages/torch/lib/libtorch_cuda.so)
frame #6: c10d::ProcessGroupNCCL::ncclCommWatchdog() + 0x14d (0x7f35ab655ead in /root/miniconda3/lib/python3.12/site-packages/torch/lib/libtorch_cuda.so)
frame #7: <unknown function> + 0xecdb4 (0x7f359b596db4 in /root/miniconda3/bin/../lib/libstdc++.so.6)
frame #8: <unknown function> + 0x9caa4 (0x7f36067f5aa4 in /lib/x86_64-linux-gnu/libc.so.6)
frame #9: <unknown function> + 0x129c3c (0x7f3606882c3c in /lib/x86_64-linux-gnu/libc.so.6)

Exception raised from ncclCommWatchdog at /pytorch/torch/csrc/distributed/c10d/ProcessGroupNCCL.cpp:1902 (most recent call first):
frame #0: c10::Error::Error(c10::SourceLocation, std::__cxx11::basic_string<char, std::char_traits<char>, std::allocator<char> >) + 0x98 (0x7f36051785e8 in /root/miniconda3/lib/python3.12/site-packages/torch/lib/libc10.so)
frame #1: <unknown function> + 0x11b4a6e (0x7f35ab624a6e in /root/miniconda3/lib/python3.12/site-packages/torch/lib/libtorch_cuda.so)
frame #2: <unknown function> + 0xe07bed (0x7f35ab277bed in /root/miniconda3/lib/python3.12/site-packages/torch/lib/libtorch_cuda.so)
frame #3: <unknown function> + 0xecdb4 (0x7f359b596db4 in /root/miniconda3/bin/../lib/libstdc++.so.6)
frame #4: <unknown function> + 0x9caa4 (0x7f36067f5aa4 in /lib/x86_64-linux-gnu/libc.so.6)
frame #5: <unknown function> + 0x129c3c (0x7f3606882c3c in /lib/x86_64-linux-gnu/libc.so.6)

W0828 19:59:14.798000 49226 site-packages/torch/distributed/elastic/multiprocessing/api.py:900] Sending process 49292 closing signal SIGTERM
W0828 19:59:14.798000 49226 site-packages/torch/distributed/elastic/multiprocessing/api.py:900] Sending process 49293 closing signal SIGTERM
W0828 19:59:14.800000 49226 site-packages/torch/distributed/elastic/multiprocessing/api.py:900] Sending process 49294 closing signal SIGTERM
E0828 19:59:15.492000 49226 site-packages/torch/distributed/elastic/multiprocessing/api.py:874] failed (exitcode: -6) local_rank: 0 (pid: 49291) of binary: /root/miniconda3/bin/python3.12
Traceback (most recent call last):
  File "/root/miniconda3/bin/torchrun", line 7, in <module>
    sys.exit(main())
             ^^^^^^
  File "/root/miniconda3/lib/python3.12/site-packages/torch/distributed/elastic/multiprocessing/errors/__init__.py", line 355, in wrapper
    return f(*args, **kwargs)
           ^^^^^^^^^^^^^^^^^^
  File "/root/miniconda3/lib/python3.12/site-packages/torch/distributed/run.py", line 892, in main
    run(args)
  File "/root/miniconda3/lib/python3.12/site-packages/torch/distributed/run.py", line 883, in run
    elastic_launch(
  File "/root/miniconda3/lib/python3.12/site-packages/torch/distributed/launcher/api.py", line 139, in __call__
    return launch_agent(self._config, self._entrypoint, list(args))
           ^^^^^^^^^^^^^^^^^^^^^^^^^^^^^^^^^^^^^^^^^^^^^^^^^^^^^^^^
  File "/root/miniconda3/lib/python3.12/site-packages/torch/distributed/launcher/api.py", line 270, in launch_agent
    raise ChildFailedError(
torch.distributed.elastic.multiprocessing.errors.ChildFailedError: 
============================================================
/root/Triton-distributed/python/triton_dist/benchmark/bench_3rdv5_frontier_windowed_panel_gemmrs.py FAILED
------------------------------------------------------------
Failures:
  <NO_OTHER_FAILURES>
------------------------------------------------------------
Root Cause (first observed failure):
[0]:
  time      : 2026-08-28_19:59:14
  host      : cs-d085f-deb6f-server
  rank      : 0 (local_rank: 0)
  exitcode  : -6 (pid: 49291)
  error_file: <N/A>
  traceback : Signal 6 (SIGABRT) received by PID 49291
============================================================
[search][coarse] candidate 61/128 failed(rc=1): chunk=512, window=4, stage=4, steady_sms=6, tail_sms=20, lanes=1, bands=1, frontier=2
[custom] test shape: M 8192, N 29568, K 8192
✅ all close!
✅ all close!
✅ all close!
✅ all close!
Rank 0 [custom] latency (ms): torch_total=5.55, torch_gemm_only=3.74, torch_rs_only=2.08, v2_total=6.71, v2_gemm_only=5.87, v2_rs_only=3.18, v2_internal_overlap=25.78%, v2_speedup_vs_torch=0.83, v2_speedup_vs_old=nan, chunk_rows=512, num_chunks=4, active_chunk_window=4, stage_slots=4, comm_lanes=2, n_bands=1, frontier_chunks=2
Rank 1 [custom] latency (ms): torch_total=5.55, torch_gemm_only=3.73, torch_rs_only=2.10, v2_total=6.22, v2_gemm_only=5.15, v2_rs_only=3.16, v2_internal_overlap=25.22%, v2_speedup_vs_torch=0.89, v2_speedup_vs_old=nan, chunk_rows=512, num_chunks=4, active_chunk_window=4, stage_slots=4, comm_lanes=2, n_bands=1, frontier_chunks=2
Rank 2 [custom] latency (ms): torch_total=5.56, torch_gemm_only=3.73, torch_rs_only=2.10, v2_total=6.27, v2_gemm_only=4.85, v2_rs_only=3.11, v2_internal_overlap=21.25%, v2_speedup_vs_torch=0.89, v2_speedup_vs_old=nan, chunk_rows=512, num_chunks=4, active_chunk_window=4, stage_slots=4, comm_lanes=2, n_bands=1, frontier_chunks=2
Rank 3 [custom] latency (ms): torch_total=5.57, torch_gemm_only=3.77, torch_rs_only=2.08, v2_total=6.42, v2_gemm_only=4.83, v2_rs_only=3.13, v2_internal_overlap=19.28%, v2_speedup_vs_torch=0.87, v2_speedup_vs_old=nan, chunk_rows=512, num_chunks=4, active_chunk_window=4, stage_slots=4, comm_lanes=2, n_bands=1, frontier_chunks=2
W0828 19:59:17.242000 49617 site-packages/torch/distributed/run.py:766] 
W0828 19:59:17.242000 49617 site-packages/torch/distributed/run.py:766] *****************************************
W0828 19:59:17.242000 49617 site-packages/torch/distributed/run.py:766] Setting OMP_NUM_THREADS environment variable for each process to be 1 in default, to avoid your system being overloaded, please further tune the variable for optimal performance in your application as needed. 
W0828 19:59:17.242000 49617 site-packages/torch/distributed/run.py:766] *****************************************
<frozen importlib._bootstrap_external>:1301: FutureWarning: The cuda.cuda module is deprecated and will be removed in a future release, please switch to use the cuda.bindings.driver module instead.
<frozen importlib._bootstrap_external>:1301: FutureWarning: The cuda.cudart module is deprecated and will be removed in a future release, please switch to use the cuda.bindings.runtime module instead.
<frozen importlib._bootstrap_external>:1301: FutureWarning: The cuda.cuda module is deprecated and will be removed in a future release, please switch to use the cuda.bindings.driver module instead.
<frozen importlib._bootstrap_external>:1301: FutureWarning: The cuda.cudart module is deprecated and will be removed in a future release, please switch to use the cuda.bindings.runtime module instead.
<frozen importlib._bootstrap_external>:1301: FutureWarning: The cuda.cuda module is deprecated and will be removed in a future release, please switch to use the cuda.bindings.driver module instead.
<frozen importlib._bootstrap_external>:1301: FutureWarning: The cuda.cudart module is deprecated and will be removed in a future release, please switch to use the cuda.bindings.runtime module instead.
<frozen importlib._bootstrap_external>:1301: FutureWarning: The cuda.cuda module is deprecated and will be removed in a future release, please switch to use the cuda.bindings.driver module instead.
<frozen importlib._bootstrap_external>:1301: FutureWarning: The cuda.cudart module is deprecated and will be removed in a future release, please switch to use the cuda.bindings.runtime module instead.
/root/Triton-distributed/python/triton_dist/kernels/nvidia/comm_perf_model.py:78: UserWarning: can not get max bandwidth of interface bonding_masters, return 0...
  warnings.warn(f"can not get max bandwidth of interface {interface}, return 0...")
/root/Triton-distributed/python/triton_dist/kernels/nvidia/comm_perf_model.py:78: UserWarning: can not get max bandwidth of interface bonding_masters, return 0...
  warnings.warn(f"can not get max bandwidth of interface {interface}, return 0...")
/root/Triton-distributed/python/triton_dist/kernels/nvidia/comm_perf_model.py:78: UserWarning: can not get max bandwidth of interface bonding_masters, return 0...
  warnings.warn(f"can not get max bandwidth of interface {interface}, return 0...")
/root/Triton-distributed/python/triton_dist/kernels/nvidia/comm_perf_model.py:78: UserWarning: can not get max bandwidth of interface bonding_masters, return 0...
  warnings.warn(f"can not get max bandwidth of interface {interface}, return 0...")
[search][coarse] candidate 62/128: max_total=6.7100 ms, mean_total=6.4050 ms, speedup_mean=0.8700, speedup_min=0.8300, overlap_mean=22.88%, lead_ratio=1.000 | chunk=512, window=4, stage=4, steady_sms=6, tail_sms=20, lanes=2, bands=1, frontier=2
[custom] test shape: M 8192, N 29568, K 8192
✅ all close!
✅ all close!
✅ all close!
✅ all close!
Rank 0 [custom] latency (ms): torch_total=5.57, torch_gemm_only=3.73, torch_rs_only=2.09, v2_total=6.16, v2_gemm_only=4.82, v2_rs_only=2.99, v2_internal_overlap=21.06%, v2_speedup_vs_torch=0.90, v2_speedup_vs_old=nan, chunk_rows=512, num_chunks=4, active_chunk_window=4, stage_slots=4, comm_lanes=1, n_bands=1, frontier_chunks=2
Rank 1 [custom] latency (ms): torch_total=5.57, torch_gemm_only=3.73, torch_rs_only=2.08, v2_total=6.27, v2_gemm_only=4.83, v2_rs_only=2.92, v2_internal_overlap=19.06%, v2_speedup_vs_torch=0.89, v2_speedup_vs_old=nan, chunk_rows=512, num_chunks=4, active_chunk_window=4, stage_slots=4, comm_lanes=1, n_bands=1, frontier_chunks=2
Rank 2 [custom] latency (ms): torch_total=5.55, torch_gemm_only=3.73, torch_rs_only=2.08, v2_total=5.99, v2_gemm_only=4.85, v2_rs_only=2.85, v2_internal_overlap=22.25%, v2_speedup_vs_torch=0.93, v2_speedup_vs_old=nan, chunk_rows=512, num_chunks=4, active_chunk_window=4, stage_slots=4, comm_lanes=1, n_bands=1, frontier_chunks=2
Rank 3 [custom] latency (ms): torch_total=5.56, torch_gemm_only=3.77, torch_rs_only=2.10, v2_total=6.02, v2_gemm_only=4.83, v2_rs_only=2.92, v2_internal_overlap=22.39%, v2_speedup_vs_torch=0.92, v2_speedup_vs_old=nan, chunk_rows=512, num_chunks=4, active_chunk_window=4, stage_slots=4, comm_lanes=1, n_bands=1, frontier_chunks=2
W0828 19:59:28.620000 50273 site-packages/torch/distributed/run.py:766] 
W0828 19:59:28.620000 50273 site-packages/torch/distributed/run.py:766] *****************************************
W0828 19:59:28.620000 50273 site-packages/torch/distributed/run.py:766] Setting OMP_NUM_THREADS environment variable for each process to be 1 in default, to avoid your system being overloaded, please further tune the variable for optimal performance in your application as needed. 
W0828 19:59:28.620000 50273 site-packages/torch/distributed/run.py:766] *****************************************
<frozen importlib._bootstrap_external>:1301: FutureWarning: The cuda.cuda module is deprecated and will be removed in a future release, please switch to use the cuda.bindings.driver module instead.
<frozen importlib._bootstrap_external>:1301: FutureWarning: The cuda.cudart module is deprecated and will be removed in a future release, please switch to use the cuda.bindings.runtime module instead.
<frozen importlib._bootstrap_external>:1301: FutureWarning: The cuda.cuda module is deprecated and will be removed in a future release, please switch to use the cuda.bindings.driver module instead.
<frozen importlib._bootstrap_external>:1301: FutureWarning: The cuda.cudart module is deprecated and will be removed in a future release, please switch to use the cuda.bindings.runtime module instead.
<frozen importlib._bootstrap_external>:1301: FutureWarning: The cuda.cuda module is deprecated and will be removed in a future release, please switch to use the cuda.bindings.driver module instead.
<frozen importlib._bootstrap_external>:1301: FutureWarning: The cuda.cudart module is deprecated and will be removed in a future release, please switch to use the cuda.bindings.runtime module instead.
<frozen importlib._bootstrap_external>:1301: FutureWarning: The cuda.cuda module is deprecated and will be removed in a future release, please switch to use the cuda.bindings.driver module instead.
<frozen importlib._bootstrap_external>:1301: FutureWarning: The cuda.cudart module is deprecated and will be removed in a future release, please switch to use the cuda.bindings.runtime module instead.
/root/Triton-distributed/python/triton_dist/kernels/nvidia/comm_perf_model.py:78: UserWarning: can not get max bandwidth of interface bonding_masters, return 0...
  warnings.warn(f"can not get max bandwidth of interface {interface}, return 0...")
/root/Triton-distributed/python/triton_dist/kernels/nvidia/comm_perf_model.py:78: UserWarning: can not get max bandwidth of interface bonding_masters, return 0...
  warnings.warn(f"can not get max bandwidth of interface {interface}, return 0...")
/root/Triton-distributed/python/triton_dist/kernels/nvidia/comm_perf_model.py:78: UserWarning: can not get max bandwidth of interface bonding_masters, return 0...
  warnings.warn(f"can not get max bandwidth of interface {interface}, return 0...")
/root/Triton-distributed/python/triton_dist/kernels/nvidia/comm_perf_model.py:78: UserWarning: can not get max bandwidth of interface bonding_masters, return 0...
  warnings.warn(f"can not get max bandwidth of interface {interface}, return 0...")
[search][coarse] candidate 63/128: max_total=6.2700 ms, mean_total=6.1100 ms, speedup_mean=0.9100, speedup_min=0.8900, overlap_mean=21.19%, lead_ratio=1.000 | chunk=512, window=4, stage=4, steady_sms=6, tail_sms=24, lanes=1, bands=1, frontier=2
[custom] test shape: M 8192, N 29568, K 8192
✅ all close!
✅ all close!
✅ all close!
✅ all close!
Rank 0 [custom] latency (ms): torch_total=5.57, torch_gemm_only=3.73, torch_rs_only=2.06, v2_total=6.03, v2_gemm_only=4.85, v2_rs_only=3.10, v2_internal_overlap=24.21%, v2_speedup_vs_torch=0.92, v2_speedup_vs_old=nan, chunk_rows=512, num_chunks=4, active_chunk_window=4, stage_slots=4, comm_lanes=2, n_bands=1, frontier_chunks=2
Rank 1 [custom] latency (ms): torch_total=5.55, torch_gemm_only=3.73, torch_rs_only=2.03, v2_total=6.12, v2_gemm_only=4.83, v2_rs_only=3.05, v2_internal_overlap=22.37%, v2_speedup_vs_torch=0.91, v2_speedup_vs_old=nan, chunk_rows=512, num_chunks=4, active_chunk_window=4, stage_slots=4, comm_lanes=2, n_bands=1, frontier_chunks=2
Rank 2 [custom] latency (ms): torch_total=5.55, torch_gemm_only=3.73, torch_rs_only=2.05, v2_total=5.97, v2_gemm_only=4.85, v2_rs_only=3.07, v2_internal_overlap=24.70%, v2_speedup_vs_torch=0.93, v2_speedup_vs_old=nan, chunk_rows=512, num_chunks=4, active_chunk_window=4, stage_slots=4, comm_lanes=2, n_bands=1, frontier_chunks=2
Rank 3 [custom] latency (ms): torch_total=5.56, torch_gemm_only=3.78, torch_rs_only=2.06, v2_total=6.00, v2_gemm_only=4.84, v2_rs_only=3.11, v2_internal_overlap=24.48%, v2_speedup_vs_torch=0.93, v2_speedup_vs_old=nan, chunk_rows=512, num_chunks=4, active_chunk_window=4, stage_slots=4, comm_lanes=2, n_bands=1, frontier_chunks=2
W0828 19:59:39.416000 50924 site-packages/torch/distributed/run.py:766] 
W0828 19:59:39.416000 50924 site-packages/torch/distributed/run.py:766] *****************************************
W0828 19:59:39.416000 50924 site-packages/torch/distributed/run.py:766] Setting OMP_NUM_THREADS environment variable for each process to be 1 in default, to avoid your system being overloaded, please further tune the variable for optimal performance in your application as needed. 
W0828 19:59:39.416000 50924 site-packages/torch/distributed/run.py:766] *****************************************
<frozen importlib._bootstrap_external>:1301: FutureWarning: The cuda.cuda module is deprecated and will be removed in a future release, please switch to use the cuda.bindings.driver module instead.
<frozen importlib._bootstrap_external>:1301: FutureWarning: The cuda.cudart module is deprecated and will be removed in a future release, please switch to use the cuda.bindings.runtime module instead.
<frozen importlib._bootstrap_external>:1301: FutureWarning: The cuda.cuda module is deprecated and will be removed in a future release, please switch to use the cuda.bindings.driver module instead.
<frozen importlib._bootstrap_external>:1301: FutureWarning: The cuda.cudart module is deprecated and will be removed in a future release, please switch to use the cuda.bindings.runtime module instead.
<frozen importlib._bootstrap_external>:1301: FutureWarning: The cuda.cuda module is deprecated and will be removed in a future release, please switch to use the cuda.bindings.driver module instead.
<frozen importlib._bootstrap_external>:1301: FutureWarning: The cuda.cudart module is deprecated and will be removed in a future release, please switch to use the cuda.bindings.runtime module instead.
<frozen importlib._bootstrap_external>:1301: FutureWarning: The cuda.cuda module is deprecated and will be removed in a future release, please switch to use the cuda.bindings.driver module instead.
<frozen importlib._bootstrap_external>:1301: FutureWarning: The cuda.cudart module is deprecated and will be removed in a future release, please switch to use the cuda.bindings.runtime module instead.
/root/Triton-distributed/python/triton_dist/kernels/nvidia/comm_perf_model.py:78: UserWarning: can not get max bandwidth of interface bonding_masters, return 0...
  warnings.warn(f"can not get max bandwidth of interface {interface}, return 0...")
/root/Triton-distributed/python/triton_dist/kernels/nvidia/comm_perf_model.py:78: UserWarning: can not get max bandwidth of interface bonding_masters, return 0...
  warnings.warn(f"can not get max bandwidth of interface {interface}, return 0...")
/root/Triton-distributed/python/triton_dist/kernels/nvidia/comm_perf_model.py:78: UserWarning: can not get max bandwidth of interface bonding_masters, return 0...
  warnings.warn(f"can not get max bandwidth of interface {interface}, return 0...")
/root/Triton-distributed/python/triton_dist/kernels/nvidia/comm_perf_model.py:78: UserWarning: can not get max bandwidth of interface bonding_masters, return 0...
  warnings.warn(f"can not get max bandwidth of interface {interface}, return 0...")
[search][coarse] candidate 64/128: max_total=6.1200 ms, mean_total=6.0300 ms, speedup_mean=0.9225, speedup_min=0.9100, overlap_mean=23.94%, lead_ratio=1.000 | chunk=512, window=4, stage=4, steady_sms=6, tail_sms=24, lanes=2, bands=1, frontier=2
[custom] test shape: M 8192, N 29568, K 8192
✅ all close!
✅ all close!
✅ all close!
✅ all close!
Rank 0 [custom] latency (ms): torch_total=5.55, torch_gemm_only=3.74, torch_rs_only=2.01, v2_total=6.05, v2_gemm_only=4.90, v2_rs_only=3.24, v2_internal_overlap=25.71%, v2_speedup_vs_torch=0.92, v2_speedup_vs_old=nan, chunk_rows=512, num_chunks=4, active_chunk_window=4, stage_slots=2, comm_lanes=1, n_bands=2, frontier_chunks=1
Rank 1 [custom] latency (ms): torch_total=5.55, torch_gemm_only=3.74, torch_rs_only=2.00, v2_total=6.06, v2_gemm_only=4.90, v2_rs_only=3.26, v2_internal_overlap=25.77%, v2_speedup_vs_torch=0.92, v2_speedup_vs_old=nan, chunk_rows=512, num_chunks=4, active_chunk_window=4, stage_slots=2, comm_lanes=1, n_bands=2, frontier_chunks=1
Rank 2 [custom] latency (ms): torch_total=5.54, torch_gemm_only=3.73, torch_rs_only=2.04, v2_total=6.08, v2_gemm_only=4.92, v2_rs_only=3.18, v2_internal_overlap=24.89%, v2_speedup_vs_torch=0.91, v2_speedup_vs_old=nan, chunk_rows=512, num_chunks=4, active_chunk_window=4, stage_slots=2, comm_lanes=1, n_bands=2, frontier_chunks=1
Rank 3 [custom] latency (ms): torch_total=5.57, torch_gemm_only=3.78, torch_rs_only=2.02, v2_total=6.05, v2_gemm_only=4.90, v2_rs_only=3.18, v2_internal_overlap=25.14%, v2_speedup_vs_torch=0.92, v2_speedup_vs_old=nan, chunk_rows=512, num_chunks=4, active_chunk_window=4, stage_slots=2, comm_lanes=1, n_bands=2, frontier_chunks=1
W0828 19:59:50.387000 51577 site-packages/torch/distributed/run.py:766] 
W0828 19:59:50.387000 51577 site-packages/torch/distributed/run.py:766] *****************************************
W0828 19:59:50.387000 51577 site-packages/torch/distributed/run.py:766] Setting OMP_NUM_THREADS environment variable for each process to be 1 in default, to avoid your system being overloaded, please further tune the variable for optimal performance in your application as needed. 
W0828 19:59:50.387000 51577 site-packages/torch/distributed/run.py:766] *****************************************
<frozen importlib._bootstrap_external>:1301: FutureWarning: The cuda.cuda module is deprecated and will be removed in a future release, please switch to use the cuda.bindings.driver module instead.
<frozen importlib._bootstrap_external>:1301: FutureWarning: The cuda.cudart module is deprecated and will be removed in a future release, please switch to use the cuda.bindings.runtime module instead.
<frozen importlib._bootstrap_external>:1301: FutureWarning: The cuda.cuda module is deprecated and will be removed in a future release, please switch to use the cuda.bindings.driver module instead.
<frozen importlib._bootstrap_external>:1301: FutureWarning: The cuda.cudart module is deprecated and will be removed in a future release, please switch to use the cuda.bindings.runtime module instead.
<frozen importlib._bootstrap_external>:1301: FutureWarning: The cuda.cuda module is deprecated and will be removed in a future release, please switch to use the cuda.bindings.driver module instead.
<frozen importlib._bootstrap_external>:1301: FutureWarning: The cuda.cudart module is deprecated and will be removed in a future release, please switch to use the cuda.bindings.runtime module instead.
<frozen importlib._bootstrap_external>:1301: FutureWarning: The cuda.cuda module is deprecated and will be removed in a future release, please switch to use the cuda.bindings.driver module instead.
<frozen importlib._bootstrap_external>:1301: FutureWarning: The cuda.cudart module is deprecated and will be removed in a future release, please switch to use the cuda.bindings.runtime module instead.
/root/Triton-distributed/python/triton_dist/kernels/nvidia/comm_perf_model.py:78: UserWarning: can not get max bandwidth of interface bonding_masters, return 0...
  warnings.warn(f"can not get max bandwidth of interface {interface}, return 0...")
/root/Triton-distributed/python/triton_dist/kernels/nvidia/comm_perf_model.py:78: UserWarning: can not get max bandwidth of interface bonding_masters, return 0...
  warnings.warn(f"can not get max bandwidth of interface {interface}, return 0...")
/root/Triton-distributed/python/triton_dist/kernels/nvidia/comm_perf_model.py:78: UserWarning: can not get max bandwidth of interface bonding_masters, return 0...
  warnings.warn(f"can not get max bandwidth of interface {interface}, return 0...")
/root/Triton-distributed/python/triton_dist/kernels/nvidia/comm_perf_model.py:78: UserWarning: can not get max bandwidth of interface bonding_masters, return 0...
  warnings.warn(f"can not get max bandwidth of interface {interface}, return 0...")
[search][coarse] candidate 65/128: max_total=6.0800 ms, mean_total=6.0600 ms, speedup_mean=0.9175, speedup_min=0.9100, overlap_mean=25.38%, lead_ratio=4.000 | chunk=512, window=4, stage=2, steady_sms=4, tail_sms=12, lanes=1, bands=2, frontier=1
[custom] test shape: M 8192, N 29568, K 8192
✅ all close!
✅ all close!
✅ all close!
✅ all close!
Rank 0 [custom] latency (ms): torch_total=5.57, torch_gemm_only=3.74, torch_rs_only=2.07, v2_total=6.05, v2_gemm_only=4.92, v2_rs_only=3.19, v2_internal_overlap=25.45%, v2_speedup_vs_torch=0.92, v2_speedup_vs_old=nan, chunk_rows=512, num_chunks=4, active_chunk_window=4, stage_slots=2, comm_lanes=2, n_bands=2, frontier_chunks=1
Rank 1 [custom] latency (ms): torch_total=5.55, torch_gemm_only=3.73, torch_rs_only=2.08, v2_total=6.06, v2_gemm_only=4.91, v2_rs_only=3.18, v2_internal_overlap=25.16%, v2_speedup_vs_torch=0.92, v2_speedup_vs_old=nan, chunk_rows=512, num_chunks=4, active_chunk_window=4, stage_slots=2, comm_lanes=2, n_bands=2, frontier_chunks=1
Rank 2 [custom] latency (ms): torch_total=5.55, torch_gemm_only=3.73, torch_rs_only=2.05, v2_total=6.05, v2_gemm_only=4.92, v2_rs_only=3.25, v2_internal_overlap=25.94%, v2_speedup_vs_torch=0.92, v2_speedup_vs_old=nan, chunk_rows=512, num_chunks=4, active_chunk_window=4, stage_slots=2, comm_lanes=2, n_bands=2, frontier_chunks=1
Rank 3 [custom] latency (ms): torch_total=5.58, torch_gemm_only=3.80, torch_rs_only=2.07, v2_total=6.04, v2_gemm_only=4.93, v2_rs_only=3.24, v2_internal_overlap=26.07%, v2_speedup_vs_torch=0.92, v2_speedup_vs_old=nan, chunk_rows=512, num_chunks=4, active_chunk_window=4, stage_slots=2, comm_lanes=2, n_bands=2, frontier_chunks=1
W0828 20:00:01.487000 52245 site-packages/torch/distributed/run.py:766] 
W0828 20:00:01.487000 52245 site-packages/torch/distributed/run.py:766] *****************************************
W0828 20:00:01.487000 52245 site-packages/torch/distributed/run.py:766] Setting OMP_NUM_THREADS environment variable for each process to be 1 in default, to avoid your system being overloaded, please further tune the variable for optimal performance in your application as needed. 
W0828 20:00:01.487000 52245 site-packages/torch/distributed/run.py:766] *****************************************
<frozen importlib._bootstrap_external>:1301: FutureWarning: The cuda.cuda module is deprecated and will be removed in a future release, please switch to use the cuda.bindings.driver module instead.
<frozen importlib._bootstrap_external>:1301: FutureWarning: The cuda.cudart module is deprecated and will be removed in a future release, please switch to use the cuda.bindings.runtime module instead.
<frozen importlib._bootstrap_external>:1301: FutureWarning: The cuda.cuda module is deprecated and will be removed in a future release, please switch to use the cuda.bindings.driver module instead.
<frozen importlib._bootstrap_external>:1301: FutureWarning: The cuda.cudart module is deprecated and will be removed in a future release, please switch to use the cuda.bindings.runtime module instead.
<frozen importlib._bootstrap_external>:1301: FutureWarning: The cuda.cuda module is deprecated and will be removed in a future release, please switch to use the cuda.bindings.driver module instead.
<frozen importlib._bootstrap_external>:1301: FutureWarning: The cuda.cudart module is deprecated and will be removed in a future release, please switch to use the cuda.bindings.runtime module instead.
<frozen importlib._bootstrap_external>:1301: FutureWarning: The cuda.cuda module is deprecated and will be removed in a future release, please switch to use the cuda.bindings.driver module instead.
<frozen importlib._bootstrap_external>:1301: FutureWarning: The cuda.cudart module is deprecated and will be removed in a future release, please switch to use the cuda.bindings.runtime module instead.
/root/Triton-distributed/python/triton_dist/kernels/nvidia/comm_perf_model.py:78: UserWarning: can not get max bandwidth of interface bonding_masters, return 0...
  warnings.warn(f"can not get max bandwidth of interface {interface}, return 0...")
/root/Triton-distributed/python/triton_dist/kernels/nvidia/comm_perf_model.py:78: UserWarning: can not get max bandwidth of interface bonding_masters, return 0...
  warnings.warn(f"can not get max bandwidth of interface {interface}, return 0...")
/root/Triton-distributed/python/triton_dist/kernels/nvidia/comm_perf_model.py:78: UserWarning: can not get max bandwidth of interface bonding_masters, return 0...
  warnings.warn(f"can not get max bandwidth of interface {interface}, return 0...")
/root/Triton-distributed/python/triton_dist/kernels/nvidia/comm_perf_model.py:78: UserWarning: can not get max bandwidth of interface bonding_masters, return 0...
  warnings.warn(f"can not get max bandwidth of interface {interface}, return 0...")
[search][coarse] candidate 66/128: max_total=6.0600 ms, mean_total=6.0500 ms, speedup_mean=0.9200, speedup_min=0.9200, overlap_mean=25.66%, lead_ratio=4.000 | chunk=512, window=4, stage=2, steady_sms=4, tail_sms=12, lanes=2, bands=2, frontier=1
[custom] test shape: M 8192, N 29568, K 8192
✅ all close!
✅ all close!
✅ all close!
✅ all close!
Rank 0 [custom] latency (ms): torch_total=5.57, torch_gemm_only=3.75, torch_rs_only=2.07, v2_total=6.01, v2_gemm_only=4.89, v2_rs_only=3.12, v2_internal_overlap=25.05%, v2_speedup_vs_torch=0.93, v2_speedup_vs_old=nan, chunk_rows=512, num_chunks=4, active_chunk_window=4, stage_slots=2, comm_lanes=1, n_bands=2, frontier_chunks=1
Rank 1 [custom] latency (ms): torch_total=5.55, torch_gemm_only=3.73, torch_rs_only=2.11, v2_total=6.02, v2_gemm_only=4.90, v2_rs_only=3.23, v2_internal_overlap=25.93%, v2_speedup_vs_torch=0.92, v2_speedup_vs_old=nan, chunk_rows=512, num_chunks=4, active_chunk_window=4, stage_slots=2, comm_lanes=1, n_bands=2, frontier_chunks=1
Rank 2 [custom] latency (ms): torch_total=5.55, torch_gemm_only=3.73, torch_rs_only=2.12, v2_total=6.02, v2_gemm_only=4.91, v2_rs_only=3.28, v2_internal_overlap=26.51%, v2_speedup_vs_torch=0.92, v2_speedup_vs_old=nan, chunk_rows=512, num_chunks=4, active_chunk_window=4, stage_slots=2, comm_lanes=1, n_bands=2, frontier_chunks=1
Rank 3 [custom] latency (ms): torch_total=5.58, torch_gemm_only=3.80, torch_rs_only=2.12, v2_total=6.02, v2_gemm_only=4.95, v2_rs_only=3.10, v2_internal_overlap=25.11%, v2_speedup_vs_torch=0.93, v2_speedup_vs_old=nan, chunk_rows=512, num_chunks=4, active_chunk_window=4, stage_slots=2, comm_lanes=1, n_bands=2, frontier_chunks=1
W0828 20:00:12.372000 52902 site-packages/torch/distributed/run.py:766] 
W0828 20:00:12.372000 52902 site-packages/torch/distributed/run.py:766] *****************************************
W0828 20:00:12.372000 52902 site-packages/torch/distributed/run.py:766] Setting OMP_NUM_THREADS environment variable for each process to be 1 in default, to avoid your system being overloaded, please further tune the variable for optimal performance in your application as needed. 
W0828 20:00:12.372000 52902 site-packages/torch/distributed/run.py:766] *****************************************
<frozen importlib._bootstrap_external>:1301: FutureWarning: The cuda.cuda module is deprecated and will be removed in a future release, please switch to use the cuda.bindings.driver module instead.
<frozen importlib._bootstrap_external>:1301: FutureWarning: The cuda.cudart module is deprecated and will be removed in a future release, please switch to use the cuda.bindings.runtime module instead.
<frozen importlib._bootstrap_external>:1301: FutureWarning: The cuda.cuda module is deprecated and will be removed in a future release, please switch to use the cuda.bindings.driver module instead.
<frozen importlib._bootstrap_external>:1301: FutureWarning: The cuda.cudart module is deprecated and will be removed in a future release, please switch to use the cuda.bindings.runtime module instead.
<frozen importlib._bootstrap_external>:1301: FutureWarning: The cuda.cuda module is deprecated and will be removed in a future release, please switch to use the cuda.bindings.driver module instead.
<frozen importlib._bootstrap_external>:1301: FutureWarning: The cuda.cudart module is deprecated and will be removed in a future release, please switch to use the cuda.bindings.runtime module instead.
<frozen importlib._bootstrap_external>:1301: FutureWarning: The cuda.cuda module is deprecated and will be removed in a future release, please switch to use the cuda.bindings.driver module instead.
<frozen importlib._bootstrap_external>:1301: FutureWarning: The cuda.cudart module is deprecated and will be removed in a future release, please switch to use the cuda.bindings.runtime module instead.
/root/Triton-distributed/python/triton_dist/kernels/nvidia/comm_perf_model.py:78: UserWarning: can not get max bandwidth of interface bonding_masters, return 0...
  warnings.warn(f"can not get max bandwidth of interface {interface}, return 0...")
/root/Triton-distributed/python/triton_dist/kernels/nvidia/comm_perf_model.py:78: UserWarning: can not get max bandwidth of interface bonding_masters, return 0...
  warnings.warn(f"can not get max bandwidth of interface {interface}, return 0...")
/root/Triton-distributed/python/triton_dist/kernels/nvidia/comm_perf_model.py:78: UserWarning: can not get max bandwidth of interface bonding_masters, return 0...
  warnings.warn(f"can not get max bandwidth of interface {interface}, return 0...")
/root/Triton-distributed/python/triton_dist/kernels/nvidia/comm_perf_model.py:78: UserWarning: can not get max bandwidth of interface bonding_masters, return 0...
  warnings.warn(f"can not get max bandwidth of interface {interface}, return 0...")
[search][coarse] candidate 67/128: max_total=6.0200 ms, mean_total=6.0175 ms, speedup_mean=0.9250, speedup_min=0.9200, overlap_mean=25.65%, lead_ratio=4.000 | chunk=512, window=4, stage=2, steady_sms=4, tail_sms=16, lanes=1, bands=2, frontier=1
[custom] test shape: M 8192, N 29568, K 8192
✅ all close!
✅ all close!
✅ all close!
✅ all close!
Rank 0 [custom] latency (ms): torch_total=5.56, torch_gemm_only=3.73, torch_rs_only=2.02, v2_total=6.39, v2_gemm_only=5.28, v2_rs_only=3.34, v2_internal_overlap=25.81%, v2_speedup_vs_torch=0.87, v2_speedup_vs_old=nan, chunk_rows=512, num_chunks=4, active_chunk_window=4, stage_slots=2, comm_lanes=2, n_bands=2, frontier_chunks=1
Rank 1 [custom] latency (ms): torch_total=5.55, torch_gemm_only=3.75, torch_rs_only=2.03, v2_total=6.46, v2_gemm_only=5.34, v2_rs_only=3.34, v2_internal_overlap=25.65%, v2_speedup_vs_torch=0.86, v2_speedup_vs_old=nan, chunk_rows=512, num_chunks=4, active_chunk_window=4, stage_slots=2, comm_lanes=2, n_bands=2, frontier_chunks=1
Rank 2 [custom] latency (ms): torch_total=5.57, torch_gemm_only=3.74, torch_rs_only=2.04, v2_total=6.02, v2_gemm_only=4.92, v2_rs_only=3.31, v2_internal_overlap=26.77%, v2_speedup_vs_torch=0.93, v2_speedup_vs_old=nan, chunk_rows=512, num_chunks=4, active_chunk_window=4, stage_slots=2, comm_lanes=2, n_bands=2, frontier_chunks=1
Rank 3 [custom] latency (ms): torch_total=5.57, torch_gemm_only=3.78, torch_rs_only=2.02, v2_total=5.97, v2_gemm_only=4.93, v2_rs_only=3.33, v2_internal_overlap=27.71%, v2_speedup_vs_torch=0.93, v2_speedup_vs_old=nan, chunk_rows=512, num_chunks=4, active_chunk_window=4, stage_slots=2, comm_lanes=2, n_bands=2, frontier_chunks=1
W0828 20:00:23.134000 53554 site-packages/torch/distributed/run.py:766] 
W0828 20:00:23.134000 53554 site-packages/torch/distributed/run.py:766] *****************************************
W0828 20:00:23.134000 53554 site-packages/torch/distributed/run.py:766] Setting OMP_NUM_THREADS environment variable for each process to be 1 in default, to avoid your system being overloaded, please further tune the variable for optimal performance in your application as needed. 
W0828 20:00:23.134000 53554 site-packages/torch/distributed/run.py:766] *****************************************
<frozen importlib._bootstrap_external>:1301: FutureWarning: The cuda.cuda module is deprecated and will be removed in a future release, please switch to use the cuda.bindings.driver module instead.
<frozen importlib._bootstrap_external>:1301: FutureWarning: The cuda.cudart module is deprecated and will be removed in a future release, please switch to use the cuda.bindings.runtime module instead.
<frozen importlib._bootstrap_external>:1301: FutureWarning: The cuda.cuda module is deprecated and will be removed in a future release, please switch to use the cuda.bindings.driver module instead.
<frozen importlib._bootstrap_external>:1301: FutureWarning: The cuda.cudart module is deprecated and will be removed in a future release, please switch to use the cuda.bindings.runtime module instead.
<frozen importlib._bootstrap_external>:1301: FutureWarning: The cuda.cuda module is deprecated and will be removed in a future release, please switch to use the cuda.bindings.driver module instead.
<frozen importlib._bootstrap_external>:1301: FutureWarning: The cuda.cudart module is deprecated and will be removed in a future release, please switch to use the cuda.bindings.runtime module instead.
<frozen importlib._bootstrap_external>:1301: FutureWarning: The cuda.cuda module is deprecated and will be removed in a future release, please switch to use the cuda.bindings.driver module instead.
<frozen importlib._bootstrap_external>:1301: FutureWarning: The cuda.cudart module is deprecated and will be removed in a future release, please switch to use the cuda.bindings.runtime module instead.
/root/Triton-distributed/python/triton_dist/kernels/nvidia/comm_perf_model.py:78: UserWarning: can not get max bandwidth of interface bonding_masters, return 0...
  warnings.warn(f"can not get max bandwidth of interface {interface}, return 0...")
/root/Triton-distributed/python/triton_dist/kernels/nvidia/comm_perf_model.py:78: UserWarning: can not get max bandwidth of interface bonding_masters, return 0...
  warnings.warn(f"can not get max bandwidth of interface {interface}, return 0...")
/root/Triton-distributed/python/triton_dist/kernels/nvidia/comm_perf_model.py:78: UserWarning: can not get max bandwidth of interface bonding_masters, return 0...
  warnings.warn(f"can not get max bandwidth of interface {interface}, return 0...")
/root/Triton-distributed/python/triton_dist/kernels/nvidia/comm_perf_model.py:78: UserWarning: can not get max bandwidth of interface bonding_masters, return 0...
  warnings.warn(f"can not get max bandwidth of interface {interface}, return 0...")
[search][coarse] candidate 68/128: max_total=6.4600 ms, mean_total=6.2100 ms, speedup_mean=0.8975, speedup_min=0.8600, overlap_mean=26.49%, lead_ratio=4.000 | chunk=512, window=4, stage=2, steady_sms=4, tail_sms=16, lanes=2, bands=2, frontier=1
[custom] test shape: M 8192, N 29568, K 8192
✅ all close!
✅ all close!
✅ all close!
✅ all close!
Rank 0 [custom] latency (ms): torch_total=5.58, torch_gemm_only=3.73, torch_rs_only=2.11, v2_total=7.11, v2_gemm_only=5.95, v2_rs_only=3.37, v2_internal_overlap=23.69%, v2_speedup_vs_torch=0.79, v2_speedup_vs_old=nan, chunk_rows=512, num_chunks=4, active_chunk_window=4, stage_slots=2, comm_lanes=1, n_bands=2, frontier_chunks=1
Rank 1 [custom] latency (ms): torch_total=5.56, torch_gemm_only=3.74, torch_rs_only=2.07, v2_total=6.93, v2_gemm_only=5.80, v2_rs_only=3.53, v2_internal_overlap=25.76%, v2_speedup_vs_torch=0.80, v2_speedup_vs_old=nan, chunk_rows=512, num_chunks=4, active_chunk_window=4, stage_slots=2, comm_lanes=1, n_bands=2, frontier_chunks=1
Rank 2 [custom] latency (ms): torch_total=5.56, torch_gemm_only=3.73, torch_rs_only=2.09, v2_total=6.03, v2_gemm_only=4.92, v2_rs_only=3.43, v2_internal_overlap=27.80%, v2_speedup_vs_torch=0.92, v2_speedup_vs_old=nan, chunk_rows=512, num_chunks=4, active_chunk_window=4, stage_slots=2, comm_lanes=1, n_bands=2, frontier_chunks=1
Rank 3 [custom] latency (ms): torch_total=5.56, torch_gemm_only=3.77, torch_rs_only=2.08, v2_total=6.04, v2_gemm_only=4.93, v2_rs_only=3.44, v2_internal_overlap=27.89%, v2_speedup_vs_torch=0.92, v2_speedup_vs_old=nan, chunk_rows=512, num_chunks=4, active_chunk_window=4, stage_slots=2, comm_lanes=1, n_bands=2, frontier_chunks=1
W0828 20:00:34.100000 54223 site-packages/torch/distributed/run.py:766] 
W0828 20:00:34.100000 54223 site-packages/torch/distributed/run.py:766] *****************************************
W0828 20:00:34.100000 54223 site-packages/torch/distributed/run.py:766] Setting OMP_NUM_THREADS environment variable for each process to be 1 in default, to avoid your system being overloaded, please further tune the variable for optimal performance in your application as needed. 
W0828 20:00:34.100000 54223 site-packages/torch/distributed/run.py:766] *****************************************
<frozen importlib._bootstrap_external>:1301: FutureWarning: The cuda.cuda module is deprecated and will be removed in a future release, please switch to use the cuda.bindings.driver module instead.
<frozen importlib._bootstrap_external>:1301: FutureWarning: The cuda.cudart module is deprecated and will be removed in a future release, please switch to use the cuda.bindings.runtime module instead.
<frozen importlib._bootstrap_external>:1301: FutureWarning: The cuda.cuda module is deprecated and will be removed in a future release, please switch to use the cuda.bindings.driver module instead.
<frozen importlib._bootstrap_external>:1301: FutureWarning: The cuda.cudart module is deprecated and will be removed in a future release, please switch to use the cuda.bindings.runtime module instead.
<frozen importlib._bootstrap_external>:1301: FutureWarning: The cuda.cuda module is deprecated and will be removed in a future release, please switch to use the cuda.bindings.driver module instead.
<frozen importlib._bootstrap_external>:1301: FutureWarning: The cuda.cudart module is deprecated and will be removed in a future release, please switch to use the cuda.bindings.runtime module instead.
<frozen importlib._bootstrap_external>:1301: FutureWarning: The cuda.cuda module is deprecated and will be removed in a future release, please switch to use the cuda.bindings.driver module instead.
<frozen importlib._bootstrap_external>:1301: FutureWarning: The cuda.cudart module is deprecated and will be removed in a future release, please switch to use the cuda.bindings.runtime module instead.
/root/Triton-distributed/python/triton_dist/kernels/nvidia/comm_perf_model.py:78: UserWarning: can not get max bandwidth of interface bonding_masters, return 0...
  warnings.warn(f"can not get max bandwidth of interface {interface}, return 0...")
/root/Triton-distributed/python/triton_dist/kernels/nvidia/comm_perf_model.py:78: UserWarning: can not get max bandwidth of interface bonding_masters, return 0...
  warnings.warn(f"can not get max bandwidth of interface {interface}, return 0...")
/root/Triton-distributed/python/triton_dist/kernels/nvidia/comm_perf_model.py:78: UserWarning: can not get max bandwidth of interface bonding_masters, return 0...
  warnings.warn(f"can not get max bandwidth of interface {interface}, return 0...")
/root/Triton-distributed/python/triton_dist/kernels/nvidia/comm_perf_model.py:78: UserWarning: can not get max bandwidth of interface bonding_masters, return 0...
  warnings.warn(f"can not get max bandwidth of interface {interface}, return 0...")
[search][coarse] candidate 69/128: max_total=7.1100 ms, mean_total=6.5275 ms, speedup_mean=0.8575, speedup_min=0.7900, overlap_mean=26.29%, lead_ratio=4.000 | chunk=512, window=4, stage=2, steady_sms=4, tail_sms=20, lanes=1, bands=2, frontier=1
[custom] test shape: M 8192, N 29568, K 8192
✅ all close!
✅ all close!
✅ all close!
✅ all close!
Rank 0 [custom] latency (ms): torch_total=5.55, torch_gemm_only=3.74, torch_rs_only=2.02, v2_total=5.98, v2_gemm_only=4.89, v2_rs_only=3.11, v2_internal_overlap=25.31%, v2_speedup_vs_torch=0.93, v2_speedup_vs_old=nan, chunk_rows=512, num_chunks=4, active_chunk_window=4, stage_slots=2, comm_lanes=2, n_bands=2, frontier_chunks=1
Rank 1 [custom] latency (ms): torch_total=5.54, torch_gemm_only=3.73, torch_rs_only=2.02, v2_total=6.01, v2_gemm_only=4.90, v2_rs_only=3.12, v2_internal_overlap=25.15%, v2_speedup_vs_torch=0.92, v2_speedup_vs_old=nan, chunk_rows=512, num_chunks=4, active_chunk_window=4, stage_slots=2, comm_lanes=2, n_bands=2, frontier_chunks=1
Rank 2 [custom] latency (ms): torch_total=5.53, torch_gemm_only=3.74, torch_rs_only=2.03, v2_total=6.01, v2_gemm_only=4.90, v2_rs_only=3.13, v2_internal_overlap=25.18%, v2_speedup_vs_torch=0.92, v2_speedup_vs_old=nan, chunk_rows=512, num_chunks=4, active_chunk_window=4, stage_slots=2, comm_lanes=2, n_bands=2, frontier_chunks=1
Rank 3 [custom] latency (ms): torch_total=5.57, torch_gemm_only=3.78, torch_rs_only=2.04, v2_total=5.98, v2_gemm_only=4.92, v2_rs_only=3.16, v2_internal_overlap=25.89%, v2_speedup_vs_torch=0.93, v2_speedup_vs_old=nan, chunk_rows=512, num_chunks=4, active_chunk_window=4, stage_slots=2, comm_lanes=2, n_bands=2, frontier_chunks=1
W0828 20:00:44.960000 54880 site-packages/torch/distributed/run.py:766] 
W0828 20:00:44.960000 54880 site-packages/torch/distributed/run.py:766] *****************************************
W0828 20:00:44.960000 54880 site-packages/torch/distributed/run.py:766] Setting OMP_NUM_THREADS environment variable for each process to be 1 in default, to avoid your system being overloaded, please further tune the variable for optimal performance in your application as needed. 
W0828 20:00:44.960000 54880 site-packages/torch/distributed/run.py:766] *****************************************
<frozen importlib._bootstrap_external>:1301: FutureWarning: The cuda.cuda module is deprecated and will be removed in a future release, please switch to use the cuda.bindings.driver module instead.
<frozen importlib._bootstrap_external>:1301: FutureWarning: The cuda.cudart module is deprecated and will be removed in a future release, please switch to use the cuda.bindings.runtime module instead.
<frozen importlib._bootstrap_external>:1301: FutureWarning: The cuda.cuda module is deprecated and will be removed in a future release, please switch to use the cuda.bindings.driver module instead.
<frozen importlib._bootstrap_external>:1301: FutureWarning: The cuda.cudart module is deprecated and will be removed in a future release, please switch to use the cuda.bindings.runtime module instead.
<frozen importlib._bootstrap_external>:1301: FutureWarning: The cuda.cuda module is deprecated and will be removed in a future release, please switch to use the cuda.bindings.driver module instead.
<frozen importlib._bootstrap_external>:1301: FutureWarning: The cuda.cudart module is deprecated and will be removed in a future release, please switch to use the cuda.bindings.runtime module instead.
<frozen importlib._bootstrap_external>:1301: FutureWarning: The cuda.cuda module is deprecated and will be removed in a future release, please switch to use the cuda.bindings.driver module instead.
<frozen importlib._bootstrap_external>:1301: FutureWarning: The cuda.cudart module is deprecated and will be removed in a future release, please switch to use the cuda.bindings.runtime module instead.
/root/Triton-distributed/python/triton_dist/kernels/nvidia/comm_perf_model.py:78: UserWarning: can not get max bandwidth of interface bonding_masters, return 0...
  warnings.warn(f"can not get max bandwidth of interface {interface}, return 0...")
/root/Triton-distributed/python/triton_dist/kernels/nvidia/comm_perf_model.py:78: UserWarning: can not get max bandwidth of interface bonding_masters, return 0...
  warnings.warn(f"can not get max bandwidth of interface {interface}, return 0...")
/root/Triton-distributed/python/triton_dist/kernels/nvidia/comm_perf_model.py:78: UserWarning: can not get max bandwidth of interface bonding_masters, return 0...
  warnings.warn(f"can not get max bandwidth of interface {interface}, return 0...")
/root/Triton-distributed/python/triton_dist/kernels/nvidia/comm_perf_model.py:78: UserWarning: can not get max bandwidth of interface bonding_masters, return 0...
  warnings.warn(f"can not get max bandwidth of interface {interface}, return 0...")
[search][coarse] candidate 70/128: max_total=6.0100 ms, mean_total=5.9950 ms, speedup_mean=0.9250, speedup_min=0.9200, overlap_mean=25.38%, lead_ratio=4.000 | chunk=512, window=4, stage=2, steady_sms=4, tail_sms=20, lanes=2, bands=2, frontier=1
[custom] test shape: M 8192, N 29568, K 8192
✅ all close!
✅ all close!
✅ all close!
✅ all close!
Rank 0 [custom] latency (ms): torch_total=5.56, torch_gemm_only=3.75, torch_rs_only=2.06, v2_total=5.97, v2_gemm_only=4.89, v2_rs_only=3.26, v2_internal_overlap=26.73%, v2_speedup_vs_torch=0.93, v2_speedup_vs_old=nan, chunk_rows=512, num_chunks=4, active_chunk_window=4, stage_slots=2, comm_lanes=1, n_bands=2, frontier_chunks=1
Rank 1 [custom] latency (ms): torch_total=5.56, torch_gemm_only=3.74, torch_rs_only=2.09, v2_total=5.98, v2_gemm_only=4.91, v2_rs_only=3.23, v2_internal_overlap=26.52%, v2_speedup_vs_torch=0.93, v2_speedup_vs_old=nan, chunk_rows=512, num_chunks=4, active_chunk_window=4, stage_slots=2, comm_lanes=1, n_bands=2, frontier_chunks=1
Rank 2 [custom] latency (ms): torch_total=5.56, torch_gemm_only=3.73, torch_rs_only=2.08, v2_total=5.97, v2_gemm_only=4.91, v2_rs_only=3.29, v2_internal_overlap=27.11%, v2_speedup_vs_torch=0.93, v2_speedup_vs_old=nan, chunk_rows=512, num_chunks=4, active_chunk_window=4, stage_slots=2, comm_lanes=1, n_bands=2, frontier_chunks=1
Rank 3 [custom] latency (ms): torch_total=5.57, torch_gemm_only=3.79, torch_rs_only=2.07, v2_total=5.97, v2_gemm_only=4.91, v2_rs_only=3.33, v2_internal_overlap=27.56%, v2_speedup_vs_torch=0.93, v2_speedup_vs_old=nan, chunk_rows=512, num_chunks=4, active_chunk_window=4, stage_slots=2, comm_lanes=1, n_bands=2, frontier_chunks=1
W0828 20:00:56.598000 55531 site-packages/torch/distributed/run.py:766] 
W0828 20:00:56.598000 55531 site-packages/torch/distributed/run.py:766] *****************************************
W0828 20:00:56.598000 55531 site-packages/torch/distributed/run.py:766] Setting OMP_NUM_THREADS environment variable for each process to be 1 in default, to avoid your system being overloaded, please further tune the variable for optimal performance in your application as needed. 
W0828 20:00:56.598000 55531 site-packages/torch/distributed/run.py:766] *****************************************
<frozen importlib._bootstrap_external>:1301: FutureWarning: The cuda.cuda module is deprecated and will be removed in a future release, please switch to use the cuda.bindings.driver module instead.
<frozen importlib._bootstrap_external>:1301: FutureWarning: The cuda.cudart module is deprecated and will be removed in a future release, please switch to use the cuda.bindings.runtime module instead.
<frozen importlib._bootstrap_external>:1301: FutureWarning: The cuda.cuda module is deprecated and will be removed in a future release, please switch to use the cuda.bindings.driver module instead.
<frozen importlib._bootstrap_external>:1301: FutureWarning: The cuda.cudart module is deprecated and will be removed in a future release, please switch to use the cuda.bindings.runtime module instead.
<frozen importlib._bootstrap_external>:1301: FutureWarning: The cuda.cuda module is deprecated and will be removed in a future release, please switch to use the cuda.bindings.driver module instead.
<frozen importlib._bootstrap_external>:1301: FutureWarning: The cuda.cudart module is deprecated and will be removed in a future release, please switch to use the cuda.bindings.runtime module instead.
<frozen importlib._bootstrap_external>:1301: FutureWarning: The cuda.cuda module is deprecated and will be removed in a future release, please switch to use the cuda.bindings.driver module instead.
<frozen importlib._bootstrap_external>:1301: FutureWarning: The cuda.cudart module is deprecated and will be removed in a future release, please switch to use the cuda.bindings.runtime module instead.
/root/Triton-distributed/python/triton_dist/kernels/nvidia/comm_perf_model.py:78: UserWarning: can not get max bandwidth of interface bonding_masters, return 0...
  warnings.warn(f"can not get max bandwidth of interface {interface}, return 0...")
/root/Triton-distributed/python/triton_dist/kernels/nvidia/comm_perf_model.py:78: UserWarning: can not get max bandwidth of interface bonding_masters, return 0...
  warnings.warn(f"can not get max bandwidth of interface {interface}, return 0...")
/root/Triton-distributed/python/triton_dist/kernels/nvidia/comm_perf_model.py:78: UserWarning: can not get max bandwidth of interface bonding_masters, return 0...
  warnings.warn(f"can not get max bandwidth of interface {interface}, return 0...")
/root/Triton-distributed/python/triton_dist/kernels/nvidia/comm_perf_model.py:78: UserWarning: can not get max bandwidth of interface bonding_masters, return 0...
  warnings.warn(f"can not get max bandwidth of interface {interface}, return 0...")
[search][coarse] candidate 71/128: max_total=5.9800 ms, mean_total=5.9725 ms, speedup_mean=0.9300, speedup_min=0.9300, overlap_mean=26.98%, lead_ratio=4.000 | chunk=512, window=4, stage=2, steady_sms=4, tail_sms=24, lanes=1, bands=2, frontier=1
[custom] test shape: M 8192, N 29568, K 8192
✅ all close!
✅ all close!
✅ all close!
✅ all close!
Rank 0 [custom] latency (ms): torch_total=5.54, torch_gemm_only=3.76, torch_rs_only=2.07, v2_total=7.08, v2_gemm_only=5.95, v2_rs_only=3.34, v2_internal_overlap=23.80%, v2_speedup_vs_torch=0.78, v2_speedup_vs_old=nan, chunk_rows=512, num_chunks=4, active_chunk_window=4, stage_slots=2, comm_lanes=2, n_bands=2, frontier_chunks=1
Rank 1 [custom] latency (ms): torch_total=5.55, torch_gemm_only=3.74, torch_rs_only=2.10, v2_total=6.37, v2_gemm_only=5.28, v2_rs_only=3.30, v2_internal_overlap=25.80%, v2_speedup_vs_torch=0.87, v2_speedup_vs_old=nan, chunk_rows=512, num_chunks=4, active_chunk_window=4, stage_slots=2, comm_lanes=2, n_bands=2, frontier_chunks=1
Rank 2 [custom] latency (ms): torch_total=5.54, torch_gemm_only=3.73, torch_rs_only=2.08, v2_total=5.99, v2_gemm_only=4.92, v2_rs_only=3.18, v2_internal_overlap=26.08%, v2_speedup_vs_torch=0.93, v2_speedup_vs_old=nan, chunk_rows=512, num_chunks=4, active_chunk_window=4, stage_slots=2, comm_lanes=2, n_bands=2, frontier_chunks=1
Rank 3 [custom] latency (ms): torch_total=5.56, torch_gemm_only=3.77, torch_rs_only=2.07, v2_total=6.03, v2_gemm_only=4.90, v2_rs_only=3.17, v2_internal_overlap=25.26%, v2_speedup_vs_torch=0.92, v2_speedup_vs_old=nan, chunk_rows=512, num_chunks=4, active_chunk_window=4, stage_slots=2, comm_lanes=2, n_bands=2, frontier_chunks=1
W0828 20:01:07.569000 56183 site-packages/torch/distributed/run.py:766] 
W0828 20:01:07.569000 56183 site-packages/torch/distributed/run.py:766] *****************************************
W0828 20:01:07.569000 56183 site-packages/torch/distributed/run.py:766] Setting OMP_NUM_THREADS environment variable for each process to be 1 in default, to avoid your system being overloaded, please further tune the variable for optimal performance in your application as needed. 
W0828 20:01:07.569000 56183 site-packages/torch/distributed/run.py:766] *****************************************
<frozen importlib._bootstrap_external>:1301: FutureWarning: The cuda.cuda module is deprecated and will be removed in a future release, please switch to use the cuda.bindings.driver module instead.
<frozen importlib._bootstrap_external>:1301: FutureWarning: The cuda.cudart module is deprecated and will be removed in a future release, please switch to use the cuda.bindings.runtime module instead.
<frozen importlib._bootstrap_external>:1301: FutureWarning: The cuda.cuda module is deprecated and will be removed in a future release, please switch to use the cuda.bindings.driver module instead.
<frozen importlib._bootstrap_external>:1301: FutureWarning: The cuda.cudart module is deprecated and will be removed in a future release, please switch to use the cuda.bindings.runtime module instead.
<frozen importlib._bootstrap_external>:1301: FutureWarning: The cuda.cuda module is deprecated and will be removed in a future release, please switch to use the cuda.bindings.driver module instead.
<frozen importlib._bootstrap_external>:1301: FutureWarning: The cuda.cudart module is deprecated and will be removed in a future release, please switch to use the cuda.bindings.runtime module instead.
<frozen importlib._bootstrap_external>:1301: FutureWarning: The cuda.cuda module is deprecated and will be removed in a future release, please switch to use the cuda.bindings.driver module instead.
<frozen importlib._bootstrap_external>:1301: FutureWarning: The cuda.cudart module is deprecated and will be removed in a future release, please switch to use the cuda.bindings.runtime module instead.
/root/Triton-distributed/python/triton_dist/kernels/nvidia/comm_perf_model.py:78: UserWarning: can not get max bandwidth of interface bonding_masters, return 0...
  warnings.warn(f"can not get max bandwidth of interface {interface}, return 0...")
/root/Triton-distributed/python/triton_dist/kernels/nvidia/comm_perf_model.py:78: UserWarning: can not get max bandwidth of interface bonding_masters, return 0...
  warnings.warn(f"can not get max bandwidth of interface {interface}, return 0...")
/root/Triton-distributed/python/triton_dist/kernels/nvidia/comm_perf_model.py:78: UserWarning: can not get max bandwidth of interface bonding_masters, return 0...
  warnings.warn(f"can not get max bandwidth of interface {interface}, return 0...")
/root/Triton-distributed/python/triton_dist/kernels/nvidia/comm_perf_model.py:78: UserWarning: can not get max bandwidth of interface bonding_masters, return 0...
  warnings.warn(f"can not get max bandwidth of interface {interface}, return 0...")
[search][coarse] candidate 72/128: max_total=7.0800 ms, mean_total=6.3675 ms, speedup_mean=0.8750, speedup_min=0.7800, overlap_mean=25.24%, lead_ratio=4.000 | chunk=512, window=4, stage=2, steady_sms=4, tail_sms=24, lanes=2, bands=2, frontier=1
[custom] test shape: M 8192, N 29568, K 8192
✅ all close!
✅ all close!
✅ all close!
✅ all close!
Rank 0 [custom] latency (ms): torch_total=5.55, torch_gemm_only=3.73, torch_rs_only=2.08, v2_total=6.82, v2_gemm_only=5.95, v2_rs_only=3.34, v2_internal_overlap=26.57%, v2_speedup_vs_torch=0.81, v2_speedup_vs_old=nan, chunk_rows=512, num_chunks=4, active_chunk_window=4, stage_slots=2, comm_lanes=1, n_bands=2, frontier_chunks=1
Rank 1 [custom] latency (ms): torch_total=5.54, torch_gemm_only=3.73, torch_rs_only=2.05, v2_total=5.79, v2_gemm_only=4.90, v2_rs_only=3.27, v2_internal_overlap=29.18%, v2_speedup_vs_torch=0.96, v2_speedup_vs_old=nan, chunk_rows=512, num_chunks=4, active_chunk_window=4, stage_slots=2, comm_lanes=1, n_bands=2, frontier_chunks=1
Rank 2 [custom] latency (ms): torch_total=5.54, torch_gemm_only=3.73, torch_rs_only=2.03, v2_total=5.78, v2_gemm_only=4.92, v2_rs_only=3.33, v2_internal_overlap=30.00%, v2_speedup_vs_torch=0.96, v2_speedup_vs_old=nan, chunk_rows=512, num_chunks=4, active_chunk_window=4, stage_slots=2, comm_lanes=1, n_bands=2, frontier_chunks=1
Rank 3 [custom] latency (ms): torch_total=5.57, torch_gemm_only=3.78, torch_rs_only=2.08, v2_total=5.79, v2_gemm_only=4.90, v2_rs_only=3.31, v2_internal_overlap=29.44%, v2_speedup_vs_torch=0.96, v2_speedup_vs_old=nan, chunk_rows=512, num_chunks=4, active_chunk_window=4, stage_slots=2, comm_lanes=1, n_bands=2, frontier_chunks=1
W0828 20:01:18.461000 56851 site-packages/torch/distributed/run.py:766] 
W0828 20:01:18.461000 56851 site-packages/torch/distributed/run.py:766] *****************************************
W0828 20:01:18.461000 56851 site-packages/torch/distributed/run.py:766] Setting OMP_NUM_THREADS environment variable for each process to be 1 in default, to avoid your system being overloaded, please further tune the variable for optimal performance in your application as needed. 
W0828 20:01:18.461000 56851 site-packages/torch/distributed/run.py:766] *****************************************
<frozen importlib._bootstrap_external>:1301: FutureWarning: The cuda.cuda module is deprecated and will be removed in a future release, please switch to use the cuda.bindings.driver module instead.
<frozen importlib._bootstrap_external>:1301: FutureWarning: The cuda.cudart module is deprecated and will be removed in a future release, please switch to use the cuda.bindings.runtime module instead.
<frozen importlib._bootstrap_external>:1301: FutureWarning: The cuda.cuda module is deprecated and will be removed in a future release, please switch to use the cuda.bindings.driver module instead.
<frozen importlib._bootstrap_external>:1301: FutureWarning: The cuda.cudart module is deprecated and will be removed in a future release, please switch to use the cuda.bindings.runtime module instead.
<frozen importlib._bootstrap_external>:1301: FutureWarning: The cuda.cuda module is deprecated and will be removed in a future release, please switch to use the cuda.bindings.driver module instead.
<frozen importlib._bootstrap_external>:1301: FutureWarning: The cuda.cudart module is deprecated and will be removed in a future release, please switch to use the cuda.bindings.runtime module instead.
<frozen importlib._bootstrap_external>:1301: FutureWarning: The cuda.cuda module is deprecated and will be removed in a future release, please switch to use the cuda.bindings.driver module instead.
<frozen importlib._bootstrap_external>:1301: FutureWarning: The cuda.cudart module is deprecated and will be removed in a future release, please switch to use the cuda.bindings.runtime module instead.
/root/Triton-distributed/python/triton_dist/kernels/nvidia/comm_perf_model.py:78: UserWarning: can not get max bandwidth of interface bonding_masters, return 0...
  warnings.warn(f"can not get max bandwidth of interface {interface}, return 0...")
/root/Triton-distributed/python/triton_dist/kernels/nvidia/comm_perf_model.py:78: UserWarning: can not get max bandwidth of interface bonding_masters, return 0...
  warnings.warn(f"can not get max bandwidth of interface {interface}, return 0...")
/root/Triton-distributed/python/triton_dist/kernels/nvidia/comm_perf_model.py:78: UserWarning: can not get max bandwidth of interface bonding_masters, return 0...
  warnings.warn(f"can not get max bandwidth of interface {interface}, return 0...")
/root/Triton-distributed/python/triton_dist/kernels/nvidia/comm_perf_model.py:78: UserWarning: can not get max bandwidth of interface bonding_masters, return 0...
  warnings.warn(f"can not get max bandwidth of interface {interface}, return 0...")
[search][coarse] candidate 73/128: max_total=6.8200 ms, mean_total=6.0450 ms, speedup_mean=0.9225, speedup_min=0.8100, overlap_mean=28.80%, lead_ratio=4.000 | chunk=512, window=4, stage=2, steady_sms=6, tail_sms=12, lanes=1, bands=2, frontier=1
[custom] test shape: M 8192, N 29568, K 8192
✅ all close!
✅ all close!
✅ all close!
✅ all close!
Rank 0 [custom] latency (ms): torch_total=5.56, torch_gemm_only=3.75, torch_rs_only=2.07, v2_total=5.73, v2_gemm_only=4.89, v2_rs_only=3.21, v2_internal_overlap=29.20%, v2_speedup_vs_torch=0.97, v2_speedup_vs_old=nan, chunk_rows=512, num_chunks=4, active_chunk_window=4, stage_slots=2, comm_lanes=2, n_bands=2, frontier_chunks=1
Rank 1 [custom] latency (ms): torch_total=5.54, torch_gemm_only=3.74, torch_rs_only=2.07, v2_total=5.78, v2_gemm_only=4.91, v2_rs_only=3.18, v2_internal_overlap=28.54%, v2_speedup_vs_torch=0.96, v2_speedup_vs_old=nan, chunk_rows=512, num_chunks=4, active_chunk_window=4, stage_slots=2, comm_lanes=2, n_bands=2, frontier_chunks=1
Rank 2 [custom] latency (ms): torch_total=5.54, torch_gemm_only=3.73, torch_rs_only=2.07, v2_total=5.77, v2_gemm_only=4.92, v2_rs_only=3.19, v2_internal_overlap=28.77%, v2_speedup_vs_torch=0.96, v2_speedup_vs_old=nan, chunk_rows=512, num_chunks=4, active_chunk_window=4, stage_slots=2, comm_lanes=2, n_bands=2, frontier_chunks=1
Rank 3 [custom] latency (ms): torch_total=5.57, torch_gemm_only=3.77, torch_rs_only=2.07, v2_total=5.75, v2_gemm_only=5.00, v2_rs_only=3.17, v2_internal_overlap=29.61%, v2_speedup_vs_torch=0.97, v2_speedup_vs_old=nan, chunk_rows=512, num_chunks=4, active_chunk_window=4, stage_slots=2, comm_lanes=2, n_bands=2, frontier_chunks=1
W0828 20:01:29.265000 57508 site-packages/torch/distributed/run.py:766] 
W0828 20:01:29.265000 57508 site-packages/torch/distributed/run.py:766] *****************************************
W0828 20:01:29.265000 57508 site-packages/torch/distributed/run.py:766] Setting OMP_NUM_THREADS environment variable for each process to be 1 in default, to avoid your system being overloaded, please further tune the variable for optimal performance in your application as needed. 
W0828 20:01:29.265000 57508 site-packages/torch/distributed/run.py:766] *****************************************
<frozen importlib._bootstrap_external>:1301: FutureWarning: The cuda.cuda module is deprecated and will be removed in a future release, please switch to use the cuda.bindings.driver module instead.
<frozen importlib._bootstrap_external>:1301: FutureWarning: The cuda.cudart module is deprecated and will be removed in a future release, please switch to use the cuda.bindings.runtime module instead.
<frozen importlib._bootstrap_external>:1301: FutureWarning: The cuda.cuda module is deprecated and will be removed in a future release, please switch to use the cuda.bindings.driver module instead.
<frozen importlib._bootstrap_external>:1301: FutureWarning: The cuda.cudart module is deprecated and will be removed in a future release, please switch to use the cuda.bindings.runtime module instead.
<frozen importlib._bootstrap_external>:1301: FutureWarning: The cuda.cuda module is deprecated and will be removed in a future release, please switch to use the cuda.bindings.driver module instead.
<frozen importlib._bootstrap_external>:1301: FutureWarning: The cuda.cudart module is deprecated and will be removed in a future release, please switch to use the cuda.bindings.runtime module instead.
<frozen importlib._bootstrap_external>:1301: FutureWarning: The cuda.cuda module is deprecated and will be removed in a future release, please switch to use the cuda.bindings.driver module instead.
<frozen importlib._bootstrap_external>:1301: FutureWarning: The cuda.cudart module is deprecated and will be removed in a future release, please switch to use the cuda.bindings.runtime module instead.
/root/Triton-distributed/python/triton_dist/kernels/nvidia/comm_perf_model.py:78: UserWarning: can not get max bandwidth of interface bonding_masters, return 0...
  warnings.warn(f"can not get max bandwidth of interface {interface}, return 0...")
/root/Triton-distributed/python/triton_dist/kernels/nvidia/comm_perf_model.py:78: UserWarning: can not get max bandwidth of interface bonding_masters, return 0...
  warnings.warn(f"can not get max bandwidth of interface {interface}, return 0...")
/root/Triton-distributed/python/triton_dist/kernels/nvidia/comm_perf_model.py:78: UserWarning: can not get max bandwidth of interface bonding_masters, return 0...
  warnings.warn(f"can not get max bandwidth of interface {interface}, return 0...")
/root/Triton-distributed/python/triton_dist/kernels/nvidia/comm_perf_model.py:78: UserWarning: can not get max bandwidth of interface bonding_masters, return 0...
  warnings.warn(f"can not get max bandwidth of interface {interface}, return 0...")
[search][coarse] candidate 74/128: max_total=5.7800 ms, mean_total=5.7575 ms, speedup_mean=0.9650, speedup_min=0.9600, overlap_mean=29.03%, lead_ratio=4.000 | chunk=512, window=4, stage=2, steady_sms=6, tail_sms=12, lanes=2, bands=2, frontier=1
[custom] test shape: M 8192, N 29568, K 8192
✅ all close!
✅ all close!
✅ all close!
✅ all close!
Rank 0 [custom] latency (ms): torch_total=5.54, torch_gemm_only=3.73, torch_rs_only=2.08, v2_total=5.71, v2_gemm_only=4.91, v2_rs_only=3.16, v2_internal_overlap=29.17%, v2_speedup_vs_torch=0.97, v2_speedup_vs_old=nan, chunk_rows=512, num_chunks=4, active_chunk_window=4, stage_slots=2, comm_lanes=1, n_bands=2, frontier_chunks=1
Rank 1 [custom] latency (ms): torch_total=5.54, torch_gemm_only=3.73, torch_rs_only=2.11, v2_total=5.72, v2_gemm_only=4.90, v2_rs_only=3.18, v2_internal_overlap=29.21%, v2_speedup_vs_torch=0.97, v2_speedup_vs_old=nan, chunk_rows=512, num_chunks=4, active_chunk_window=4, stage_slots=2, comm_lanes=1, n_bands=2, frontier_chunks=1
Rank 2 [custom] latency (ms): torch_total=5.55, torch_gemm_only=3.73, torch_rs_only=2.11, v2_total=5.73, v2_gemm_only=4.91, v2_rs_only=3.09, v2_internal_overlap=28.49%, v2_speedup_vs_torch=0.97, v2_speedup_vs_old=nan, chunk_rows=512, num_chunks=4, active_chunk_window=4, stage_slots=2, comm_lanes=1, n_bands=2, frontier_chunks=1
Rank 3 [custom] latency (ms): torch_total=5.57, torch_gemm_only=3.77, torch_rs_only=2.11, v2_total=5.72, v2_gemm_only=5.00, v2_rs_only=3.08, v2_internal_overlap=29.30%, v2_speedup_vs_torch=0.97, v2_speedup_vs_old=nan, chunk_rows=512, num_chunks=4, active_chunk_window=4, stage_slots=2, comm_lanes=1, n_bands=2, frontier_chunks=1
W0828 20:01:40.159000 58160 site-packages/torch/distributed/run.py:766] 
W0828 20:01:40.159000 58160 site-packages/torch/distributed/run.py:766] *****************************************
W0828 20:01:40.159000 58160 site-packages/torch/distributed/run.py:766] Setting OMP_NUM_THREADS environment variable for each process to be 1 in default, to avoid your system being overloaded, please further tune the variable for optimal performance in your application as needed. 
W0828 20:01:40.159000 58160 site-packages/torch/distributed/run.py:766] *****************************************
<frozen importlib._bootstrap_external>:1301: FutureWarning: The cuda.cuda module is deprecated and will be removed in a future release, please switch to use the cuda.bindings.driver module instead.
<frozen importlib._bootstrap_external>:1301: FutureWarning: The cuda.cudart module is deprecated and will be removed in a future release, please switch to use the cuda.bindings.runtime module instead.
<frozen importlib._bootstrap_external>:1301: FutureWarning: The cuda.cuda module is deprecated and will be removed in a future release, please switch to use the cuda.bindings.driver module instead.
<frozen importlib._bootstrap_external>:1301: FutureWarning: The cuda.cudart module is deprecated and will be removed in a future release, please switch to use the cuda.bindings.runtime module instead.
<frozen importlib._bootstrap_external>:1301: FutureWarning: The cuda.cuda module is deprecated and will be removed in a future release, please switch to use the cuda.bindings.driver module instead.
<frozen importlib._bootstrap_external>:1301: FutureWarning: The cuda.cudart module is deprecated and will be removed in a future release, please switch to use the cuda.bindings.runtime module instead.
<frozen importlib._bootstrap_external>:1301: FutureWarning: The cuda.cuda module is deprecated and will be removed in a future release, please switch to use the cuda.bindings.driver module instead.
<frozen importlib._bootstrap_external>:1301: FutureWarning: The cuda.cudart module is deprecated and will be removed in a future release, please switch to use the cuda.bindings.runtime module instead.
/root/Triton-distributed/python/triton_dist/kernels/nvidia/comm_perf_model.py:78: UserWarning: can not get max bandwidth of interface bonding_masters, return 0...
  warnings.warn(f"can not get max bandwidth of interface {interface}, return 0...")
/root/Triton-distributed/python/triton_dist/kernels/nvidia/comm_perf_model.py:78: UserWarning: can not get max bandwidth of interface bonding_masters, return 0...
  warnings.warn(f"can not get max bandwidth of interface {interface}, return 0...")
/root/Triton-distributed/python/triton_dist/kernels/nvidia/comm_perf_model.py:78: UserWarning: can not get max bandwidth of interface bonding_masters, return 0...
  warnings.warn(f"can not get max bandwidth of interface {interface}, return 0...")
/root/Triton-distributed/python/triton_dist/kernels/nvidia/comm_perf_model.py:78: UserWarning: can not get max bandwidth of interface bonding_masters, return 0...
  warnings.warn(f"can not get max bandwidth of interface {interface}, return 0...")
[search][coarse] candidate 75/128: max_total=5.7300 ms, mean_total=5.7200 ms, speedup_mean=0.9700, speedup_min=0.9700, overlap_mean=29.04%, lead_ratio=4.000 | chunk=512, window=4, stage=2, steady_sms=6, tail_sms=16, lanes=1, bands=2, frontier=1
[custom] test shape: M 8192, N 29568, K 8192
✅ all close!
✅ all close!
✅ all close!
✅ all close!
Rank 0 [custom] latency (ms): torch_total=7.43, torch_gemm_only=3.74, torch_rs_only=2.04, v2_total=5.71, v2_gemm_only=4.91, v2_rs_only=3.08, v2_internal_overlap=28.61%, v2_speedup_vs_torch=1.30, v2_speedup_vs_old=nan, chunk_rows=512, num_chunks=4, active_chunk_window=4, stage_slots=2, comm_lanes=2, n_bands=2, frontier_chunks=1
Rank 1 [custom] latency (ms): torch_total=7.40, torch_gemm_only=3.74, torch_rs_only=2.06, v2_total=5.72, v2_gemm_only=4.91, v2_rs_only=3.07, v2_internal_overlap=28.38%, v2_speedup_vs_torch=1.30, v2_speedup_vs_old=nan, chunk_rows=512, num_chunks=4, active_chunk_window=4, stage_slots=2, comm_lanes=2, n_bands=2, frontier_chunks=1
Rank 2 [custom] latency (ms): torch_total=6.54, torch_gemm_only=3.74, torch_rs_only=2.04, v2_total=5.74, v2_gemm_only=4.92, v2_rs_only=3.04, v2_internal_overlap=27.87%, v2_speedup_vs_torch=1.14, v2_speedup_vs_old=nan, chunk_rows=512, num_chunks=4, active_chunk_window=4, stage_slots=2, comm_lanes=2, n_bands=2, frontier_chunks=1
Rank 3 [custom] latency (ms): torch_total=7.43, torch_gemm_only=3.77, torch_rs_only=2.05, v2_total=5.72, v2_gemm_only=4.96, v2_rs_only=3.06, v2_internal_overlap=28.68%, v2_speedup_vs_torch=1.30, v2_speedup_vs_old=nan, chunk_rows=512, num_chunks=4, active_chunk_window=4, stage_slots=2, comm_lanes=2, n_bands=2, frontier_chunks=1
W0828 20:01:50.841000 58830 site-packages/torch/distributed/run.py:766] 
W0828 20:01:50.841000 58830 site-packages/torch/distributed/run.py:766] *****************************************
W0828 20:01:50.841000 58830 site-packages/torch/distributed/run.py:766] Setting OMP_NUM_THREADS environment variable for each process to be 1 in default, to avoid your system being overloaded, please further tune the variable for optimal performance in your application as needed. 
W0828 20:01:50.841000 58830 site-packages/torch/distributed/run.py:766] *****************************************
<frozen importlib._bootstrap_external>:1301: FutureWarning: The cuda.cuda module is deprecated and will be removed in a future release, please switch to use the cuda.bindings.driver module instead.
<frozen importlib._bootstrap_external>:1301: FutureWarning: The cuda.cudart module is deprecated and will be removed in a future release, please switch to use the cuda.bindings.runtime module instead.
<frozen importlib._bootstrap_external>:1301: FutureWarning: The cuda.cuda module is deprecated and will be removed in a future release, please switch to use the cuda.bindings.driver module instead.
<frozen importlib._bootstrap_external>:1301: FutureWarning: The cuda.cudart module is deprecated and will be removed in a future release, please switch to use the cuda.bindings.runtime module instead.
<frozen importlib._bootstrap_external>:1301: FutureWarning: The cuda.cuda module is deprecated and will be removed in a future release, please switch to use the cuda.bindings.driver module instead.
<frozen importlib._bootstrap_external>:1301: FutureWarning: The cuda.cudart module is deprecated and will be removed in a future release, please switch to use the cuda.bindings.runtime module instead.
<frozen importlib._bootstrap_external>:1301: FutureWarning: The cuda.cuda module is deprecated and will be removed in a future release, please switch to use the cuda.bindings.driver module instead.
<frozen importlib._bootstrap_external>:1301: FutureWarning: The cuda.cudart module is deprecated and will be removed in a future release, please switch to use the cuda.bindings.runtime module instead.
/root/Triton-distributed/python/triton_dist/kernels/nvidia/comm_perf_model.py:78: UserWarning: can not get max bandwidth of interface bonding_masters, return 0...
  warnings.warn(f"can not get max bandwidth of interface {interface}, return 0...")
/root/Triton-distributed/python/triton_dist/kernels/nvidia/comm_perf_model.py:78: UserWarning: can not get max bandwidth of interface bonding_masters, return 0...
  warnings.warn(f"can not get max bandwidth of interface {interface}, return 0...")
/root/Triton-distributed/python/triton_dist/kernels/nvidia/comm_perf_model.py:78: UserWarning: can not get max bandwidth of interface bonding_masters, return 0...
  warnings.warn(f"can not get max bandwidth of interface {interface}, return 0...")
/root/Triton-distributed/python/triton_dist/kernels/nvidia/comm_perf_model.py:78: UserWarning: can not get max bandwidth of interface bonding_masters, return 0...
  warnings.warn(f"can not get max bandwidth of interface {interface}, return 0...")
[search][coarse] candidate 76/128: max_total=5.7400 ms, mean_total=5.7225 ms, speedup_mean=1.2600, speedup_min=1.1400, overlap_mean=28.38%, lead_ratio=4.000 | chunk=512, window=4, stage=2, steady_sms=6, tail_sms=16, lanes=2, bands=2, frontier=1
[custom] test shape: M 8192, N 29568, K 8192
✅ all close!
✅ all close!
✅ all close!
✅ all close!
Rank 0 [custom] latency (ms): torch_total=5.55, torch_gemm_only=3.75, torch_rs_only=2.06, v2_total=5.69, v2_gemm_only=4.90, v2_rs_only=3.21, v2_internal_overlap=29.85%, v2_speedup_vs_torch=0.98, v2_speedup_vs_old=nan, chunk_rows=512, num_chunks=4, active_chunk_window=4, stage_slots=2, comm_lanes=1, n_bands=2, frontier_chunks=1
Rank 1 [custom] latency (ms): torch_total=5.56, torch_gemm_only=3.74, torch_rs_only=2.07, v2_total=5.69, v2_gemm_only=4.91, v2_rs_only=3.15, v2_internal_overlap=29.39%, v2_speedup_vs_torch=0.98, v2_speedup_vs_old=nan, chunk_rows=512, num_chunks=4, active_chunk_window=4, stage_slots=2, comm_lanes=1, n_bands=2, frontier_chunks=1
Rank 2 [custom] latency (ms): torch_total=5.56, torch_gemm_only=3.75, torch_rs_only=2.07, v2_total=5.66, v2_gemm_only=4.92, v2_rs_only=3.13, v2_internal_overlap=29.61%, v2_speedup_vs_torch=0.98, v2_speedup_vs_old=nan, chunk_rows=512, num_chunks=4, active_chunk_window=4, stage_slots=2, comm_lanes=1, n_bands=2, frontier_chunks=1
Rank 3 [custom] latency (ms): torch_total=5.56, torch_gemm_only=3.80, torch_rs_only=2.03, v2_total=5.70, v2_gemm_only=4.91, v2_rs_only=3.15, v2_internal_overlap=29.35%, v2_speedup_vs_torch=0.98, v2_speedup_vs_old=nan, chunk_rows=512, num_chunks=4, active_chunk_window=4, stage_slots=2, comm_lanes=1, n_bands=2, frontier_chunks=1
W0828 20:02:01.720000 59486 site-packages/torch/distributed/run.py:766] 
W0828 20:02:01.720000 59486 site-packages/torch/distributed/run.py:766] *****************************************
W0828 20:02:01.720000 59486 site-packages/torch/distributed/run.py:766] Setting OMP_NUM_THREADS environment variable for each process to be 1 in default, to avoid your system being overloaded, please further tune the variable for optimal performance in your application as needed. 
W0828 20:02:01.720000 59486 site-packages/torch/distributed/run.py:766] *****************************************
<frozen importlib._bootstrap_external>:1301: FutureWarning: The cuda.cuda module is deprecated and will be removed in a future release, please switch to use the cuda.bindings.driver module instead.
<frozen importlib._bootstrap_external>:1301: FutureWarning: The cuda.cudart module is deprecated and will be removed in a future release, please switch to use the cuda.bindings.runtime module instead.
<frozen importlib._bootstrap_external>:1301: FutureWarning: The cuda.cuda module is deprecated and will be removed in a future release, please switch to use the cuda.bindings.driver module instead.
<frozen importlib._bootstrap_external>:1301: FutureWarning: The cuda.cudart module is deprecated and will be removed in a future release, please switch to use the cuda.bindings.runtime module instead.
<frozen importlib._bootstrap_external>:1301: FutureWarning: The cuda.cuda module is deprecated and will be removed in a future release, please switch to use the cuda.bindings.driver module instead.
<frozen importlib._bootstrap_external>:1301: FutureWarning: The cuda.cudart module is deprecated and will be removed in a future release, please switch to use the cuda.bindings.runtime module instead.
<frozen importlib._bootstrap_external>:1301: FutureWarning: The cuda.cuda module is deprecated and will be removed in a future release, please switch to use the cuda.bindings.driver module instead.
<frozen importlib._bootstrap_external>:1301: FutureWarning: The cuda.cudart module is deprecated and will be removed in a future release, please switch to use the cuda.bindings.runtime module instead.
/root/Triton-distributed/python/triton_dist/kernels/nvidia/comm_perf_model.py:78: UserWarning: can not get max bandwidth of interface bonding_masters, return 0...
  warnings.warn(f"can not get max bandwidth of interface {interface}, return 0...")
/root/Triton-distributed/python/triton_dist/kernels/nvidia/comm_perf_model.py:78: UserWarning: can not get max bandwidth of interface bonding_masters, return 0...
  warnings.warn(f"can not get max bandwidth of interface {interface}, return 0...")
/root/Triton-distributed/python/triton_dist/kernels/nvidia/comm_perf_model.py:78: UserWarning: can not get max bandwidth of interface bonding_masters, return 0...
  warnings.warn(f"can not get max bandwidth of interface {interface}, return 0...")
/root/Triton-distributed/python/triton_dist/kernels/nvidia/comm_perf_model.py:78: UserWarning: can not get max bandwidth of interface bonding_masters, return 0...
  warnings.warn(f"can not get max bandwidth of interface {interface}, return 0...")
[search][coarse] candidate 77/128: max_total=5.7000 ms, mean_total=5.6850 ms, speedup_mean=0.9800, speedup_min=0.9800, overlap_mean=29.55%, lead_ratio=4.000 | chunk=512, window=4, stage=2, steady_sms=6, tail_sms=20, lanes=1, bands=2, frontier=1
[custom] test shape: M 8192, N 29568, K 8192
✅ all close!
✅ all close!
✅ all close!
✅ all close!
Rank 0 [custom] latency (ms): torch_total=5.55, torch_gemm_only=3.75, torch_rs_only=2.04, v2_total=6.69, v2_gemm_only=5.94, v2_rs_only=3.21, v2_internal_overlap=26.93%, v2_speedup_vs_torch=0.83, v2_speedup_vs_old=nan, chunk_rows=512, num_chunks=4, active_chunk_window=4, stage_slots=2, comm_lanes=2, n_bands=2, frontier_chunks=1
Rank 1 [custom] latency (ms): torch_total=5.54, torch_gemm_only=3.73, torch_rs_only=2.03, v2_total=6.72, v2_gemm_only=5.95, v2_rs_only=3.23, v2_internal_overlap=26.81%, v2_speedup_vs_torch=0.82, v2_speedup_vs_old=nan, chunk_rows=512, num_chunks=4, active_chunk_window=4, stage_slots=2, comm_lanes=2, n_bands=2, frontier_chunks=1
Rank 2 [custom] latency (ms): torch_total=5.55, torch_gemm_only=3.73, torch_rs_only=2.03, v2_total=5.73, v2_gemm_only=4.92, v2_rs_only=3.22, v2_internal_overlap=29.56%, v2_speedup_vs_torch=0.97, v2_speedup_vs_old=nan, chunk_rows=512, num_chunks=4, active_chunk_window=4, stage_slots=2, comm_lanes=2, n_bands=2, frontier_chunks=1
Rank 3 [custom] latency (ms): torch_total=5.56, torch_gemm_only=3.76, torch_rs_only=2.04, v2_total=5.71, v2_gemm_only=4.90, v2_rs_only=3.18, v2_internal_overlap=29.36%, v2_speedup_vs_torch=0.97, v2_speedup_vs_old=nan, chunk_rows=512, num_chunks=4, active_chunk_window=4, stage_slots=2, comm_lanes=2, n_bands=2, frontier_chunks=1
W0828 20:02:12.481000 60137 site-packages/torch/distributed/run.py:766] 
W0828 20:02:12.481000 60137 site-packages/torch/distributed/run.py:766] *****************************************
W0828 20:02:12.481000 60137 site-packages/torch/distributed/run.py:766] Setting OMP_NUM_THREADS environment variable for each process to be 1 in default, to avoid your system being overloaded, please further tune the variable for optimal performance in your application as needed. 
W0828 20:02:12.481000 60137 site-packages/torch/distributed/run.py:766] *****************************************
<frozen importlib._bootstrap_external>:1301: FutureWarning: The cuda.cuda module is deprecated and will be removed in a future release, please switch to use the cuda.bindings.driver module instead.
<frozen importlib._bootstrap_external>:1301: FutureWarning: The cuda.cudart module is deprecated and will be removed in a future release, please switch to use the cuda.bindings.runtime module instead.
<frozen importlib._bootstrap_external>:1301: FutureWarning: The cuda.cuda module is deprecated and will be removed in a future release, please switch to use the cuda.bindings.driver module instead.
<frozen importlib._bootstrap_external>:1301: FutureWarning: The cuda.cudart module is deprecated and will be removed in a future release, please switch to use the cuda.bindings.runtime module instead.
<frozen importlib._bootstrap_external>:1301: FutureWarning: The cuda.cuda module is deprecated and will be removed in a future release, please switch to use the cuda.bindings.driver module instead.
<frozen importlib._bootstrap_external>:1301: FutureWarning: The cuda.cudart module is deprecated and will be removed in a future release, please switch to use the cuda.bindings.runtime module instead.
<frozen importlib._bootstrap_external>:1301: FutureWarning: The cuda.cuda module is deprecated and will be removed in a future release, please switch to use the cuda.bindings.driver module instead.
<frozen importlib._bootstrap_external>:1301: FutureWarning: The cuda.cudart module is deprecated and will be removed in a future release, please switch to use the cuda.bindings.runtime module instead.
/root/Triton-distributed/python/triton_dist/kernels/nvidia/comm_perf_model.py:78: UserWarning: can not get max bandwidth of interface bonding_masters, return 0...
  warnings.warn(f"can not get max bandwidth of interface {interface}, return 0...")
/root/Triton-distributed/python/triton_dist/kernels/nvidia/comm_perf_model.py:78: UserWarning: can not get max bandwidth of interface bonding_masters, return 0...
  warnings.warn(f"can not get max bandwidth of interface {interface}, return 0...")
/root/Triton-distributed/python/triton_dist/kernels/nvidia/comm_perf_model.py:78: UserWarning: can not get max bandwidth of interface bonding_masters, return 0...
  warnings.warn(f"can not get max bandwidth of interface {interface}, return 0...")
/root/Triton-distributed/python/triton_dist/kernels/nvidia/comm_perf_model.py:78: UserWarning: can not get max bandwidth of interface bonding_masters, return 0...
  warnings.warn(f"can not get max bandwidth of interface {interface}, return 0...")
[search][coarse] candidate 78/128: max_total=6.7200 ms, mean_total=6.2125 ms, speedup_mean=0.8975, speedup_min=0.8200, overlap_mean=28.16%, lead_ratio=4.000 | chunk=512, window=4, stage=2, steady_sms=6, tail_sms=20, lanes=2, bands=2, frontier=1
[custom] test shape: M 8192, N 29568, K 8192
✅ all close!
✅ all close!
✅ all close!
✅ all close!
Rank 0 [custom] latency (ms): torch_total=5.55, torch_gemm_only=3.74, torch_rs_only=2.10, v2_total=5.69, v2_gemm_only=4.89, v2_rs_only=3.16, v2_internal_overlap=29.36%, v2_speedup_vs_torch=0.98, v2_speedup_vs_old=nan, chunk_rows=512, num_chunks=4, active_chunk_window=4, stage_slots=2, comm_lanes=1, n_bands=2, frontier_chunks=1
Rank 1 [custom] latency (ms): torch_total=5.55, torch_gemm_only=3.74, torch_rs_only=2.08, v2_total=5.68, v2_gemm_only=4.90, v2_rs_only=3.12, v2_internal_overlap=29.18%, v2_speedup_vs_torch=0.98, v2_speedup_vs_old=nan, chunk_rows=512, num_chunks=4, active_chunk_window=4, stage_slots=2, comm_lanes=1, n_bands=2, frontier_chunks=1
Rank 2 [custom] latency (ms): torch_total=5.55, torch_gemm_only=3.74, torch_rs_only=2.09, v2_total=5.67, v2_gemm_only=4.92, v2_rs_only=3.10, v2_internal_overlap=29.30%, v2_speedup_vs_torch=0.98, v2_speedup_vs_old=nan, chunk_rows=512, num_chunks=4, active_chunk_window=4, stage_slots=2, comm_lanes=1, n_bands=2, frontier_chunks=1
Rank 3 [custom] latency (ms): torch_total=5.57, torch_gemm_only=3.78, torch_rs_only=2.13, v2_total=5.71, v2_gemm_only=4.96, v2_rs_only=3.17, v2_internal_overlap=29.79%, v2_speedup_vs_torch=0.98, v2_speedup_vs_old=nan, chunk_rows=512, num_chunks=4, active_chunk_window=4, stage_slots=2, comm_lanes=1, n_bands=2, frontier_chunks=1
W0828 20:02:23.171000 60789 site-packages/torch/distributed/run.py:766] 
W0828 20:02:23.171000 60789 site-packages/torch/distributed/run.py:766] *****************************************
W0828 20:02:23.171000 60789 site-packages/torch/distributed/run.py:766] Setting OMP_NUM_THREADS environment variable for each process to be 1 in default, to avoid your system being overloaded, please further tune the variable for optimal performance in your application as needed. 
W0828 20:02:23.171000 60789 site-packages/torch/distributed/run.py:766] *****************************************
<frozen importlib._bootstrap_external>:1301: FutureWarning: The cuda.cuda module is deprecated and will be removed in a future release, please switch to use the cuda.bindings.driver module instead.
<frozen importlib._bootstrap_external>:1301: FutureWarning: The cuda.cudart module is deprecated and will be removed in a future release, please switch to use the cuda.bindings.runtime module instead.
<frozen importlib._bootstrap_external>:1301: FutureWarning: The cuda.cuda module is deprecated and will be removed in a future release, please switch to use the cuda.bindings.driver module instead.
<frozen importlib._bootstrap_external>:1301: FutureWarning: The cuda.cudart module is deprecated and will be removed in a future release, please switch to use the cuda.bindings.runtime module instead.
<frozen importlib._bootstrap_external>:1301: FutureWarning: The cuda.cuda module is deprecated and will be removed in a future release, please switch to use the cuda.bindings.driver module instead.
<frozen importlib._bootstrap_external>:1301: FutureWarning: The cuda.cudart module is deprecated and will be removed in a future release, please switch to use the cuda.bindings.runtime module instead.
<frozen importlib._bootstrap_external>:1301: FutureWarning: The cuda.cuda module is deprecated and will be removed in a future release, please switch to use the cuda.bindings.driver module instead.
<frozen importlib._bootstrap_external>:1301: FutureWarning: The cuda.cudart module is deprecated and will be removed in a future release, please switch to use the cuda.bindings.runtime module instead.
/root/Triton-distributed/python/triton_dist/kernels/nvidia/comm_perf_model.py:78: UserWarning: can not get max bandwidth of interface bonding_masters, return 0...
  warnings.warn(f"can not get max bandwidth of interface {interface}, return 0...")
/root/Triton-distributed/python/triton_dist/kernels/nvidia/comm_perf_model.py:78: UserWarning: can not get max bandwidth of interface bonding_masters, return 0...
  warnings.warn(f"can not get max bandwidth of interface {interface}, return 0...")
/root/Triton-distributed/python/triton_dist/kernels/nvidia/comm_perf_model.py:78: UserWarning: can not get max bandwidth of interface bonding_masters, return 0...
  warnings.warn(f"can not get max bandwidth of interface {interface}, return 0...")
/root/Triton-distributed/python/triton_dist/kernels/nvidia/comm_perf_model.py:78: UserWarning: can not get max bandwidth of interface bonding_masters, return 0...
  warnings.warn(f"can not get max bandwidth of interface {interface}, return 0...")
[search][coarse] candidate 79/128: max_total=5.7100 ms, mean_total=5.6875 ms, speedup_mean=0.9800, speedup_min=0.9800, overlap_mean=29.41%, lead_ratio=4.000 | chunk=512, window=4, stage=2, steady_sms=6, tail_sms=24, lanes=1, bands=2, frontier=1
[custom] test shape: M 8192, N 29568, K 8192
✅ all close!
✅ all close!
✅ all close!
✅ all close!
Rank 0 [custom] latency (ms): torch_total=5.55, torch_gemm_only=3.76, torch_rs_only=2.11, v2_total=5.67, v2_gemm_only=4.90, v2_rs_only=3.18, v2_internal_overlap=29.90%, v2_speedup_vs_torch=0.98, v2_speedup_vs_old=nan, chunk_rows=512, num_chunks=4, active_chunk_window=4, stage_slots=2, comm_lanes=2, n_bands=2, frontier_chunks=1
Rank 1 [custom] latency (ms): torch_total=5.57, torch_gemm_only=3.74, torch_rs_only=2.07, v2_total=5.68, v2_gemm_only=4.90, v2_rs_only=3.12, v2_internal_overlap=29.20%, v2_speedup_vs_torch=0.98, v2_speedup_vs_old=nan, chunk_rows=512, num_chunks=4, active_chunk_window=4, stage_slots=2, comm_lanes=2, n_bands=2, frontier_chunks=1
Rank 2 [custom] latency (ms): torch_total=5.54, torch_gemm_only=3.75, torch_rs_only=2.09, v2_total=5.68, v2_gemm_only=4.92, v2_rs_only=3.10, v2_internal_overlap=29.16%, v2_speedup_vs_torch=0.98, v2_speedup_vs_old=nan, chunk_rows=512, num_chunks=4, active_chunk_window=4, stage_slots=2, comm_lanes=2, n_bands=2, frontier_chunks=1
Rank 3 [custom] latency (ms): torch_total=5.56, torch_gemm_only=3.79, torch_rs_only=2.09, v2_total=5.68, v2_gemm_only=4.98, v2_rs_only=3.18, v2_internal_overlap=30.30%, v2_speedup_vs_torch=0.98, v2_speedup_vs_old=nan, chunk_rows=512, num_chunks=4, active_chunk_window=4, stage_slots=2, comm_lanes=2, n_bands=2, frontier_chunks=1
W0828 20:02:34.037000 61457 site-packages/torch/distributed/run.py:766] 
W0828 20:02:34.037000 61457 site-packages/torch/distributed/run.py:766] *****************************************
W0828 20:02:34.037000 61457 site-packages/torch/distributed/run.py:766] Setting OMP_NUM_THREADS environment variable for each process to be 1 in default, to avoid your system being overloaded, please further tune the variable for optimal performance in your application as needed. 
W0828 20:02:34.037000 61457 site-packages/torch/distributed/run.py:766] *****************************************
<frozen importlib._bootstrap_external>:1301: FutureWarning: The cuda.cuda module is deprecated and will be removed in a future release, please switch to use the cuda.bindings.driver module instead.
<frozen importlib._bootstrap_external>:1301: FutureWarning: The cuda.cudart module is deprecated and will be removed in a future release, please switch to use the cuda.bindings.runtime module instead.
<frozen importlib._bootstrap_external>:1301: FutureWarning: The cuda.cuda module is deprecated and will be removed in a future release, please switch to use the cuda.bindings.driver module instead.
<frozen importlib._bootstrap_external>:1301: FutureWarning: The cuda.cudart module is deprecated and will be removed in a future release, please switch to use the cuda.bindings.runtime module instead.
<frozen importlib._bootstrap_external>:1301: FutureWarning: The cuda.cuda module is deprecated and will be removed in a future release, please switch to use the cuda.bindings.driver module instead.
<frozen importlib._bootstrap_external>:1301: FutureWarning: The cuda.cudart module is deprecated and will be removed in a future release, please switch to use the cuda.bindings.runtime module instead.
<frozen importlib._bootstrap_external>:1301: FutureWarning: The cuda.cuda module is deprecated and will be removed in a future release, please switch to use the cuda.bindings.driver module instead.
<frozen importlib._bootstrap_external>:1301: FutureWarning: The cuda.cudart module is deprecated and will be removed in a future release, please switch to use the cuda.bindings.runtime module instead.
/root/Triton-distributed/python/triton_dist/kernels/nvidia/comm_perf_model.py:78: UserWarning: can not get max bandwidth of interface bonding_masters, return 0...
  warnings.warn(f"can not get max bandwidth of interface {interface}, return 0...")
/root/Triton-distributed/python/triton_dist/kernels/nvidia/comm_perf_model.py:78: UserWarning: can not get max bandwidth of interface bonding_masters, return 0...
  warnings.warn(f"can not get max bandwidth of interface {interface}, return 0...")
/root/Triton-distributed/python/triton_dist/kernels/nvidia/comm_perf_model.py:78: UserWarning: can not get max bandwidth of interface bonding_masters, return 0...
  warnings.warn(f"can not get max bandwidth of interface {interface}, return 0...")
/root/Triton-distributed/python/triton_dist/kernels/nvidia/comm_perf_model.py:78: UserWarning: can not get max bandwidth of interface bonding_masters, return 0...
  warnings.warn(f"can not get max bandwidth of interface {interface}, return 0...")
[search][coarse] candidate 80/128: max_total=5.6800 ms, mean_total=5.6775 ms, speedup_mean=0.9800, speedup_min=0.9800, overlap_mean=29.64%, lead_ratio=4.000 | chunk=512, window=4, stage=2, steady_sms=6, tail_sms=24, lanes=2, bands=2, frontier=1
[custom] test shape: M 8192, N 29568, K 8192
✅ all close!
✅ all close!
✅ all close!
✅ all close!
Rank 0 [custom] latency (ms): torch_total=5.56, torch_gemm_only=3.73, torch_rs_only=2.07, v2_total=6.40, v2_gemm_only=5.45, v2_rs_only=3.22, v2_internal_overlap=26.24%, v2_speedup_vs_torch=0.87, v2_speedup_vs_old=nan, chunk_rows=512, num_chunks=4, active_chunk_window=4, stage_slots=4, comm_lanes=1, n_bands=2, frontier_chunks=1
Rank 1 [custom] latency (ms): torch_total=5.53, torch_gemm_only=3.74, torch_rs_only=2.07, v2_total=6.68, v2_gemm_only=5.94, v2_rs_only=3.11, v2_internal_overlap=26.25%, v2_speedup_vs_torch=0.83, v2_speedup_vs_old=nan, chunk_rows=512, num_chunks=4, active_chunk_window=4, stage_slots=4, comm_lanes=1, n_bands=2, frontier_chunks=1
Rank 2 [custom] latency (ms): torch_total=5.55, torch_gemm_only=3.73, torch_rs_only=2.10, v2_total=5.73, v2_gemm_only=4.89, v2_rs_only=3.13, v2_internal_overlap=28.62%, v2_speedup_vs_torch=0.97, v2_speedup_vs_old=nan, chunk_rows=512, num_chunks=4, active_chunk_window=4, stage_slots=4, comm_lanes=1, n_bands=2, frontier_chunks=1
Rank 3 [custom] latency (ms): torch_total=5.57, torch_gemm_only=3.79, torch_rs_only=2.08, v2_total=5.79, v2_gemm_only=4.90, v2_rs_only=3.19, v2_internal_overlap=28.40%, v2_speedup_vs_torch=0.96, v2_speedup_vs_old=nan, chunk_rows=512, num_chunks=4, active_chunk_window=4, stage_slots=4, comm_lanes=1, n_bands=2, frontier_chunks=1
W0828 20:02:45.011000 62115 site-packages/torch/distributed/run.py:766] 
W0828 20:02:45.011000 62115 site-packages/torch/distributed/run.py:766] *****************************************
W0828 20:02:45.011000 62115 site-packages/torch/distributed/run.py:766] Setting OMP_NUM_THREADS environment variable for each process to be 1 in default, to avoid your system being overloaded, please further tune the variable for optimal performance in your application as needed. 
W0828 20:02:45.011000 62115 site-packages/torch/distributed/run.py:766] *****************************************
<frozen importlib._bootstrap_external>:1301: FutureWarning: The cuda.cuda module is deprecated and will be removed in a future release, please switch to use the cuda.bindings.driver module instead.
<frozen importlib._bootstrap_external>:1301: FutureWarning: The cuda.cudart module is deprecated and will be removed in a future release, please switch to use the cuda.bindings.runtime module instead.
<frozen importlib._bootstrap_external>:1301: FutureWarning: The cuda.cuda module is deprecated and will be removed in a future release, please switch to use the cuda.bindings.driver module instead.
<frozen importlib._bootstrap_external>:1301: FutureWarning: The cuda.cudart module is deprecated and will be removed in a future release, please switch to use the cuda.bindings.runtime module instead.
<frozen importlib._bootstrap_external>:1301: FutureWarning: The cuda.cuda module is deprecated and will be removed in a future release, please switch to use the cuda.bindings.driver module instead.
<frozen importlib._bootstrap_external>:1301: FutureWarning: The cuda.cuda module is deprecated and will be removed in a future release, please switch to use the cuda.bindings.driver module instead.
<frozen importlib._bootstrap_external>:1301: FutureWarning: The cuda.cudart module is deprecated and will be removed in a future release, please switch to use the cuda.bindings.runtime module instead.
<frozen importlib._bootstrap_external>:1301: FutureWarning: The cuda.cudart module is deprecated and will be removed in a future release, please switch to use the cuda.bindings.runtime module instead.
/root/Triton-distributed/python/triton_dist/kernels/nvidia/comm_perf_model.py:78: UserWarning: can not get max bandwidth of interface bonding_masters, return 0...
  warnings.warn(f"can not get max bandwidth of interface {interface}, return 0...")
/root/Triton-distributed/python/triton_dist/kernels/nvidia/comm_perf_model.py:78: UserWarning: can not get max bandwidth of interface bonding_masters, return 0...
  warnings.warn(f"can not get max bandwidth of interface {interface}, return 0...")
/root/Triton-distributed/python/triton_dist/kernels/nvidia/comm_perf_model.py:78: UserWarning: can not get max bandwidth of interface bonding_masters, return 0...
  warnings.warn(f"can not get max bandwidth of interface {interface}, return 0...")
/root/Triton-distributed/python/triton_dist/kernels/nvidia/comm_perf_model.py:78: UserWarning: can not get max bandwidth of interface bonding_masters, return 0...
  warnings.warn(f"can not get max bandwidth of interface {interface}, return 0...")
[search][coarse] candidate 81/128: max_total=6.6800 ms, mean_total=6.1500 ms, speedup_mean=0.9075, speedup_min=0.8300, overlap_mean=27.38%, lead_ratio=2.000 | chunk=512, window=4, stage=4, steady_sms=4, tail_sms=12, lanes=1, bands=2, frontier=1
[custom] test shape: M 8192, N 29568, K 8192
✅ all close!
✅ all close!
✅ all close!
✅ all close!
Rank 0 [custom] latency (ms): torch_total=5.56, torch_gemm_only=3.75, torch_rs_only=2.02, v2_total=5.59, v2_gemm_only=4.94, v2_rs_only=3.10, v2_internal_overlap=30.54%, v2_speedup_vs_torch=0.99, v2_speedup_vs_old=nan, chunk_rows=512, num_chunks=4, active_chunk_window=4, stage_slots=4, comm_lanes=2, n_bands=2, frontier_chunks=1
Rank 1 [custom] latency (ms): torch_total=5.56, torch_gemm_only=3.73, torch_rs_only=2.01, v2_total=5.63, v2_gemm_only=4.90, v2_rs_only=3.04, v2_internal_overlap=29.08%, v2_speedup_vs_torch=0.99, v2_speedup_vs_old=nan, chunk_rows=512, num_chunks=4, active_chunk_window=4, stage_slots=4, comm_lanes=2, n_bands=2, frontier_chunks=1
Rank 2 [custom] latency (ms): torch_total=5.56, torch_gemm_only=3.73, torch_rs_only=2.01, v2_total=5.61, v2_gemm_only=4.92, v2_rs_only=3.05, v2_internal_overlap=29.64%, v2_speedup_vs_torch=0.99, v2_speedup_vs_old=nan, chunk_rows=512, num_chunks=4, active_chunk_window=4, stage_slots=4, comm_lanes=2, n_bands=2, frontier_chunks=1
Rank 3 [custom] latency (ms): torch_total=5.57, torch_gemm_only=3.78, torch_rs_only=2.02, v2_total=5.59, v2_gemm_only=4.96, v2_rs_only=3.09, v2_internal_overlap=30.57%, v2_speedup_vs_torch=1.00, v2_speedup_vs_old=nan, chunk_rows=512, num_chunks=4, active_chunk_window=4, stage_slots=4, comm_lanes=2, n_bands=2, frontier_chunks=1
W0828 20:02:56.462000 62766 site-packages/torch/distributed/run.py:766] 
W0828 20:02:56.462000 62766 site-packages/torch/distributed/run.py:766] *****************************************
W0828 20:02:56.462000 62766 site-packages/torch/distributed/run.py:766] Setting OMP_NUM_THREADS environment variable for each process to be 1 in default, to avoid your system being overloaded, please further tune the variable for optimal performance in your application as needed. 
W0828 20:02:56.462000 62766 site-packages/torch/distributed/run.py:766] *****************************************
<frozen importlib._bootstrap_external>:1301: FutureWarning: The cuda.cuda module is deprecated and will be removed in a future release, please switch to use the cuda.bindings.driver module instead.
<frozen importlib._bootstrap_external>:1301: FutureWarning: The cuda.cudart module is deprecated and will be removed in a future release, please switch to use the cuda.bindings.runtime module instead.
<frozen importlib._bootstrap_external>:1301: FutureWarning: The cuda.cuda module is deprecated and will be removed in a future release, please switch to use the cuda.bindings.driver module instead.
<frozen importlib._bootstrap_external>:1301: FutureWarning: The cuda.cudart module is deprecated and will be removed in a future release, please switch to use the cuda.bindings.runtime module instead.
<frozen importlib._bootstrap_external>:1301: FutureWarning: The cuda.cuda module is deprecated and will be removed in a future release, please switch to use the cuda.bindings.driver module instead.
<frozen importlib._bootstrap_external>:1301: FutureWarning: The cuda.cudart module is deprecated and will be removed in a future release, please switch to use the cuda.bindings.runtime module instead.
<frozen importlib._bootstrap_external>:1301: FutureWarning: The cuda.cuda module is deprecated and will be removed in a future release, please switch to use the cuda.bindings.driver module instead.
<frozen importlib._bootstrap_external>:1301: FutureWarning: The cuda.cudart module is deprecated and will be removed in a future release, please switch to use the cuda.bindings.runtime module instead.
/root/Triton-distributed/python/triton_dist/kernels/nvidia/comm_perf_model.py:78: UserWarning: can not get max bandwidth of interface bonding_masters, return 0...
  warnings.warn(f"can not get max bandwidth of interface {interface}, return 0...")
/root/Triton-distributed/python/triton_dist/kernels/nvidia/comm_perf_model.py:78: UserWarning: can not get max bandwidth of interface bonding_masters, return 0...
  warnings.warn(f"can not get max bandwidth of interface {interface}, return 0...")
/root/Triton-distributed/python/triton_dist/kernels/nvidia/comm_perf_model.py:78: UserWarning: can not get max bandwidth of interface bonding_masters, return 0...
  warnings.warn(f"can not get max bandwidth of interface {interface}, return 0...")
/root/Triton-distributed/python/triton_dist/kernels/nvidia/comm_perf_model.py:78: UserWarning: can not get max bandwidth of interface bonding_masters, return 0...
  warnings.warn(f"can not get max bandwidth of interface {interface}, return 0...")
[search][coarse] candidate 82/128: max_total=5.6300 ms, mean_total=5.6050 ms, speedup_mean=0.9925, speedup_min=0.9900, overlap_mean=29.96%, lead_ratio=2.000 | chunk=512, window=4, stage=4, steady_sms=4, tail_sms=12, lanes=2, bands=2, frontier=1
[custom] test shape: M 8192, N 29568, K 8192
✅ all close!
✅ all close!
✅ all close!
✅ all close!
W0828 20:03:07.519000 63418 site-packages/torch/distributed/run.py:766] 
W0828 20:03:07.519000 63418 site-packages/torch/distributed/run.py:766] *****************************************
W0828 20:03:07.519000 63418 site-packages/torch/distributed/run.py:766] Setting OMP_NUM_THREADS environment variable for each process to be 1 in default, to avoid your system being overloaded, please further tune the variable for optimal performance in your application as needed. 
W0828 20:03:07.519000 63418 site-packages/torch/distributed/run.py:766] *****************************************
<frozen importlib._bootstrap_external>:1301: FutureWarning: The cuda.cuda module is deprecated and will be removed in a future release, please switch to use the cuda.bindings.driver module instead.
<frozen importlib._bootstrap_external>:1301: FutureWarning: The cuda.cudart module is deprecated and will be removed in a future release, please switch to use the cuda.bindings.runtime module instead.
<frozen importlib._bootstrap_external>:1301: FutureWarning: The cuda.cuda module is deprecated and will be removed in a future release, please switch to use the cuda.bindings.driver module instead.
<frozen importlib._bootstrap_external>:1301: FutureWarning: The cuda.cuda module is deprecated and will be removed in a future release, please switch to use the cuda.bindings.driver module instead.
<frozen importlib._bootstrap_external>:1301: FutureWarning: The cuda.cudart module is deprecated and will be removed in a future release, please switch to use the cuda.bindings.runtime module instead.
<frozen importlib._bootstrap_external>:1301: FutureWarning: The cuda.cudart module is deprecated and will be removed in a future release, please switch to use the cuda.bindings.runtime module instead.
<frozen importlib._bootstrap_external>:1301: FutureWarning: The cuda.cuda module is deprecated and will be removed in a future release, please switch to use the cuda.bindings.driver module instead.
<frozen importlib._bootstrap_external>:1301: FutureWarning: The cuda.cudart module is deprecated and will be removed in a future release, please switch to use the cuda.bindings.runtime module instead.
/root/Triton-distributed/python/triton_dist/kernels/nvidia/comm_perf_model.py:78: UserWarning: can not get max bandwidth of interface bonding_masters, return 0...
  warnings.warn(f"can not get max bandwidth of interface {interface}, return 0...")
/root/Triton-distributed/python/triton_dist/kernels/nvidia/comm_perf_model.py:78: UserWarning: can not get max bandwidth of interface bonding_masters, return 0...
  warnings.warn(f"can not get max bandwidth of interface {interface}, return 0...")
/root/Triton-distributed/python/triton_dist/kernels/nvidia/comm_perf_model.py:78: UserWarning: can not get max bandwidth of interface bonding_masters, return 0...
  warnings.warn(f"can not get max bandwidth of interface {interface}, return 0...")
/root/Triton-distributed/python/triton_dist/kernels/nvidia/comm_perf_model.py:78: UserWarning: can not get max bandwidth of interface bonding_masters, return 0...
  warnings.warn(f"can not get max bandwidth of interface {interface}, return 0...")
W0828 20:04:36.033000 63418 site-packages/torch/distributed/elastic/agent/server/api.py:719] Received 15 death signal, shutting down workers
W0828 20:04:36.037000 63418 site-packages/torch/distributed/elastic/multiprocessing/api.py:900] Sending process 63483 closing signal SIGTERM
W0828 20:04:36.038000 63418 site-packages/torch/distributed/elastic/multiprocessing/api.py:900] Sending process 63484 closing signal SIGTERM
W0828 20:04:36.039000 63418 site-packages/torch/distributed/elastic/multiprocessing/api.py:900] Sending process 63485 closing signal SIGTERM
W0828 20:04:36.039000 63418 site-packages/torch/distributed/elastic/multiprocessing/api.py:900] Sending process 63486 closing signal SIGTERM
Traceback (most recent call last):
  File "/root/miniconda3/bin/torchrun", line 7, in <module>
    sys.exit(main())
             ^^^^^^
  File "/root/miniconda3/lib/python3.12/site-packages/torch/distributed/elastic/multiprocessing/errors/__init__.py", line 355, in wrapper
    return f(*args, **kwargs)
           ^^^^^^^^^^^^^^^^^^
  File "/root/miniconda3/lib/python3.12/site-packages/torch/distributed/run.py", line 892, in main
    run(args)
  File "/root/miniconda3/lib/python3.12/site-packages/torch/distributed/run.py", line 883, in run
    elastic_launch(
  File "/root/miniconda3/lib/python3.12/site-packages/torch/distributed/launcher/api.py", line 139, in __call__
    return launch_agent(self._config, self._entrypoint, list(args))
           ^^^^^^^^^^^^^^^^^^^^^^^^^^^^^^^^^^^^^^^^^^^^^^^^^^^^^^^^
  File "/root/miniconda3/lib/python3.12/site-packages/torch/distributed/launcher/api.py", line 261, in launch_agent
    result = agent.run()
             ^^^^^^^^^^^
  File "/root/miniconda3/lib/python3.12/site-packages/torch/distributed/elastic/metrics/api.py", line 138, in wrapper
    result = f(*args, **kwargs)
             ^^^^^^^^^^^^^^^^^^
  File "/root/miniconda3/lib/python3.12/site-packages/torch/distributed/elastic/agent/server/api.py", line 711, in run
    result = self._invoke_run(role)
             ^^^^^^^^^^^^^^^^^^^^^^
  File "/root/miniconda3/lib/python3.12/site-packages/torch/distributed/elastic/agent/server/api.py", line 870, in _invoke_run
    time.sleep(monitor_interval)
  File "/root/miniconda3/lib/python3.12/site-packages/torch/distributed/elastic/multiprocessing/api.py", line 84, in _terminate_process_handler
    raise SignalException(f"Process {os.getpid()} got signal: {sigval}", sigval=sigval)
torch.distributed.elastic.multiprocessing.api.SignalException: Process 63418 got signal: 15
[search] candidate timed out after 90.0s
[search][coarse] candidate 83/128 failed(rc=124): chunk=512, window=4, stage=4, steady_sms=4, tail_sms=16, lanes=1, bands=2, frontier=1
[custom] test shape: M 8192, N 29568, K 8192
✅ all close!
✅ all close!
✅ all close!
✅ all close!
Rank 0 [custom] latency (ms): torch_total=5.59, torch_gemm_only=3.76, torch_rs_only=2.07, v2_total=5.59, v2_gemm_only=4.90, v2_rs_only=3.06, v2_internal_overlap=29.77%, v2_speedup_vs_torch=1.00, v2_speedup_vs_old=nan, chunk_rows=512, num_chunks=4, active_chunk_window=4, stage_slots=4, comm_lanes=2, n_bands=2, frontier_chunks=1
Rank 1 [custom] latency (ms): torch_total=5.58, torch_gemm_only=3.74, torch_rs_only=2.07, v2_total=5.61, v2_gemm_only=4.92, v2_rs_only=3.06, v2_internal_overlap=29.67%, v2_speedup_vs_torch=0.99, v2_speedup_vs_old=nan, chunk_rows=512, num_chunks=4, active_chunk_window=4, stage_slots=4, comm_lanes=2, n_bands=2, frontier_chunks=1
Rank 2 [custom] latency (ms): torch_total=5.60, torch_gemm_only=3.74, torch_rs_only=2.09, v2_total=5.62, v2_gemm_only=4.94, v2_rs_only=3.03, v2_internal_overlap=29.48%, v2_speedup_vs_torch=1.00, v2_speedup_vs_old=nan, chunk_rows=512, num_chunks=4, active_chunk_window=4, stage_slots=4, comm_lanes=2, n_bands=2, frontier_chunks=1
Rank 3 [custom] latency (ms): torch_total=5.60, torch_gemm_only=3.77, torch_rs_only=2.07, v2_total=5.61, v2_gemm_only=4.97, v2_rs_only=3.06, v2_internal_overlap=30.15%, v2_speedup_vs_torch=1.00, v2_speedup_vs_old=nan, chunk_rows=512, num_chunks=4, active_chunk_window=4, stage_slots=4, comm_lanes=2, n_bands=2, frontier_chunks=1
W0828 20:04:38.871000 64036 site-packages/torch/distributed/run.py:766] 
W0828 20:04:38.871000 64036 site-packages/torch/distributed/run.py:766] *****************************************
W0828 20:04:38.871000 64036 site-packages/torch/distributed/run.py:766] Setting OMP_NUM_THREADS environment variable for each process to be 1 in default, to avoid your system being overloaded, please further tune the variable for optimal performance in your application as needed. 
W0828 20:04:38.871000 64036 site-packages/torch/distributed/run.py:766] *****************************************
<frozen importlib._bootstrap_external>:1301: FutureWarning: The cuda.cuda module is deprecated and will be removed in a future release, please switch to use the cuda.bindings.driver module instead.
<frozen importlib._bootstrap_external>:1301: FutureWarning: The cuda.cudart module is deprecated and will be removed in a future release, please switch to use the cuda.bindings.runtime module instead.
<frozen importlib._bootstrap_external>:1301: FutureWarning: The cuda.cuda module is deprecated and will be removed in a future release, please switch to use the cuda.bindings.driver module instead.
<frozen importlib._bootstrap_external>:1301: FutureWarning: The cuda.cudart module is deprecated and will be removed in a future release, please switch to use the cuda.bindings.runtime module instead.
<frozen importlib._bootstrap_external>:1301: FutureWarning: The cuda.cuda module is deprecated and will be removed in a future release, please switch to use the cuda.bindings.driver module instead.
<frozen importlib._bootstrap_external>:1301: FutureWarning: The cuda.cudart module is deprecated and will be removed in a future release, please switch to use the cuda.bindings.runtime module instead.
<frozen importlib._bootstrap_external>:1301: FutureWarning: The cuda.cuda module is deprecated and will be removed in a future release, please switch to use the cuda.bindings.driver module instead.
<frozen importlib._bootstrap_external>:1301: FutureWarning: The cuda.cudart module is deprecated and will be removed in a future release, please switch to use the cuda.bindings.runtime module instead.
/root/Triton-distributed/python/triton_dist/kernels/nvidia/comm_perf_model.py:78: UserWarning: can not get max bandwidth of interface bonding_masters, return 0...
  warnings.warn(f"can not get max bandwidth of interface {interface}, return 0...")
/root/Triton-distributed/python/triton_dist/kernels/nvidia/comm_perf_model.py:78: UserWarning: can not get max bandwidth of interface bonding_masters, return 0...
  warnings.warn(f"can not get max bandwidth of interface {interface}, return 0...")
/root/Triton-distributed/python/triton_dist/kernels/nvidia/comm_perf_model.py:78: UserWarning: can not get max bandwidth of interface bonding_masters, return 0...
  warnings.warn(f"can not get max bandwidth of interface {interface}, return 0...")
/root/Triton-distributed/python/triton_dist/kernels/nvidia/comm_perf_model.py:78: UserWarning: can not get max bandwidth of interface bonding_masters, return 0...
  warnings.warn(f"can not get max bandwidth of interface {interface}, return 0...")
[search][coarse] candidate 84/128: max_total=5.6200 ms, mean_total=5.6075 ms, speedup_mean=0.9975, speedup_min=0.9900, overlap_mean=29.77%, lead_ratio=2.000 | chunk=512, window=4, stage=4, steady_sms=4, tail_sms=16, lanes=2, bands=2, frontier=1
[custom] test shape: M 8192, N 29568, K 8192
✅ all close!
✅ all close!
✅ all close!
✅ all close!
Rank 0 [custom] latency (ms): torch_total=5.60, torch_gemm_only=3.74, torch_rs_only=2.01, v2_total=5.67, v2_gemm_only=4.92, v2_rs_only=3.15, v2_internal_overlap=29.76%, v2_speedup_vs_torch=0.99, v2_speedup_vs_old=nan, chunk_rows=512, num_chunks=4, active_chunk_window=4, stage_slots=4, comm_lanes=1, n_bands=2, frontier_chunks=1
Rank 1 [custom] latency (ms): torch_total=5.58, torch_gemm_only=3.74, torch_rs_only=2.02, v2_total=5.62, v2_gemm_only=4.90, v2_rs_only=3.18, v2_internal_overlap=30.37%, v2_speedup_vs_torch=0.99, v2_speedup_vs_old=nan, chunk_rows=512, num_chunks=4, active_chunk_window=4, stage_slots=4, comm_lanes=1, n_bands=2, frontier_chunks=1
Rank 2 [custom] latency (ms): torch_total=5.57, torch_gemm_only=3.73, torch_rs_only=2.02, v2_total=5.62, v2_gemm_only=4.90, v2_rs_only=3.19, v2_internal_overlap=30.45%, v2_speedup_vs_torch=0.99, v2_speedup_vs_old=nan, chunk_rows=512, num_chunks=4, active_chunk_window=4, stage_slots=4, comm_lanes=1, n_bands=2, frontier_chunks=1
Rank 3 [custom] latency (ms): torch_total=5.60, torch_gemm_only=3.77, torch_rs_only=2.04, v2_total=5.62, v2_gemm_only=4.97, v2_rs_only=3.18, v2_internal_overlap=31.04%, v2_speedup_vs_torch=1.00, v2_speedup_vs_old=nan, chunk_rows=512, num_chunks=4, active_chunk_window=4, stage_slots=4, comm_lanes=1, n_bands=2, frontier_chunks=1
W0828 20:04:49.861000 64688 site-packages/torch/distributed/run.py:766] 
W0828 20:04:49.861000 64688 site-packages/torch/distributed/run.py:766] *****************************************
W0828 20:04:49.861000 64688 site-packages/torch/distributed/run.py:766] Setting OMP_NUM_THREADS environment variable for each process to be 1 in default, to avoid your system being overloaded, please further tune the variable for optimal performance in your application as needed. 
W0828 20:04:49.861000 64688 site-packages/torch/distributed/run.py:766] *****************************************
<frozen importlib._bootstrap_external>:1301: FutureWarning: The cuda.cuda module is deprecated and will be removed in a future release, please switch to use the cuda.bindings.driver module instead.
<frozen importlib._bootstrap_external>:1301: FutureWarning: The cuda.cudart module is deprecated and will be removed in a future release, please switch to use the cuda.bindings.runtime module instead.
<frozen importlib._bootstrap_external>:1301: FutureWarning: The cuda.cuda module is deprecated and will be removed in a future release, please switch to use the cuda.bindings.driver module instead.
<frozen importlib._bootstrap_external>:1301: FutureWarning: The cuda.cudart module is deprecated and will be removed in a future release, please switch to use the cuda.bindings.runtime module instead.
<frozen importlib._bootstrap_external>:1301: FutureWarning: The cuda.cuda module is deprecated and will be removed in a future release, please switch to use the cuda.bindings.driver module instead.
<frozen importlib._bootstrap_external>:1301: FutureWarning: The cuda.cudart module is deprecated and will be removed in a future release, please switch to use the cuda.bindings.runtime module instead.
<frozen importlib._bootstrap_external>:1301: FutureWarning: The cuda.cuda module is deprecated and will be removed in a future release, please switch to use the cuda.bindings.driver module instead.
<frozen importlib._bootstrap_external>:1301: FutureWarning: The cuda.cudart module is deprecated and will be removed in a future release, please switch to use the cuda.bindings.runtime module instead.
/root/Triton-distributed/python/triton_dist/kernels/nvidia/comm_perf_model.py:78: UserWarning: can not get max bandwidth of interface bonding_masters, return 0...
  warnings.warn(f"can not get max bandwidth of interface {interface}, return 0...")
/root/Triton-distributed/python/triton_dist/kernels/nvidia/comm_perf_model.py:78: UserWarning: can not get max bandwidth of interface bonding_masters, return 0...
  warnings.warn(f"can not get max bandwidth of interface {interface}, return 0...")
/root/Triton-distributed/python/triton_dist/kernels/nvidia/comm_perf_model.py:78: UserWarning: can not get max bandwidth of interface bonding_masters, return 0...
  warnings.warn(f"can not get max bandwidth of interface {interface}, return 0...")
/root/Triton-distributed/python/triton_dist/kernels/nvidia/comm_perf_model.py:78: UserWarning: can not get max bandwidth of interface bonding_masters, return 0...
  warnings.warn(f"can not get max bandwidth of interface {interface}, return 0...")
[search][coarse] candidate 85/128: max_total=5.6700 ms, mean_total=5.6325 ms, speedup_mean=0.9925, speedup_min=0.9900, overlap_mean=30.41%, lead_ratio=2.000 | chunk=512, window=4, stage=4, steady_sms=4, tail_sms=20, lanes=1, bands=2, frontier=1
[custom] test shape: M 8192, N 29568, K 8192
✅ all close!
✅ all close!
✅ all close!
✅ all close!
Rank 0 [custom] latency (ms): torch_total=5.56, torch_gemm_only=3.72, torch_rs_only=2.05, v2_total=5.66, v2_gemm_only=4.94, v2_rs_only=3.11, v2_internal_overlap=29.70%, v2_speedup_vs_torch=0.98, v2_speedup_vs_old=nan, chunk_rows=512, num_chunks=4, active_chunk_window=4, stage_slots=4, comm_lanes=2, n_bands=2, frontier_chunks=1
Rank 1 [custom] latency (ms): torch_total=5.54, torch_gemm_only=3.75, torch_rs_only=2.04, v2_total=5.64, v2_gemm_only=4.90, v2_rs_only=3.04, v2_internal_overlap=29.05%, v2_speedup_vs_torch=0.98, v2_speedup_vs_old=nan, chunk_rows=512, num_chunks=4, active_chunk_window=4, stage_slots=4, comm_lanes=2, n_bands=2, frontier_chunks=1
Rank 2 [custom] latency (ms): torch_total=5.53, torch_gemm_only=3.73, torch_rs_only=2.05, v2_total=5.63, v2_gemm_only=4.92, v2_rs_only=3.07, v2_internal_overlap=29.52%, v2_speedup_vs_torch=0.98, v2_speedup_vs_old=nan, chunk_rows=512, num_chunks=4, active_chunk_window=4, stage_slots=4, comm_lanes=2, n_bands=2, frontier_chunks=1
Rank 3 [custom] latency (ms): torch_total=5.57, torch_gemm_only=3.78, torch_rs_only=2.07, v2_total=5.88, v2_gemm_only=5.16, v2_rs_only=3.09, v2_internal_overlap=28.75%, v2_speedup_vs_torch=0.95, v2_speedup_vs_old=nan, chunk_rows=512, num_chunks=4, active_chunk_window=4, stage_slots=4, comm_lanes=2, n_bands=2, frontier_chunks=1
W0828 20:05:01.058000 65340 site-packages/torch/distributed/run.py:766] 
W0828 20:05:01.058000 65340 site-packages/torch/distributed/run.py:766] *****************************************
W0828 20:05:01.058000 65340 site-packages/torch/distributed/run.py:766] Setting OMP_NUM_THREADS environment variable for each process to be 1 in default, to avoid your system being overloaded, please further tune the variable for optimal performance in your application as needed. 
W0828 20:05:01.058000 65340 site-packages/torch/distributed/run.py:766] *****************************************
<frozen importlib._bootstrap_external>:1301: FutureWarning: The cuda.cuda module is deprecated and will be removed in a future release, please switch to use the cuda.bindings.driver module instead.
<frozen importlib._bootstrap_external>:1301: FutureWarning: The cuda.cudart module is deprecated and will be removed in a future release, please switch to use the cuda.bindings.runtime module instead.
<frozen importlib._bootstrap_external>:1301: FutureWarning: The cuda.cuda module is deprecated and will be removed in a future release, please switch to use the cuda.bindings.driver module instead.
<frozen importlib._bootstrap_external>:1301: FutureWarning: The cuda.cudart module is deprecated and will be removed in a future release, please switch to use the cuda.bindings.runtime module instead.
<frozen importlib._bootstrap_external>:1301: FutureWarning: The cuda.cuda module is deprecated and will be removed in a future release, please switch to use the cuda.bindings.driver module instead.
<frozen importlib._bootstrap_external>:1301: FutureWarning: The cuda.cudart module is deprecated and will be removed in a future release, please switch to use the cuda.bindings.runtime module instead.
<frozen importlib._bootstrap_external>:1301: FutureWarning: The cuda.cuda module is deprecated and will be removed in a future release, please switch to use the cuda.bindings.driver module instead.
<frozen importlib._bootstrap_external>:1301: FutureWarning: The cuda.cudart module is deprecated and will be removed in a future release, please switch to use the cuda.bindings.runtime module instead.
/root/Triton-distributed/python/triton_dist/kernels/nvidia/comm_perf_model.py:78: UserWarning: can not get max bandwidth of interface bonding_masters, return 0...
  warnings.warn(f"can not get max bandwidth of interface {interface}, return 0...")
/root/Triton-distributed/python/triton_dist/kernels/nvidia/comm_perf_model.py:78: UserWarning: can not get max bandwidth of interface bonding_masters, return 0...
  warnings.warn(f"can not get max bandwidth of interface {interface}, return 0...")
/root/Triton-distributed/python/triton_dist/kernels/nvidia/comm_perf_model.py:78: UserWarning: can not get max bandwidth of interface bonding_masters, return 0...
  warnings.warn(f"can not get max bandwidth of interface {interface}, return 0...")
/root/Triton-distributed/python/triton_dist/kernels/nvidia/comm_perf_model.py:78: UserWarning: can not get max bandwidth of interface bonding_masters, return 0...
  warnings.warn(f"can not get max bandwidth of interface {interface}, return 0...")
[search][coarse] candidate 86/128: max_total=5.8800 ms, mean_total=5.7025 ms, speedup_mean=0.9725, speedup_min=0.9500, overlap_mean=29.25%, lead_ratio=2.000 | chunk=512, window=4, stage=4, steady_sms=4, tail_sms=20, lanes=2, bands=2, frontier=1
[custom] test shape: M 8192, N 29568, K 8192
✅ all close!
✅ all close!
✅ all close!
✅ all close!
Rank 0 [custom] latency (ms): torch_total=5.56, torch_gemm_only=3.73, torch_rs_only=2.08, v2_total=5.63, v2_gemm_only=4.90, v2_rs_only=3.11, v2_internal_overlap=29.69%, v2_speedup_vs_torch=0.99, v2_speedup_vs_old=nan, chunk_rows=512, num_chunks=4, active_chunk_window=4, stage_slots=4, comm_lanes=1, n_bands=2, frontier_chunks=1
Rank 1 [custom] latency (ms): torch_total=5.54, torch_gemm_only=3.73, torch_rs_only=2.09, v2_total=5.61, v2_gemm_only=4.90, v2_rs_only=3.11, v2_internal_overlap=29.88%, v2_speedup_vs_torch=0.99, v2_speedup_vs_old=nan, chunk_rows=512, num_chunks=4, active_chunk_window=4, stage_slots=4, comm_lanes=1, n_bands=2, frontier_chunks=1
Rank 2 [custom] latency (ms): torch_total=5.55, torch_gemm_only=3.75, torch_rs_only=2.09, v2_total=5.63, v2_gemm_only=4.92, v2_rs_only=3.11, v2_internal_overlap=29.87%, v2_speedup_vs_torch=0.99, v2_speedup_vs_old=nan, chunk_rows=512, num_chunks=4, active_chunk_window=4, stage_slots=4, comm_lanes=1, n_bands=2, frontier_chunks=1
Rank 3 [custom] latency (ms): torch_total=5.57, torch_gemm_only=3.78, torch_rs_only=2.08, v2_total=5.62, v2_gemm_only=4.93, v2_rs_only=3.12, v2_internal_overlap=30.22%, v2_speedup_vs_torch=0.99, v2_speedup_vs_old=nan, chunk_rows=512, num_chunks=4, active_chunk_window=4, stage_slots=4, comm_lanes=1, n_bands=2, frontier_chunks=1
W0828 20:05:12.196000 762 site-packages/torch/distributed/run.py:766] 
W0828 20:05:12.196000 762 site-packages/torch/distributed/run.py:766] *****************************************
W0828 20:05:12.196000 762 site-packages/torch/distributed/run.py:766] Setting OMP_NUM_THREADS environment variable for each process to be 1 in default, to avoid your system being overloaded, please further tune the variable for optimal performance in your application as needed. 
W0828 20:05:12.196000 762 site-packages/torch/distributed/run.py:766] *****************************************
<frozen importlib._bootstrap_external>:1301: FutureWarning: The cuda.cuda module is deprecated and will be removed in a future release, please switch to use the cuda.bindings.driver module instead.
<frozen importlib._bootstrap_external>:1301: FutureWarning: The cuda.cudart module is deprecated and will be removed in a future release, please switch to use the cuda.bindings.runtime module instead.
<frozen importlib._bootstrap_external>:1301: FutureWarning: The cuda.cuda module is deprecated and will be removed in a future release, please switch to use the cuda.bindings.driver module instead.
<frozen importlib._bootstrap_external>:1301: FutureWarning: The cuda.cudart module is deprecated and will be removed in a future release, please switch to use the cuda.bindings.runtime module instead.
<frozen importlib._bootstrap_external>:1301: FutureWarning: The cuda.cuda module is deprecated and will be removed in a future release, please switch to use the cuda.bindings.driver module instead.
<frozen importlib._bootstrap_external>:1301: FutureWarning: The cuda.cudart module is deprecated and will be removed in a future release, please switch to use the cuda.bindings.runtime module instead.
<frozen importlib._bootstrap_external>:1301: FutureWarning: The cuda.cuda module is deprecated and will be removed in a future release, please switch to use the cuda.bindings.driver module instead.
<frozen importlib._bootstrap_external>:1301: FutureWarning: The cuda.cudart module is deprecated and will be removed in a future release, please switch to use the cuda.bindings.runtime module instead.
/root/Triton-distributed/python/triton_dist/kernels/nvidia/comm_perf_model.py:78: UserWarning: can not get max bandwidth of interface bonding_masters, return 0...
  warnings.warn(f"can not get max bandwidth of interface {interface}, return 0...")
/root/Triton-distributed/python/triton_dist/kernels/nvidia/comm_perf_model.py:78: UserWarning: can not get max bandwidth of interface bonding_masters, return 0...
  warnings.warn(f"can not get max bandwidth of interface {interface}, return 0...")
/root/Triton-distributed/python/triton_dist/kernels/nvidia/comm_perf_model.py:78: UserWarning: can not get max bandwidth of interface bonding_masters, return 0...
  warnings.warn(f"can not get max bandwidth of interface {interface}, return 0...")
/root/Triton-distributed/python/triton_dist/kernels/nvidia/comm_perf_model.py:78: UserWarning: can not get max bandwidth of interface bonding_masters, return 0...
  warnings.warn(f"can not get max bandwidth of interface {interface}, return 0...")
[search][coarse] candidate 87/128: max_total=5.6300 ms, mean_total=5.6225 ms, speedup_mean=0.9900, speedup_min=0.9900, overlap_mean=29.92%, lead_ratio=2.000 | chunk=512, window=4, stage=4, steady_sms=4, tail_sms=24, lanes=1, bands=2, frontier=1
[custom] test shape: M 8192, N 29568, K 8192
✅ all close!
✅ all close!
✅ all close!
✅ all close!
Rank 0 [custom] latency (ms): torch_total=5.60, torch_gemm_only=3.73, torch_rs_only=2.09, v2_total=5.59, v2_gemm_only=4.91, v2_rs_only=3.00, v2_internal_overlap=29.28%, v2_speedup_vs_torch=1.00, v2_speedup_vs_old=nan, chunk_rows=512, num_chunks=4, active_chunk_window=4, stage_slots=4, comm_lanes=2, n_bands=2, frontier_chunks=1
Rank 1 [custom] latency (ms): torch_total=5.58, torch_gemm_only=3.74, torch_rs_only=2.10, v2_total=5.67, v2_gemm_only=4.96, v2_rs_only=2.98, v2_internal_overlap=28.51%, v2_speedup_vs_torch=0.98, v2_speedup_vs_old=nan, chunk_rows=512, num_chunks=4, active_chunk_window=4, stage_slots=4, comm_lanes=2, n_bands=2, frontier_chunks=1
Rank 2 [custom] latency (ms): torch_total=5.57, torch_gemm_only=3.72, torch_rs_only=2.11, v2_total=5.60, v2_gemm_only=4.92, v2_rs_only=3.02, v2_internal_overlap=29.47%, v2_speedup_vs_torch=0.99, v2_speedup_vs_old=nan, chunk_rows=512, num_chunks=4, active_chunk_window=4, stage_slots=4, comm_lanes=2, n_bands=2, frontier_chunks=1
Rank 3 [custom] latency (ms): torch_total=5.58, torch_gemm_only=3.81, torch_rs_only=2.12, v2_total=5.60, v2_gemm_only=4.95, v2_rs_only=3.03, v2_internal_overlap=29.81%, v2_speedup_vs_torch=1.00, v2_speedup_vs_old=nan, chunk_rows=512, num_chunks=4, active_chunk_window=4, stage_slots=4, comm_lanes=2, n_bands=2, frontier_chunks=1
W0828 20:05:23.334000 1511 site-packages/torch/distributed/run.py:766] 
W0828 20:05:23.334000 1511 site-packages/torch/distributed/run.py:766] *****************************************
W0828 20:05:23.334000 1511 site-packages/torch/distributed/run.py:766] Setting OMP_NUM_THREADS environment variable for each process to be 1 in default, to avoid your system being overloaded, please further tune the variable for optimal performance in your application as needed. 
W0828 20:05:23.334000 1511 site-packages/torch/distributed/run.py:766] *****************************************
<frozen importlib._bootstrap_external>:1301: FutureWarning: The cuda.cuda module is deprecated and will be removed in a future release, please switch to use the cuda.bindings.driver module instead.
<frozen importlib._bootstrap_external>:1301: FutureWarning: The cuda.cudart module is deprecated and will be removed in a future release, please switch to use the cuda.bindings.runtime module instead.
<frozen importlib._bootstrap_external>:1301: FutureWarning: The cuda.cuda module is deprecated and will be removed in a future release, please switch to use the cuda.bindings.driver module instead.
<frozen importlib._bootstrap_external>:1301: FutureWarning: The cuda.cudart module is deprecated and will be removed in a future release, please switch to use the cuda.bindings.runtime module instead.
<frozen importlib._bootstrap_external>:1301: FutureWarning: The cuda.cuda module is deprecated and will be removed in a future release, please switch to use the cuda.bindings.driver module instead.
<frozen importlib._bootstrap_external>:1301: FutureWarning: The cuda.cudart module is deprecated and will be removed in a future release, please switch to use the cuda.bindings.runtime module instead.
<frozen importlib._bootstrap_external>:1301: FutureWarning: The cuda.cuda module is deprecated and will be removed in a future release, please switch to use the cuda.bindings.driver module instead.
<frozen importlib._bootstrap_external>:1301: FutureWarning: The cuda.cudart module is deprecated and will be removed in a future release, please switch to use the cuda.bindings.runtime module instead.
/root/Triton-distributed/python/triton_dist/kernels/nvidia/comm_perf_model.py:78: UserWarning: can not get max bandwidth of interface bonding_masters, return 0...
  warnings.warn(f"can not get max bandwidth of interface {interface}, return 0...")
/root/Triton-distributed/python/triton_dist/kernels/nvidia/comm_perf_model.py:78: UserWarning: can not get max bandwidth of interface bonding_masters, return 0...
  warnings.warn(f"can not get max bandwidth of interface {interface}, return 0...")
/root/Triton-distributed/python/triton_dist/kernels/nvidia/comm_perf_model.py:78: UserWarning: can not get max bandwidth of interface bonding_masters, return 0...
  warnings.warn(f"can not get max bandwidth of interface {interface}, return 0...")
/root/Triton-distributed/python/triton_dist/kernels/nvidia/comm_perf_model.py:78: UserWarning: can not get max bandwidth of interface bonding_masters, return 0...
  warnings.warn(f"can not get max bandwidth of interface {interface}, return 0...")
[search][coarse] candidate 88/128: max_total=5.6700 ms, mean_total=5.6150 ms, speedup_mean=0.9925, speedup_min=0.9800, overlap_mean=29.27%, lead_ratio=2.000 | chunk=512, window=4, stage=4, steady_sms=4, tail_sms=24, lanes=2, bands=2, frontier=1
[custom] test shape: M 8192, N 29568, K 8192
✅ all close!
✅ all close!
✅ all close!
✅ all close!
Rank 0 [custom] latency (ms): torch_total=5.60, torch_gemm_only=3.76, torch_rs_only=2.00, v2_total=5.66, v2_gemm_only=4.89, v2_rs_only=3.30, v2_internal_overlap=30.98%, v2_speedup_vs_torch=0.99, v2_speedup_vs_old=nan, chunk_rows=512, num_chunks=4, active_chunk_window=4, stage_slots=4, comm_lanes=1, n_bands=2, frontier_chunks=1
Rank 1 [custom] latency (ms): torch_total=5.60, torch_gemm_only=3.74, torch_rs_only=2.03, v2_total=6.42, v2_gemm_only=5.95, v2_rs_only=3.25, v2_internal_overlap=30.22%, v2_speedup_vs_torch=0.87, v2_speedup_vs_old=nan, chunk_rows=512, num_chunks=4, active_chunk_window=4, stage_slots=4, comm_lanes=1, n_bands=2, frontier_chunks=1
Rank 2 [custom] latency (ms): torch_total=5.59, torch_gemm_only=3.73, torch_rs_only=2.02, v2_total=5.52, v2_gemm_only=4.92, v2_rs_only=3.26, v2_internal_overlap=32.51%, v2_speedup_vs_torch=1.01, v2_speedup_vs_old=nan, chunk_rows=512, num_chunks=4, active_chunk_window=4, stage_slots=4, comm_lanes=1, n_bands=2, frontier_chunks=1
Rank 3 [custom] latency (ms): torch_total=5.59, torch_gemm_only=3.79, torch_rs_only=2.02, v2_total=5.60, v2_gemm_only=4.95, v2_rs_only=3.26, v2_internal_overlap=31.85%, v2_speedup_vs_torch=1.00, v2_speedup_vs_old=nan, chunk_rows=512, num_chunks=4, active_chunk_window=4, stage_slots=4, comm_lanes=1, n_bands=2, frontier_chunks=1
W0828 20:05:34.072000 2179 site-packages/torch/distributed/run.py:766] 
W0828 20:05:34.072000 2179 site-packages/torch/distributed/run.py:766] *****************************************
W0828 20:05:34.072000 2179 site-packages/torch/distributed/run.py:766] Setting OMP_NUM_THREADS environment variable for each process to be 1 in default, to avoid your system being overloaded, please further tune the variable for optimal performance in your application as needed. 
W0828 20:05:34.072000 2179 site-packages/torch/distributed/run.py:766] *****************************************
<frozen importlib._bootstrap_external>:1301: FutureWarning: The cuda.cuda module is deprecated and will be removed in a future release, please switch to use the cuda.bindings.driver module instead.
<frozen importlib._bootstrap_external>:1301: FutureWarning: The cuda.cudart module is deprecated and will be removed in a future release, please switch to use the cuda.bindings.runtime module instead.
<frozen importlib._bootstrap_external>:1301: FutureWarning: The cuda.cuda module is deprecated and will be removed in a future release, please switch to use the cuda.bindings.driver module instead.
<frozen importlib._bootstrap_external>:1301: FutureWarning: The cuda.cudart module is deprecated and will be removed in a future release, please switch to use the cuda.bindings.runtime module instead.
<frozen importlib._bootstrap_external>:1301: FutureWarning: The cuda.cuda module is deprecated and will be removed in a future release, please switch to use the cuda.bindings.driver module instead.
<frozen importlib._bootstrap_external>:1301: FutureWarning: The cuda.cudart module is deprecated and will be removed in a future release, please switch to use the cuda.bindings.runtime module instead.
<frozen importlib._bootstrap_external>:1301: FutureWarning: The cuda.cuda module is deprecated and will be removed in a future release, please switch to use the cuda.bindings.driver module instead.
<frozen importlib._bootstrap_external>:1301: FutureWarning: The cuda.cudart module is deprecated and will be removed in a future release, please switch to use the cuda.bindings.runtime module instead.
/root/Triton-distributed/python/triton_dist/kernels/nvidia/comm_perf_model.py:78: UserWarning: can not get max bandwidth of interface bonding_masters, return 0...
  warnings.warn(f"can not get max bandwidth of interface {interface}, return 0...")
/root/Triton-distributed/python/triton_dist/kernels/nvidia/comm_perf_model.py:78: UserWarning: can not get max bandwidth of interface bonding_masters, return 0...
  warnings.warn(f"can not get max bandwidth of interface {interface}, return 0...")
/root/Triton-distributed/python/triton_dist/kernels/nvidia/comm_perf_model.py:78: UserWarning: can not get max bandwidth of interface bonding_masters, return 0...
  warnings.warn(f"can not get max bandwidth of interface {interface}, return 0...")
/root/Triton-distributed/python/triton_dist/kernels/nvidia/comm_perf_model.py:78: UserWarning: can not get max bandwidth of interface bonding_masters, return 0...
  warnings.warn(f"can not get max bandwidth of interface {interface}, return 0...")
[search][coarse] candidate 89/128: max_total=6.4200 ms, mean_total=5.8000 ms, speedup_mean=0.9675, speedup_min=0.8700, overlap_mean=31.39%, lead_ratio=2.000 | chunk=512, window=4, stage=4, steady_sms=6, tail_sms=12, lanes=1, bands=2, frontier=1
[custom] test shape: M 8192, N 29568, K 8192
✅ all close!
✅ all close!
✅ all close!
✅ all close!
Rank 0 [custom] latency (ms): torch_total=5.57, torch_gemm_only=3.74, torch_rs_only=2.06, v2_total=5.32, v2_gemm_only=4.94, v2_rs_only=3.26, v2_internal_overlap=35.16%, v2_speedup_vs_torch=1.05, v2_speedup_vs_old=nan, chunk_rows=512, num_chunks=4, active_chunk_window=4, stage_slots=4, comm_lanes=2, n_bands=2, frontier_chunks=1
Rank 1 [custom] latency (ms): torch_total=5.55, torch_gemm_only=3.74, torch_rs_only=2.05, v2_total=5.33, v2_gemm_only=4.90, v2_rs_only=3.22, v2_internal_overlap=34.34%, v2_speedup_vs_torch=1.04, v2_speedup_vs_old=nan, chunk_rows=512, num_chunks=4, active_chunk_window=4, stage_slots=4, comm_lanes=2, n_bands=2, frontier_chunks=1
Rank 2 [custom] latency (ms): torch_total=5.56, torch_gemm_only=3.75, torch_rs_only=2.05, v2_total=5.33, v2_gemm_only=5.00, v2_rs_only=3.21, v2_internal_overlap=35.05%, v2_speedup_vs_torch=1.04, v2_speedup_vs_old=nan, chunk_rows=512, num_chunks=4, active_chunk_window=4, stage_slots=4, comm_lanes=2, n_bands=2, frontier_chunks=1
Rank 3 [custom] latency (ms): torch_total=5.58, torch_gemm_only=3.78, torch_rs_only=2.04, v2_total=5.37, v2_gemm_only=5.00, v2_rs_only=3.22, v2_internal_overlap=34.70%, v2_speedup_vs_torch=1.04, v2_speedup_vs_old=nan, chunk_rows=512, num_chunks=4, active_chunk_window=4, stage_slots=4, comm_lanes=2, n_bands=2, frontier_chunks=1
W0828 20:05:44.960000 2831 site-packages/torch/distributed/run.py:766] 
W0828 20:05:44.960000 2831 site-packages/torch/distributed/run.py:766] *****************************************
W0828 20:05:44.960000 2831 site-packages/torch/distributed/run.py:766] Setting OMP_NUM_THREADS environment variable for each process to be 1 in default, to avoid your system being overloaded, please further tune the variable for optimal performance in your application as needed. 
W0828 20:05:44.960000 2831 site-packages/torch/distributed/run.py:766] *****************************************
<frozen importlib._bootstrap_external>:1301: FutureWarning: The cuda.cuda module is deprecated and will be removed in a future release, please switch to use the cuda.bindings.driver module instead.
<frozen importlib._bootstrap_external>:1301: FutureWarning: The cuda.cudart module is deprecated and will be removed in a future release, please switch to use the cuda.bindings.runtime module instead.
<frozen importlib._bootstrap_external>:1301: FutureWarning: The cuda.cuda module is deprecated and will be removed in a future release, please switch to use the cuda.bindings.driver module instead.
<frozen importlib._bootstrap_external>:1301: FutureWarning: The cuda.cudart module is deprecated and will be removed in a future release, please switch to use the cuda.bindings.runtime module instead.
<frozen importlib._bootstrap_external>:1301: FutureWarning: The cuda.cuda module is deprecated and will be removed in a future release, please switch to use the cuda.bindings.driver module instead.
<frozen importlib._bootstrap_external>:1301: FutureWarning: The cuda.cudart module is deprecated and will be removed in a future release, please switch to use the cuda.bindings.runtime module instead.
<frozen importlib._bootstrap_external>:1301: FutureWarning: The cuda.cuda module is deprecated and will be removed in a future release, please switch to use the cuda.bindings.driver module instead.
<frozen importlib._bootstrap_external>:1301: FutureWarning: The cuda.cudart module is deprecated and will be removed in a future release, please switch to use the cuda.bindings.runtime module instead.
/root/Triton-distributed/python/triton_dist/kernels/nvidia/comm_perf_model.py:78: UserWarning: can not get max bandwidth of interface bonding_masters, return 0...
  warnings.warn(f"can not get max bandwidth of interface {interface}, return 0...")
/root/Triton-distributed/python/triton_dist/kernels/nvidia/comm_perf_model.py:78: UserWarning: can not get max bandwidth of interface bonding_masters, return 0...
  warnings.warn(f"can not get max bandwidth of interface {interface}, return 0...")
/root/Triton-distributed/python/triton_dist/kernels/nvidia/comm_perf_model.py:78: UserWarning: can not get max bandwidth of interface bonding_masters, return 0...
  warnings.warn(f"can not get max bandwidth of interface {interface}, return 0...")
/root/Triton-distributed/python/triton_dist/kernels/nvidia/comm_perf_model.py:78: UserWarning: can not get max bandwidth of interface bonding_masters, return 0...
  warnings.warn(f"can not get max bandwidth of interface {interface}, return 0...")
[search][coarse] candidate 90/128: max_total=5.3700 ms, mean_total=5.3375 ms, speedup_mean=1.0425, speedup_min=1.0400, overlap_mean=34.81%, lead_ratio=2.000 | chunk=512, window=4, stage=4, steady_sms=6, tail_sms=12, lanes=2, bands=2, frontier=1
[custom] test shape: M 8192, N 29568, K 8192
✅ all close!
✅ all close!
✅ all close!
✅ all close!
Rank 0 [custom] latency (ms): torch_total=5.57, torch_gemm_only=3.75, torch_rs_only=2.10, v2_total=5.37, v2_gemm_only=4.90, v2_rs_only=3.05, v2_internal_overlap=32.39%, v2_speedup_vs_torch=1.04, v2_speedup_vs_old=nan, chunk_rows=512, num_chunks=4, active_chunk_window=4, stage_slots=4, comm_lanes=1, n_bands=2, frontier_chunks=1
Rank 1 [custom] latency (ms): torch_total=5.57, torch_gemm_only=3.74, torch_rs_only=2.13, v2_total=5.34, v2_gemm_only=4.91, v2_rs_only=3.01, v2_internal_overlap=32.53%, v2_speedup_vs_torch=1.04, v2_speedup_vs_old=nan, chunk_rows=512, num_chunks=4, active_chunk_window=4, stage_slots=4, comm_lanes=1, n_bands=2, frontier_chunks=1
Rank 2 [custom] latency (ms): torch_total=5.57, torch_gemm_only=3.73, torch_rs_only=2.12, v2_total=5.34, v2_gemm_only=4.90, v2_rs_only=2.99, v2_internal_overlap=32.34%, v2_speedup_vs_torch=1.04, v2_speedup_vs_old=nan, chunk_rows=512, num_chunks=4, active_chunk_window=4, stage_slots=4, comm_lanes=1, n_bands=2, frontier_chunks=1
Rank 3 [custom] latency (ms): torch_total=5.59, torch_gemm_only=3.77, torch_rs_only=2.10, v2_total=5.32, v2_gemm_only=4.99, v2_rs_only=3.03, v2_internal_overlap=33.67%, v2_speedup_vs_torch=1.05, v2_speedup_vs_old=nan, chunk_rows=512, num_chunks=4, active_chunk_window=4, stage_slots=4, comm_lanes=1, n_bands=2, frontier_chunks=1
W0828 20:05:56.594000 3482 site-packages/torch/distributed/run.py:766] 
W0828 20:05:56.594000 3482 site-packages/torch/distributed/run.py:766] *****************************************
W0828 20:05:56.594000 3482 site-packages/torch/distributed/run.py:766] Setting OMP_NUM_THREADS environment variable for each process to be 1 in default, to avoid your system being overloaded, please further tune the variable for optimal performance in your application as needed. 
W0828 20:05:56.594000 3482 site-packages/torch/distributed/run.py:766] *****************************************
<frozen importlib._bootstrap_external>:1301: FutureWarning: The cuda.cuda module is deprecated and will be removed in a future release, please switch to use the cuda.bindings.driver module instead.
<frozen importlib._bootstrap_external>:1301: FutureWarning: The cuda.cudart module is deprecated and will be removed in a future release, please switch to use the cuda.bindings.runtime module instead.
<frozen importlib._bootstrap_external>:1301: FutureWarning: The cuda.cuda module is deprecated and will be removed in a future release, please switch to use the cuda.bindings.driver module instead.
<frozen importlib._bootstrap_external>:1301: FutureWarning: The cuda.cudart module is deprecated and will be removed in a future release, please switch to use the cuda.bindings.runtime module instead.
<frozen importlib._bootstrap_external>:1301: FutureWarning: The cuda.cuda module is deprecated and will be removed in a future release, please switch to use the cuda.bindings.driver module instead.
<frozen importlib._bootstrap_external>:1301: FutureWarning: The cuda.cudart module is deprecated and will be removed in a future release, please switch to use the cuda.bindings.runtime module instead.
<frozen importlib._bootstrap_external>:1301: FutureWarning: The cuda.cuda module is deprecated and will be removed in a future release, please switch to use the cuda.bindings.driver module instead.
<frozen importlib._bootstrap_external>:1301: FutureWarning: The cuda.cudart module is deprecated and will be removed in a future release, please switch to use the cuda.bindings.runtime module instead.
/root/Triton-distributed/python/triton_dist/kernels/nvidia/comm_perf_model.py:78: UserWarning: can not get max bandwidth of interface bonding_masters, return 0...
  warnings.warn(f"can not get max bandwidth of interface {interface}, return 0...")
/root/Triton-distributed/python/triton_dist/kernels/nvidia/comm_perf_model.py:78: UserWarning: can not get max bandwidth of interface bonding_masters, return 0...
  warnings.warn(f"can not get max bandwidth of interface {interface}, return 0...")
/root/Triton-distributed/python/triton_dist/kernels/nvidia/comm_perf_model.py:78: UserWarning: can not get max bandwidth of interface bonding_masters, return 0...
  warnings.warn(f"can not get max bandwidth of interface {interface}, return 0...")
/root/Triton-distributed/python/triton_dist/kernels/nvidia/comm_perf_model.py:78: UserWarning: can not get max bandwidth of interface bonding_masters, return 0...
  warnings.warn(f"can not get max bandwidth of interface {interface}, return 0...")
[search][coarse] candidate 91/128: max_total=5.3700 ms, mean_total=5.3425 ms, speedup_mean=1.0425, speedup_min=1.0400, overlap_mean=32.73%, lead_ratio=2.000 | chunk=512, window=4, stage=4, steady_sms=6, tail_sms=16, lanes=1, bands=2, frontier=1
[custom] test shape: M 8192, N 29568, K 8192
✅ all close!
✅ all close!
✅ all close!
W0828 20:06:07.739000 4150 site-packages/torch/distributed/run.py:766] 
W0828 20:06:07.739000 4150 site-packages/torch/distributed/run.py:766] *****************************************
W0828 20:06:07.739000 4150 site-packages/torch/distributed/run.py:766] Setting OMP_NUM_THREADS environment variable for each process to be 1 in default, to avoid your system being overloaded, please further tune the variable for optimal performance in your application as needed. 
W0828 20:06:07.739000 4150 site-packages/torch/distributed/run.py:766] *****************************************
<frozen importlib._bootstrap_external>:1301: FutureWarning: The cuda.cuda module is deprecated and will be removed in a future release, please switch to use the cuda.bindings.driver module instead.
<frozen importlib._bootstrap_external>:1301: FutureWarning: The cuda.cudart module is deprecated and will be removed in a future release, please switch to use the cuda.bindings.runtime module instead.
<frozen importlib._bootstrap_external>:1301: FutureWarning: The cuda.cuda module is deprecated and will be removed in a future release, please switch to use the cuda.bindings.driver module instead.
<frozen importlib._bootstrap_external>:1301: FutureWarning: The cuda.cudart module is deprecated and will be removed in a future release, please switch to use the cuda.bindings.runtime module instead.
<frozen importlib._bootstrap_external>:1301: FutureWarning: The cuda.cuda module is deprecated and will be removed in a future release, please switch to use the cuda.bindings.driver module instead.
<frozen importlib._bootstrap_external>:1301: FutureWarning: The cuda.cudart module is deprecated and will be removed in a future release, please switch to use the cuda.bindings.runtime module instead.
<frozen importlib._bootstrap_external>:1301: FutureWarning: The cuda.cuda module is deprecated and will be removed in a future release, please switch to use the cuda.bindings.driver module instead.
<frozen importlib._bootstrap_external>:1301: FutureWarning: The cuda.cudart module is deprecated and will be removed in a future release, please switch to use the cuda.bindings.runtime module instead.
/root/Triton-distributed/python/triton_dist/kernels/nvidia/comm_perf_model.py:78: UserWarning: can not get max bandwidth of interface bonding_masters, return 0...
  warnings.warn(f"can not get max bandwidth of interface {interface}, return 0...")
/root/Triton-distributed/python/triton_dist/kernels/nvidia/comm_perf_model.py:78: UserWarning: can not get max bandwidth of interface bonding_masters, return 0...
  warnings.warn(f"can not get max bandwidth of interface {interface}, return 0...")
/root/Triton-distributed/python/triton_dist/kernels/nvidia/comm_perf_model.py:78: UserWarning: can not get max bandwidth of interface bonding_masters, return 0...
  warnings.warn(f"can not get max bandwidth of interface {interface}, return 0...")
/root/Triton-distributed/python/triton_dist/kernels/nvidia/comm_perf_model.py:78: UserWarning: can not get max bandwidth of interface bonding_masters, return 0...
  warnings.warn(f"can not get max bandwidth of interface {interface}, return 0...")
W0828 20:07:36.232000 4150 site-packages/torch/distributed/elastic/agent/server/api.py:719] Received 15 death signal, shutting down workers
W0828 20:07:36.236000 4150 site-packages/torch/distributed/elastic/multiprocessing/api.py:900] Sending process 4215 closing signal SIGTERM
W0828 20:07:36.237000 4150 site-packages/torch/distributed/elastic/multiprocessing/api.py:900] Sending process 4216 closing signal SIGTERM
W0828 20:07:36.238000 4150 site-packages/torch/distributed/elastic/multiprocessing/api.py:900] Sending process 4217 closing signal SIGTERM
W0828 20:07:36.238000 4150 site-packages/torch/distributed/elastic/multiprocessing/api.py:900] Sending process 4218 closing signal SIGTERM
Traceback (most recent call last):
  File "/root/miniconda3/bin/torchrun", line 7, in <module>
    sys.exit(main())
             ^^^^^^
  File "/root/miniconda3/lib/python3.12/site-packages/torch/distributed/elastic/multiprocessing/errors/__init__.py", line 355, in wrapper
    return f(*args, **kwargs)
           ^^^^^^^^^^^^^^^^^^
  File "/root/miniconda3/lib/python3.12/site-packages/torch/distributed/run.py", line 892, in main
    run(args)
  File "/root/miniconda3/lib/python3.12/site-packages/torch/distributed/run.py", line 883, in run
    elastic_launch(
  File "/root/miniconda3/lib/python3.12/site-packages/torch/distributed/launcher/api.py", line 139, in __call__
    return launch_agent(self._config, self._entrypoint, list(args))
           ^^^^^^^^^^^^^^^^^^^^^^^^^^^^^^^^^^^^^^^^^^^^^^^^^^^^^^^^
  File "/root/miniconda3/lib/python3.12/site-packages/torch/distributed/launcher/api.py", line 261, in launch_agent
    result = agent.run()
             ^^^^^^^^^^^
  File "/root/miniconda3/lib/python3.12/site-packages/torch/distributed/elastic/metrics/api.py", line 138, in wrapper
    result = f(*args, **kwargs)
             ^^^^^^^^^^^^^^^^^^
  File "/root/miniconda3/lib/python3.12/site-packages/torch/distributed/elastic/agent/server/api.py", line 711, in run
    result = self._invoke_run(role)
             ^^^^^^^^^^^^^^^^^^^^^^
  File "/root/miniconda3/lib/python3.12/site-packages/torch/distributed/elastic/agent/server/api.py", line 870, in _invoke_run
    time.sleep(monitor_interval)
  File "/root/miniconda3/lib/python3.12/site-packages/torch/distributed/elastic/multiprocessing/api.py", line 84, in _terminate_process_handler
    raise SignalException(f"Process {os.getpid()} got signal: {sigval}", sigval=sigval)
torch.distributed.elastic.multiprocessing.api.SignalException: Process 4150 got signal: 15
[search] candidate timed out after 90.0s
[search][coarse] candidate 92/128 failed(rc=124): chunk=512, window=4, stage=4, steady_sms=6, tail_sms=16, lanes=2, bands=2, frontier=1
[custom] test shape: M 8192, N 29568, K 8192
✅ all close!
✅ all close!
✅ all close!
✅ all close!
Rank 0 [custom] latency (ms): torch_total=5.57, torch_gemm_only=3.74, torch_rs_only=2.04, v2_total=5.39, v2_gemm_only=5.00, v2_rs_only=3.36, v2_internal_overlap=35.61%, v2_speedup_vs_torch=1.03, v2_speedup_vs_old=nan, chunk_rows=512, num_chunks=4, active_chunk_window=4, stage_slots=4, comm_lanes=1, n_bands=2, frontier_chunks=1
Rank 1 [custom] latency (ms): torch_total=5.55, torch_gemm_only=3.74, torch_rs_only=2.04, v2_total=5.34, v2_gemm_only=4.90, v2_rs_only=3.26, v2_internal_overlap=34.64%, v2_speedup_vs_torch=1.04, v2_speedup_vs_old=nan, chunk_rows=512, num_chunks=4, active_chunk_window=4, stage_slots=4, comm_lanes=1, n_bands=2, frontier_chunks=1
Rank 2 [custom] latency (ms): torch_total=5.57, torch_gemm_only=3.76, torch_rs_only=2.06, v2_total=5.34, v2_gemm_only=4.92, v2_rs_only=3.23, v2_internal_overlap=34.46%, v2_speedup_vs_torch=1.04, v2_speedup_vs_old=nan, chunk_rows=512, num_chunks=4, active_chunk_window=4, stage_slots=4, comm_lanes=1, n_bands=2, frontier_chunks=1
Rank 3 [custom] latency (ms): torch_total=5.57, torch_gemm_only=3.77, torch_rs_only=2.05, v2_total=5.33, v2_gemm_only=4.96, v2_rs_only=3.28, v2_internal_overlap=35.27%, v2_speedup_vs_torch=1.04, v2_speedup_vs_old=nan, chunk_rows=512, num_chunks=4, active_chunk_window=4, stage_slots=4, comm_lanes=1, n_bands=2, frontier_chunks=1
W0828 20:07:38.801000 4524 site-packages/torch/distributed/run.py:766] 
W0828 20:07:38.801000 4524 site-packages/torch/distributed/run.py:766] *****************************************
W0828 20:07:38.801000 4524 site-packages/torch/distributed/run.py:766] Setting OMP_NUM_THREADS environment variable for each process to be 1 in default, to avoid your system being overloaded, please further tune the variable for optimal performance in your application as needed. 
W0828 20:07:38.801000 4524 site-packages/torch/distributed/run.py:766] *****************************************
<frozen importlib._bootstrap_external>:1301: FutureWarning: The cuda.cuda module is deprecated and will be removed in a future release, please switch to use the cuda.bindings.driver module instead.
<frozen importlib._bootstrap_external>:1301: FutureWarning: The cuda.cudart module is deprecated and will be removed in a future release, please switch to use the cuda.bindings.runtime module instead.
<frozen importlib._bootstrap_external>:1301: FutureWarning: The cuda.cuda module is deprecated and will be removed in a future release, please switch to use the cuda.bindings.driver module instead.
<frozen importlib._bootstrap_external>:1301: FutureWarning: The cuda.cudart module is deprecated and will be removed in a future release, please switch to use the cuda.bindings.runtime module instead.
<frozen importlib._bootstrap_external>:1301: FutureWarning: The cuda.cuda module is deprecated and will be removed in a future release, please switch to use the cuda.bindings.driver module instead.
<frozen importlib._bootstrap_external>:1301: FutureWarning: The cuda.cudart module is deprecated and will be removed in a future release, please switch to use the cuda.bindings.runtime module instead.
<frozen importlib._bootstrap_external>:1301: FutureWarning: The cuda.cuda module is deprecated and will be removed in a future release, please switch to use the cuda.bindings.driver module instead.
<frozen importlib._bootstrap_external>:1301: FutureWarning: The cuda.cudart module is deprecated and will be removed in a future release, please switch to use the cuda.bindings.runtime module instead.
/root/Triton-distributed/python/triton_dist/kernels/nvidia/comm_perf_model.py:78: UserWarning: can not get max bandwidth of interface bonding_masters, return 0...
  warnings.warn(f"can not get max bandwidth of interface {interface}, return 0...")
/root/Triton-distributed/python/triton_dist/kernels/nvidia/comm_perf_model.py:78: UserWarning: can not get max bandwidth of interface bonding_masters, return 0...
  warnings.warn(f"can not get max bandwidth of interface {interface}, return 0...")
/root/Triton-distributed/python/triton_dist/kernels/nvidia/comm_perf_model.py:78: UserWarning: can not get max bandwidth of interface bonding_masters, return 0...
  warnings.warn(f"can not get max bandwidth of interface {interface}, return 0...")
/root/Triton-distributed/python/triton_dist/kernels/nvidia/comm_perf_model.py:78: UserWarning: can not get max bandwidth of interface bonding_masters, return 0...
  warnings.warn(f"can not get max bandwidth of interface {interface}, return 0...")
[search][coarse] candidate 93/128: max_total=5.3900 ms, mean_total=5.3500 ms, speedup_mean=1.0375, speedup_min=1.0300, overlap_mean=34.99%, lead_ratio=2.000 | chunk=512, window=4, stage=4, steady_sms=6, tail_sms=20, lanes=1, bands=2, frontier=1
[custom] test shape: M 8192, N 29568, K 8192
✅ all close!
✅ all close!
✅ all close!
✅ all close!
Rank 0 [custom] latency (ms): torch_total=5.55, torch_gemm_only=3.74, torch_rs_only=2.02, v2_total=5.32, v2_gemm_only=4.91, v2_rs_only=3.14, v2_internal_overlap=33.95%, v2_speedup_vs_torch=1.04, v2_speedup_vs_old=nan, chunk_rows=512, num_chunks=4, active_chunk_window=4, stage_slots=4, comm_lanes=2, n_bands=2, frontier_chunks=1
Rank 1 [custom] latency (ms): torch_total=5.55, torch_gemm_only=3.74, torch_rs_only=2.01, v2_total=5.36, v2_gemm_only=4.95, v2_rs_only=3.16, v2_internal_overlap=33.98%, v2_speedup_vs_torch=1.04, v2_speedup_vs_old=nan, chunk_rows=512, num_chunks=4, active_chunk_window=4, stage_slots=4, comm_lanes=2, n_bands=2, frontier_chunks=1
Rank 2 [custom] latency (ms): torch_total=5.55, torch_gemm_only=3.74, torch_rs_only=2.02, v2_total=5.33, v2_gemm_only=4.96, v2_rs_only=3.17, v2_internal_overlap=34.49%, v2_speedup_vs_torch=1.04, v2_speedup_vs_old=nan, chunk_rows=512, num_chunks=4, active_chunk_window=4, stage_slots=4, comm_lanes=2, n_bands=2, frontier_chunks=1
Rank 3 [custom] latency (ms): torch_total=5.56, torch_gemm_only=3.77, torch_rs_only=2.04, v2_total=5.33, v2_gemm_only=5.00, v2_rs_only=3.16, v2_internal_overlap=34.74%, v2_speedup_vs_torch=1.04, v2_speedup_vs_old=nan, chunk_rows=512, num_chunks=4, active_chunk_window=4, stage_slots=4, comm_lanes=2, n_bands=2, frontier_chunks=1
W0828 20:07:49.739000 5176 site-packages/torch/distributed/run.py:766] 
W0828 20:07:49.739000 5176 site-packages/torch/distributed/run.py:766] *****************************************
W0828 20:07:49.739000 5176 site-packages/torch/distributed/run.py:766] Setting OMP_NUM_THREADS environment variable for each process to be 1 in default, to avoid your system being overloaded, please further tune the variable for optimal performance in your application as needed. 
W0828 20:07:49.739000 5176 site-packages/torch/distributed/run.py:766] *****************************************
<frozen importlib._bootstrap_external>:1301: FutureWarning: The cuda.cuda module is deprecated and will be removed in a future release, please switch to use the cuda.bindings.driver module instead.
<frozen importlib._bootstrap_external>:1301: FutureWarning: The cuda.cudart module is deprecated and will be removed in a future release, please switch to use the cuda.bindings.runtime module instead.
<frozen importlib._bootstrap_external>:1301: FutureWarning: The cuda.cuda module is deprecated and will be removed in a future release, please switch to use the cuda.bindings.driver module instead.
<frozen importlib._bootstrap_external>:1301: FutureWarning: The cuda.cudart module is deprecated and will be removed in a future release, please switch to use the cuda.bindings.runtime module instead.
<frozen importlib._bootstrap_external>:1301: FutureWarning: The cuda.cuda module is deprecated and will be removed in a future release, please switch to use the cuda.bindings.driver module instead.
<frozen importlib._bootstrap_external>:1301: FutureWarning: The cuda.cudart module is deprecated and will be removed in a future release, please switch to use the cuda.bindings.runtime module instead.
<frozen importlib._bootstrap_external>:1301: FutureWarning: The cuda.cuda module is deprecated and will be removed in a future release, please switch to use the cuda.bindings.driver module instead.
<frozen importlib._bootstrap_external>:1301: FutureWarning: The cuda.cudart module is deprecated and will be removed in a future release, please switch to use the cuda.bindings.runtime module instead.
/root/Triton-distributed/python/triton_dist/kernels/nvidia/comm_perf_model.py:78: UserWarning: can not get max bandwidth of interface bonding_masters, return 0...
  warnings.warn(f"can not get max bandwidth of interface {interface}, return 0...")
/root/Triton-distributed/python/triton_dist/kernels/nvidia/comm_perf_model.py:78: UserWarning: can not get max bandwidth of interface bonding_masters, return 0...
  warnings.warn(f"can not get max bandwidth of interface {interface}, return 0...")
/root/Triton-distributed/python/triton_dist/kernels/nvidia/comm_perf_model.py:78: UserWarning: can not get max bandwidth of interface bonding_masters, return 0...
  warnings.warn(f"can not get max bandwidth of interface {interface}, return 0...")
/root/Triton-distributed/python/triton_dist/kernels/nvidia/comm_perf_model.py:78: UserWarning: can not get max bandwidth of interface bonding_masters, return 0...
  warnings.warn(f"can not get max bandwidth of interface {interface}, return 0...")
[search][coarse] candidate 94/128: max_total=5.3600 ms, mean_total=5.3350 ms, speedup_mean=1.0400, speedup_min=1.0400, overlap_mean=34.29%, lead_ratio=2.000 | chunk=512, window=4, stage=4, steady_sms=6, tail_sms=20, lanes=2, bands=2, frontier=1
[custom] test shape: M 8192, N 29568, K 8192
✅ all close!
✅ all close!
✅ all close!
✅ all close!
Rank 0 [custom] latency (ms): torch_total=5.54, torch_gemm_only=3.74, torch_rs_only=2.02, v2_total=5.38, v2_gemm_only=4.95, v2_rs_only=3.16, v2_internal_overlap=33.64%, v2_speedup_vs_torch=1.03, v2_speedup_vs_old=nan, chunk_rows=512, num_chunks=4, active_chunk_window=4, stage_slots=4, comm_lanes=1, n_bands=2, frontier_chunks=1
Rank 1 [custom] latency (ms): torch_total=5.55, torch_gemm_only=3.74, torch_rs_only=2.06, v2_total=5.34, v2_gemm_only=4.90, v2_rs_only=3.19, v2_internal_overlap=34.04%, v2_speedup_vs_torch=1.04, v2_speedup_vs_old=nan, chunk_rows=512, num_chunks=4, active_chunk_window=4, stage_slots=4, comm_lanes=1, n_bands=2, frontier_chunks=1
Rank 2 [custom] latency (ms): torch_total=5.54, torch_gemm_only=3.73, torch_rs_only=2.05, v2_total=5.37, v2_gemm_only=4.92, v2_rs_only=3.16, v2_internal_overlap=33.59%, v2_speedup_vs_torch=1.03, v2_speedup_vs_old=nan, chunk_rows=512, num_chunks=4, active_chunk_window=4, stage_slots=4, comm_lanes=1, n_bands=2, frontier_chunks=1
Rank 3 [custom] latency (ms): torch_total=5.56, torch_gemm_only=3.77, torch_rs_only=2.05, v2_total=5.32, v2_gemm_only=4.90, v2_rs_only=3.10, v2_internal_overlap=33.50%, v2_speedup_vs_torch=1.05, v2_speedup_vs_old=nan, chunk_rows=512, num_chunks=4, active_chunk_window=4, stage_slots=4, comm_lanes=1, n_bands=2, frontier_chunks=1
W0828 20:08:00.591000 5882 site-packages/torch/distributed/run.py:766] 
W0828 20:08:00.591000 5882 site-packages/torch/distributed/run.py:766] *****************************************
W0828 20:08:00.591000 5882 site-packages/torch/distributed/run.py:766] Setting OMP_NUM_THREADS environment variable for each process to be 1 in default, to avoid your system being overloaded, please further tune the variable for optimal performance in your application as needed. 
W0828 20:08:00.591000 5882 site-packages/torch/distributed/run.py:766] *****************************************
<frozen importlib._bootstrap_external>:1301: FutureWarning: The cuda.cuda module is deprecated and will be removed in a future release, please switch to use the cuda.bindings.driver module instead.
<frozen importlib._bootstrap_external>:1301: FutureWarning: The cuda.cudart module is deprecated and will be removed in a future release, please switch to use the cuda.bindings.runtime module instead.
<frozen importlib._bootstrap_external>:1301: FutureWarning: The cuda.cuda module is deprecated and will be removed in a future release, please switch to use the cuda.bindings.driver module instead.
<frozen importlib._bootstrap_external>:1301: FutureWarning: The cuda.cudart module is deprecated and will be removed in a future release, please switch to use the cuda.bindings.runtime module instead.
<frozen importlib._bootstrap_external>:1301: FutureWarning: The cuda.cuda module is deprecated and will be removed in a future release, please switch to use the cuda.bindings.driver module instead.
<frozen importlib._bootstrap_external>:1301: FutureWarning: The cuda.cudart module is deprecated and will be removed in a future release, please switch to use the cuda.bindings.runtime module instead.
<frozen importlib._bootstrap_external>:1301: FutureWarning: The cuda.cuda module is deprecated and will be removed in a future release, please switch to use the cuda.bindings.driver module instead.
<frozen importlib._bootstrap_external>:1301: FutureWarning: The cuda.cudart module is deprecated and will be removed in a future release, please switch to use the cuda.bindings.runtime module instead.
/root/Triton-distributed/python/triton_dist/kernels/nvidia/comm_perf_model.py:78: UserWarning: can not get max bandwidth of interface bonding_masters, return 0...
  warnings.warn(f"can not get max bandwidth of interface {interface}, return 0...")
/root/Triton-distributed/python/triton_dist/kernels/nvidia/comm_perf_model.py:78: UserWarning: can not get max bandwidth of interface bonding_masters, return 0...
  warnings.warn(f"can not get max bandwidth of interface {interface}, return 0...")
/root/Triton-distributed/python/triton_dist/kernels/nvidia/comm_perf_model.py:78: UserWarning: can not get max bandwidth of interface bonding_masters, return 0...
  warnings.warn(f"can not get max bandwidth of interface {interface}, return 0...")
/root/Triton-distributed/python/triton_dist/kernels/nvidia/comm_perf_model.py:78: UserWarning: can not get max bandwidth of interface bonding_masters, return 0...
  warnings.warn(f"can not get max bandwidth of interface {interface}, return 0...")
[search][coarse] candidate 95/128: max_total=5.3800 ms, mean_total=5.3525 ms, speedup_mean=1.0375, speedup_min=1.0300, overlap_mean=33.69%, lead_ratio=2.000 | chunk=512, window=4, stage=4, steady_sms=6, tail_sms=24, lanes=1, bands=2, frontier=1
[custom] test shape: M 8192, N 29568, K 8192
✅ all close!
✅ all close!
✅ all close!
✅ all close!
Rank 0 [custom] latency (ms): torch_total=5.55, torch_gemm_only=3.75, torch_rs_only=2.02, v2_total=5.32, v2_gemm_only=4.89, v2_rs_only=2.98, v2_internal_overlap=32.35%, v2_speedup_vs_torch=1.04, v2_speedup_vs_old=nan, chunk_rows=512, num_chunks=4, active_chunk_window=4, stage_slots=4, comm_lanes=2, n_bands=2, frontier_chunks=1
Rank 1 [custom] latency (ms): torch_total=5.54, torch_gemm_only=3.74, torch_rs_only=2.01, v2_total=5.34, v2_gemm_only=4.90, v2_rs_only=2.98, v2_internal_overlap=32.25%, v2_speedup_vs_torch=1.04, v2_speedup_vs_old=nan, chunk_rows=512, num_chunks=4, active_chunk_window=4, stage_slots=4, comm_lanes=2, n_bands=2, frontier_chunks=1
Rank 2 [custom] latency (ms): torch_total=5.54, torch_gemm_only=3.73, torch_rs_only=2.02, v2_total=5.35, v2_gemm_only=4.92, v2_rs_only=2.98, v2_internal_overlap=32.26%, v2_speedup_vs_torch=1.04, v2_speedup_vs_old=nan, chunk_rows=512, num_chunks=4, active_chunk_window=4, stage_slots=4, comm_lanes=2, n_bands=2, frontier_chunks=1
Rank 3 [custom] latency (ms): torch_total=5.56, torch_gemm_only=3.77, torch_rs_only=2.02, v2_total=5.33, v2_gemm_only=5.00, v2_rs_only=2.98, v2_internal_overlap=33.28%, v2_speedup_vs_torch=1.04, v2_speedup_vs_old=nan, chunk_rows=512, num_chunks=4, active_chunk_window=4, stage_slots=4, comm_lanes=2, n_bands=2, frontier_chunks=1
W0828 20:08:11.506000 6534 site-packages/torch/distributed/run.py:766] 
W0828 20:08:11.506000 6534 site-packages/torch/distributed/run.py:766] *****************************************
W0828 20:08:11.506000 6534 site-packages/torch/distributed/run.py:766] Setting OMP_NUM_THREADS environment variable for each process to be 1 in default, to avoid your system being overloaded, please further tune the variable for optimal performance in your application as needed. 
W0828 20:08:11.506000 6534 site-packages/torch/distributed/run.py:766] *****************************************
<frozen importlib._bootstrap_external>:1301: FutureWarning: The cuda.cuda module is deprecated and will be removed in a future release, please switch to use the cuda.bindings.driver module instead.
<frozen importlib._bootstrap_external>:1301: FutureWarning: The cuda.cudart module is deprecated and will be removed in a future release, please switch to use the cuda.bindings.runtime module instead.
<frozen importlib._bootstrap_external>:1301: FutureWarning: The cuda.cuda module is deprecated and will be removed in a future release, please switch to use the cuda.bindings.driver module instead.
<frozen importlib._bootstrap_external>:1301: FutureWarning: The cuda.cudart module is deprecated and will be removed in a future release, please switch to use the cuda.bindings.runtime module instead.
<frozen importlib._bootstrap_external>:1301: FutureWarning: The cuda.cuda module is deprecated and will be removed in a future release, please switch to use the cuda.bindings.driver module instead.
<frozen importlib._bootstrap_external>:1301: FutureWarning: The cuda.cudart module is deprecated and will be removed in a future release, please switch to use the cuda.bindings.runtime module instead.
<frozen importlib._bootstrap_external>:1301: FutureWarning: The cuda.cuda module is deprecated and will be removed in a future release, please switch to use the cuda.bindings.driver module instead.
<frozen importlib._bootstrap_external>:1301: FutureWarning: The cuda.cudart module is deprecated and will be removed in a future release, please switch to use the cuda.bindings.runtime module instead.
/root/Triton-distributed/python/triton_dist/kernels/nvidia/comm_perf_model.py:78: UserWarning: can not get max bandwidth of interface bonding_masters, return 0...
  warnings.warn(f"can not get max bandwidth of interface {interface}, return 0...")
/root/Triton-distributed/python/triton_dist/kernels/nvidia/comm_perf_model.py:78: UserWarning: can not get max bandwidth of interface bonding_masters, return 0...
  warnings.warn(f"can not get max bandwidth of interface {interface}, return 0...")
/root/Triton-distributed/python/triton_dist/kernels/nvidia/comm_perf_model.py:78: UserWarning: can not get max bandwidth of interface bonding_masters, return 0...
  warnings.warn(f"can not get max bandwidth of interface {interface}, return 0...")
/root/Triton-distributed/python/triton_dist/kernels/nvidia/comm_perf_model.py:78: UserWarning: can not get max bandwidth of interface bonding_masters, return 0...
  warnings.warn(f"can not get max bandwidth of interface {interface}, return 0...")
[search][coarse] candidate 96/128: max_total=5.3500 ms, mean_total=5.3350 ms, speedup_mean=1.0400, speedup_min=1.0400, overlap_mean=32.54%, lead_ratio=2.000 | chunk=512, window=4, stage=4, steady_sms=6, tail_sms=24, lanes=2, bands=2, frontier=1
[custom] test shape: M 8192, N 29568, K 8192
✅ all close!
✅ all close!
✅ all close!
✅ all close!
Rank 0 [custom] latency (ms): torch_total=5.59, torch_gemm_only=3.74, torch_rs_only=2.03, v2_total=5.89, v2_gemm_only=4.94, v2_rs_only=3.20, v2_internal_overlap=27.67%, v2_speedup_vs_torch=0.95, v2_speedup_vs_old=nan, chunk_rows=512, num_chunks=4, active_chunk_window=4, stage_slots=2, comm_lanes=1, n_bands=2, frontier_chunks=2
Rank 1 [custom] latency (ms): torch_total=5.56, torch_gemm_only=3.74, torch_rs_only=2.06, v2_total=5.98, v2_gemm_only=4.90, v2_rs_only=3.26, v2_internal_overlap=26.81%, v2_speedup_vs_torch=0.93, v2_speedup_vs_old=nan, chunk_rows=512, num_chunks=4, active_chunk_window=4, stage_slots=2, comm_lanes=1, n_bands=2, frontier_chunks=2
Rank 2 [custom] latency (ms): torch_total=5.57, torch_gemm_only=3.74, torch_rs_only=2.06, v2_total=5.78, v2_gemm_only=4.91, v2_rs_only=3.18, v2_internal_overlap=28.55%, v2_speedup_vs_torch=0.96, v2_speedup_vs_old=nan, chunk_rows=512, num_chunks=4, active_chunk_window=4, stage_slots=2, comm_lanes=1, n_bands=2, frontier_chunks=2
Rank 3 [custom] latency (ms): torch_total=5.59, torch_gemm_only=3.79, torch_rs_only=2.05, v2_total=5.79, v2_gemm_only=5.00, v2_rs_only=3.21, v2_internal_overlap=29.45%, v2_speedup_vs_torch=0.97, v2_speedup_vs_old=nan, chunk_rows=512, num_chunks=4, active_chunk_window=4, stage_slots=2, comm_lanes=1, n_bands=2, frontier_chunks=2
W0828 20:08:22.531000 7229 site-packages/torch/distributed/run.py:766] 
W0828 20:08:22.531000 7229 site-packages/torch/distributed/run.py:766] *****************************************
W0828 20:08:22.531000 7229 site-packages/torch/distributed/run.py:766] Setting OMP_NUM_THREADS environment variable for each process to be 1 in default, to avoid your system being overloaded, please further tune the variable for optimal performance in your application as needed. 
W0828 20:08:22.531000 7229 site-packages/torch/distributed/run.py:766] *****************************************
<frozen importlib._bootstrap_external>:1301: FutureWarning: The cuda.cuda module is deprecated and will be removed in a future release, please switch to use the cuda.bindings.driver module instead.
<frozen importlib._bootstrap_external>:1301: FutureWarning: The cuda.cudart module is deprecated and will be removed in a future release, please switch to use the cuda.bindings.runtime module instead.
<frozen importlib._bootstrap_external>:1301: FutureWarning: The cuda.cuda module is deprecated and will be removed in a future release, please switch to use the cuda.bindings.driver module instead.
<frozen importlib._bootstrap_external>:1301: FutureWarning: The cuda.cudart module is deprecated and will be removed in a future release, please switch to use the cuda.bindings.runtime module instead.
<frozen importlib._bootstrap_external>:1301: FutureWarning: The cuda.cuda module is deprecated and will be removed in a future release, please switch to use the cuda.bindings.driver module instead.
<frozen importlib._bootstrap_external>:1301: FutureWarning: The cuda.cudart module is deprecated and will be removed in a future release, please switch to use the cuda.bindings.runtime module instead.
<frozen importlib._bootstrap_external>:1301: FutureWarning: The cuda.cuda module is deprecated and will be removed in a future release, please switch to use the cuda.bindings.driver module instead.
<frozen importlib._bootstrap_external>:1301: FutureWarning: The cuda.cudart module is deprecated and will be removed in a future release, please switch to use the cuda.bindings.runtime module instead.
/root/Triton-distributed/python/triton_dist/kernels/nvidia/comm_perf_model.py:78: UserWarning: can not get max bandwidth of interface bonding_masters, return 0...
  warnings.warn(f"can not get max bandwidth of interface {interface}, return 0...")
/root/Triton-distributed/python/triton_dist/kernels/nvidia/comm_perf_model.py:78: UserWarning: can not get max bandwidth of interface bonding_masters, return 0...
  warnings.warn(f"can not get max bandwidth of interface {interface}, return 0...")
/root/Triton-distributed/python/triton_dist/kernels/nvidia/comm_perf_model.py:78: UserWarning: can not get max bandwidth of interface bonding_masters, return 0...
  warnings.warn(f"can not get max bandwidth of interface {interface}, return 0...")
/root/Triton-distributed/python/triton_dist/kernels/nvidia/comm_perf_model.py:78: UserWarning: can not get max bandwidth of interface bonding_masters, return 0...
  warnings.warn(f"can not get max bandwidth of interface {interface}, return 0...")
[search][coarse] candidate 97/128: max_total=5.9800 ms, mean_total=5.8600 ms, speedup_mean=0.9525, speedup_min=0.9300, overlap_mean=28.12%, lead_ratio=4.000 | chunk=512, window=4, stage=2, steady_sms=4, tail_sms=12, lanes=1, bands=2, frontier=2
[custom] test shape: M 8192, N 29568, K 8192
✅ all close!
✅ all close!
✅ all close!
✅ all close!
Rank 0 [custom] latency (ms): torch_total=5.55, torch_gemm_only=3.74, torch_rs_only=2.07, v2_total=5.81, v2_gemm_only=4.89, v2_rs_only=3.23, v2_internal_overlap=28.45%, v2_speedup_vs_torch=0.95, v2_speedup_vs_old=nan, chunk_rows=512, num_chunks=4, active_chunk_window=4, stage_slots=2, comm_lanes=2, n_bands=2, frontier_chunks=2
Rank 1 [custom] latency (ms): torch_total=5.55, torch_gemm_only=3.74, torch_rs_only=2.08, v2_total=5.84, v2_gemm_only=4.90, v2_rs_only=3.23, v2_internal_overlap=28.17%, v2_speedup_vs_torch=0.95, v2_speedup_vs_old=nan, chunk_rows=512, num_chunks=4, active_chunk_window=4, stage_slots=2, comm_lanes=2, n_bands=2, frontier_chunks=2
Rank 2 [custom] latency (ms): torch_total=5.55, torch_gemm_only=3.74, torch_rs_only=2.09, v2_total=5.75, v2_gemm_only=4.91, v2_rs_only=3.26, v2_internal_overlap=29.65%, v2_speedup_vs_torch=0.96, v2_speedup_vs_old=nan, chunk_rows=512, num_chunks=4, active_chunk_window=4, stage_slots=2, comm_lanes=2, n_bands=2, frontier_chunks=2
Rank 3 [custom] latency (ms): torch_total=5.56, torch_gemm_only=3.78, torch_rs_only=2.07, v2_total=5.75, v2_gemm_only=4.95, v2_rs_only=3.23, v2_internal_overlap=29.76%, v2_speedup_vs_torch=0.97, v2_speedup_vs_old=nan, chunk_rows=512, num_chunks=4, active_chunk_window=4, stage_slots=2, comm_lanes=2, n_bands=2, frontier_chunks=2
W0828 20:08:33.645000 7890 site-packages/torch/distributed/run.py:766] 
W0828 20:08:33.645000 7890 site-packages/torch/distributed/run.py:766] *****************************************
W0828 20:08:33.645000 7890 site-packages/torch/distributed/run.py:766] Setting OMP_NUM_THREADS environment variable for each process to be 1 in default, to avoid your system being overloaded, please further tune the variable for optimal performance in your application as needed. 
W0828 20:08:33.645000 7890 site-packages/torch/distributed/run.py:766] *****************************************
<frozen importlib._bootstrap_external>:1301: FutureWarning: The cuda.cuda module is deprecated and will be removed in a future release, please switch to use the cuda.bindings.driver module instead.
<frozen importlib._bootstrap_external>:1301: FutureWarning: The cuda.cudart module is deprecated and will be removed in a future release, please switch to use the cuda.bindings.runtime module instead.
<frozen importlib._bootstrap_external>:1301: FutureWarning: The cuda.cuda module is deprecated and will be removed in a future release, please switch to use the cuda.bindings.driver module instead.
<frozen importlib._bootstrap_external>:1301: FutureWarning: The cuda.cudart module is deprecated and will be removed in a future release, please switch to use the cuda.bindings.runtime module instead.
<frozen importlib._bootstrap_external>:1301: FutureWarning: The cuda.cuda module is deprecated and will be removed in a future release, please switch to use the cuda.bindings.driver module instead.
<frozen importlib._bootstrap_external>:1301: FutureWarning: The cuda.cudart module is deprecated and will be removed in a future release, please switch to use the cuda.bindings.runtime module instead.
<frozen importlib._bootstrap_external>:1301: FutureWarning: The cuda.cuda module is deprecated and will be removed in a future release, please switch to use the cuda.bindings.driver module instead.
<frozen importlib._bootstrap_external>:1301: FutureWarning: The cuda.cudart module is deprecated and will be removed in a future release, please switch to use the cuda.bindings.runtime module instead.
/root/Triton-distributed/python/triton_dist/kernels/nvidia/comm_perf_model.py:78: UserWarning: can not get max bandwidth of interface bonding_masters, return 0...
  warnings.warn(f"can not get max bandwidth of interface {interface}, return 0...")
/root/Triton-distributed/python/triton_dist/kernels/nvidia/comm_perf_model.py:78: UserWarning: can not get max bandwidth of interface bonding_masters, return 0...
  warnings.warn(f"can not get max bandwidth of interface {interface}, return 0...")
/root/Triton-distributed/python/triton_dist/kernels/nvidia/comm_perf_model.py:78: UserWarning: can not get max bandwidth of interface bonding_masters, return 0...
  warnings.warn(f"can not get max bandwidth of interface {interface}, return 0...")
/root/Triton-distributed/python/triton_dist/kernels/nvidia/comm_perf_model.py:78: UserWarning: can not get max bandwidth of interface bonding_masters, return 0...
  warnings.warn(f"can not get max bandwidth of interface {interface}, return 0...")
[search][coarse] candidate 98/128: max_total=5.8400 ms, mean_total=5.7875 ms, speedup_mean=0.9575, speedup_min=0.9500, overlap_mean=29.01%, lead_ratio=4.000 | chunk=512, window=4, stage=2, steady_sms=4, tail_sms=12, lanes=2, bands=2, frontier=2
[custom] test shape: M 8192, N 29568, K 8192
✅ all close!
✅ all close!
✅ all close!
✅ all close!
Rank 0 [custom] latency (ms): torch_total=5.59, torch_gemm_only=3.73, torch_rs_only=2.06, v2_total=5.90, v2_gemm_only=4.90, v2_rs_only=3.01, v2_internal_overlap=25.41%, v2_speedup_vs_torch=0.95, v2_speedup_vs_old=nan, chunk_rows=512, num_chunks=4, active_chunk_window=4, stage_slots=2, comm_lanes=1, n_bands=2, frontier_chunks=2
Rank 1 [custom] latency (ms): torch_total=5.56, torch_gemm_only=3.75, torch_rs_only=2.04, v2_total=5.97, v2_gemm_only=4.91, v2_rs_only=2.94, v2_internal_overlap=23.86%, v2_speedup_vs_torch=0.93, v2_speedup_vs_old=nan, chunk_rows=512, num_chunks=4, active_chunk_window=4, stage_slots=2, comm_lanes=1, n_bands=2, frontier_chunks=2
Rank 2 [custom] latency (ms): torch_total=5.56, torch_gemm_only=3.74, torch_rs_only=2.03, v2_total=5.73, v2_gemm_only=4.92, v2_rs_only=2.95, v2_internal_overlap=27.08%, v2_speedup_vs_torch=0.97, v2_speedup_vs_old=nan, chunk_rows=512, num_chunks=4, active_chunk_window=4, stage_slots=2, comm_lanes=1, n_bands=2, frontier_chunks=2
Rank 3 [custom] latency (ms): torch_total=5.58, torch_gemm_only=3.81, torch_rs_only=2.05, v2_total=5.78, v2_gemm_only=4.94, v2_rs_only=3.02, v2_internal_overlap=27.45%, v2_speedup_vs_torch=0.97, v2_speedup_vs_old=nan, chunk_rows=512, num_chunks=4, active_chunk_window=4, stage_slots=2, comm_lanes=1, n_bands=2, frontier_chunks=2
W0828 20:08:44.408000 8542 site-packages/torch/distributed/run.py:766] 
W0828 20:08:44.408000 8542 site-packages/torch/distributed/run.py:766] *****************************************
W0828 20:08:44.408000 8542 site-packages/torch/distributed/run.py:766] Setting OMP_NUM_THREADS environment variable for each process to be 1 in default, to avoid your system being overloaded, please further tune the variable for optimal performance in your application as needed. 
W0828 20:08:44.408000 8542 site-packages/torch/distributed/run.py:766] *****************************************
<frozen importlib._bootstrap_external>:1301: FutureWarning: The cuda.cuda module is deprecated and will be removed in a future release, please switch to use the cuda.bindings.driver module instead.
<frozen importlib._bootstrap_external>:1301: FutureWarning: The cuda.cudart module is deprecated and will be removed in a future release, please switch to use the cuda.bindings.runtime module instead.
<frozen importlib._bootstrap_external>:1301: FutureWarning: The cuda.cuda module is deprecated and will be removed in a future release, please switch to use the cuda.bindings.driver module instead.
<frozen importlib._bootstrap_external>:1301: FutureWarning: The cuda.cuda module is deprecated and will be removed in a future release, please switch to use the cuda.bindings.driver module instead.
<frozen importlib._bootstrap_external>:1301: FutureWarning: The cuda.cudart module is deprecated and will be removed in a future release, please switch to use the cuda.bindings.runtime module instead.
<frozen importlib._bootstrap_external>:1301: FutureWarning: The cuda.cudart module is deprecated and will be removed in a future release, please switch to use the cuda.bindings.runtime module instead.
<frozen importlib._bootstrap_external>:1301: FutureWarning: The cuda.cuda module is deprecated and will be removed in a future release, please switch to use the cuda.bindings.driver module instead.
<frozen importlib._bootstrap_external>:1301: FutureWarning: The cuda.cudart module is deprecated and will be removed in a future release, please switch to use the cuda.bindings.runtime module instead.
/root/Triton-distributed/python/triton_dist/kernels/nvidia/comm_perf_model.py:78: UserWarning: can not get max bandwidth of interface bonding_masters, return 0...
  warnings.warn(f"can not get max bandwidth of interface {interface}, return 0...")
/root/Triton-distributed/python/triton_dist/kernels/nvidia/comm_perf_model.py:78: UserWarning: can not get max bandwidth of interface bonding_masters, return 0...
  warnings.warn(f"can not get max bandwidth of interface {interface}, return 0...")
/root/Triton-distributed/python/triton_dist/kernels/nvidia/comm_perf_model.py:78: UserWarning: can not get max bandwidth of interface bonding_masters, return 0...
  warnings.warn(f"can not get max bandwidth of interface {interface}, return 0...")
/root/Triton-distributed/python/triton_dist/kernels/nvidia/comm_perf_model.py:78: UserWarning: can not get max bandwidth of interface bonding_masters, return 0...
  warnings.warn(f"can not get max bandwidth of interface {interface}, return 0...")
[search][coarse] candidate 99/128: max_total=5.9700 ms, mean_total=5.8450 ms, speedup_mean=0.9550, speedup_min=0.9300, overlap_mean=25.95%, lead_ratio=4.000 | chunk=512, window=4, stage=2, steady_sms=4, tail_sms=16, lanes=1, bands=2, frontier=2
[custom] test shape: M 8192, N 29568, K 8192
✅ all close!
✅ all close!
✅ all close!
✅ all close!
Rank 0 [custom] latency (ms): torch_total=5.55, torch_gemm_only=3.74, torch_rs_only=2.04, v2_total=5.81, v2_gemm_only=4.89, v2_rs_only=3.32, v2_internal_overlap=29.30%, v2_speedup_vs_torch=0.96, v2_speedup_vs_old=nan, chunk_rows=512, num_chunks=4, active_chunk_window=4, stage_slots=2, comm_lanes=2, n_bands=2, frontier_chunks=2
Rank 1 [custom] latency (ms): torch_total=5.55, torch_gemm_only=3.74, torch_rs_only=2.00, v2_total=5.91, v2_gemm_only=4.90, v2_rs_only=3.24, v2_internal_overlap=27.44%, v2_speedup_vs_torch=0.94, v2_speedup_vs_old=nan, chunk_rows=512, num_chunks=4, active_chunk_window=4, stage_slots=2, comm_lanes=2, n_bands=2, frontier_chunks=2
Rank 2 [custom] latency (ms): torch_total=5.55, torch_gemm_only=3.73, torch_rs_only=2.03, v2_total=5.86, v2_gemm_only=4.92, v2_rs_only=3.22, v2_internal_overlap=27.94%, v2_speedup_vs_torch=0.95, v2_speedup_vs_old=nan, chunk_rows=512, num_chunks=4, active_chunk_window=4, stage_slots=2, comm_lanes=2, n_bands=2, frontier_chunks=2
Rank 3 [custom] latency (ms): torch_total=5.57, torch_gemm_only=3.77, torch_rs_only=2.05, v2_total=6.80, v2_gemm_only=5.95, v2_rs_only=3.41, v2_internal_overlap=27.25%, v2_speedup_vs_torch=0.82, v2_speedup_vs_old=nan, chunk_rows=512, num_chunks=4, active_chunk_window=4, stage_slots=2, comm_lanes=2, n_bands=2, frontier_chunks=2
W0828 20:08:55.267000 9193 site-packages/torch/distributed/run.py:766] 
W0828 20:08:55.267000 9193 site-packages/torch/distributed/run.py:766] *****************************************
W0828 20:08:55.267000 9193 site-packages/torch/distributed/run.py:766] Setting OMP_NUM_THREADS environment variable for each process to be 1 in default, to avoid your system being overloaded, please further tune the variable for optimal performance in your application as needed. 
W0828 20:08:55.267000 9193 site-packages/torch/distributed/run.py:766] *****************************************
<frozen importlib._bootstrap_external>:1301: FutureWarning: The cuda.cuda module is deprecated and will be removed in a future release, please switch to use the cuda.bindings.driver module instead.
<frozen importlib._bootstrap_external>:1301: FutureWarning: The cuda.cudart module is deprecated and will be removed in a future release, please switch to use the cuda.bindings.runtime module instead.
<frozen importlib._bootstrap_external>:1301: FutureWarning: The cuda.cuda module is deprecated and will be removed in a future release, please switch to use the cuda.bindings.driver module instead.
<frozen importlib._bootstrap_external>:1301: FutureWarning: The cuda.cudart module is deprecated and will be removed in a future release, please switch to use the cuda.bindings.runtime module instead.
<frozen importlib._bootstrap_external>:1301: FutureWarning: The cuda.cuda module is deprecated and will be removed in a future release, please switch to use the cuda.bindings.driver module instead.
<frozen importlib._bootstrap_external>:1301: FutureWarning: The cuda.cudart module is deprecated and will be removed in a future release, please switch to use the cuda.bindings.runtime module instead.
<frozen importlib._bootstrap_external>:1301: FutureWarning: The cuda.cuda module is deprecated and will be removed in a future release, please switch to use the cuda.bindings.driver module instead.
<frozen importlib._bootstrap_external>:1301: FutureWarning: The cuda.cudart module is deprecated and will be removed in a future release, please switch to use the cuda.bindings.runtime module instead.
/root/Triton-distributed/python/triton_dist/kernels/nvidia/comm_perf_model.py:78: UserWarning: can not get max bandwidth of interface bonding_masters, return 0...
  warnings.warn(f"can not get max bandwidth of interface {interface}, return 0...")
/root/Triton-distributed/python/triton_dist/kernels/nvidia/comm_perf_model.py:78: UserWarning: can not get max bandwidth of interface bonding_masters, return 0...
  warnings.warn(f"can not get max bandwidth of interface {interface}, return 0...")
/root/Triton-distributed/python/triton_dist/kernels/nvidia/comm_perf_model.py:78: UserWarning: can not get max bandwidth of interface bonding_masters, return 0...
  warnings.warn(f"can not get max bandwidth of interface {interface}, return 0...")
/root/Triton-distributed/python/triton_dist/kernels/nvidia/comm_perf_model.py:78: UserWarning: can not get max bandwidth of interface bonding_masters, return 0...
  warnings.warn(f"can not get max bandwidth of interface {interface}, return 0...")
[search][coarse] candidate 100/128: max_total=6.8000 ms, mean_total=6.0950 ms, speedup_mean=0.9175, speedup_min=0.8200, overlap_mean=27.98%, lead_ratio=4.000 | chunk=512, window=4, stage=2, steady_sms=4, tail_sms=16, lanes=2, bands=2, frontier=2
[custom] test shape: M 8192, N 29568, K 8192
✅ all close!
✅ all close!
✅ all close!
✅ all close!
Rank 0 [custom] latency (ms): torch_total=5.57, torch_gemm_only=3.72, torch_rs_only=2.01, v2_total=5.91, v2_gemm_only=4.89, v2_rs_only=3.16, v2_internal_overlap=26.55%, v2_speedup_vs_torch=0.94, v2_speedup_vs_old=nan, chunk_rows=512, num_chunks=4, active_chunk_window=4, stage_slots=2, comm_lanes=1, n_bands=2, frontier_chunks=2
Rank 1 [custom] latency (ms): torch_total=5.55, torch_gemm_only=3.74, torch_rs_only=2.01, v2_total=5.90, v2_gemm_only=4.90, v2_rs_only=3.16, v2_internal_overlap=26.84%, v2_speedup_vs_torch=0.94, v2_speedup_vs_old=nan, chunk_rows=512, num_chunks=4, active_chunk_window=4, stage_slots=2, comm_lanes=1, n_bands=2, frontier_chunks=2
Rank 2 [custom] latency (ms): torch_total=5.56, torch_gemm_only=3.75, torch_rs_only=2.02, v2_total=5.73, v2_gemm_only=4.91, v2_rs_only=3.19, v2_internal_overlap=29.25%, v2_speedup_vs_torch=0.97, v2_speedup_vs_old=nan, chunk_rows=512, num_chunks=4, active_chunk_window=4, stage_slots=2, comm_lanes=1, n_bands=2, frontier_chunks=2
Rank 3 [custom] latency (ms): torch_total=5.57, torch_gemm_only=3.81, torch_rs_only=2.02, v2_total=5.74, v2_gemm_only=4.92, v2_rs_only=3.16, v2_internal_overlap=28.95%, v2_speedup_vs_torch=0.97, v2_speedup_vs_old=nan, chunk_rows=512, num_chunks=4, active_chunk_window=4, stage_slots=2, comm_lanes=1, n_bands=2, frontier_chunks=2
W0828 20:09:06.439000 9862 site-packages/torch/distributed/run.py:766] 
W0828 20:09:06.439000 9862 site-packages/torch/distributed/run.py:766] *****************************************
W0828 20:09:06.439000 9862 site-packages/torch/distributed/run.py:766] Setting OMP_NUM_THREADS environment variable for each process to be 1 in default, to avoid your system being overloaded, please further tune the variable for optimal performance in your application as needed. 
W0828 20:09:06.439000 9862 site-packages/torch/distributed/run.py:766] *****************************************
<frozen importlib._bootstrap_external>:1301: FutureWarning: The cuda.cuda module is deprecated and will be removed in a future release, please switch to use the cuda.bindings.driver module instead.
<frozen importlib._bootstrap_external>:1301: FutureWarning: The cuda.cudart module is deprecated and will be removed in a future release, please switch to use the cuda.bindings.runtime module instead.
<frozen importlib._bootstrap_external>:1301: FutureWarning: The cuda.cuda module is deprecated and will be removed in a future release, please switch to use the cuda.bindings.driver module instead.
<frozen importlib._bootstrap_external>:1301: FutureWarning: The cuda.cudart module is deprecated and will be removed in a future release, please switch to use the cuda.bindings.runtime module instead.
<frozen importlib._bootstrap_external>:1301: FutureWarning: The cuda.cuda module is deprecated and will be removed in a future release, please switch to use the cuda.bindings.driver module instead.
<frozen importlib._bootstrap_external>:1301: FutureWarning: The cuda.cudart module is deprecated and will be removed in a future release, please switch to use the cuda.bindings.runtime module instead.
<frozen importlib._bootstrap_external>:1301: FutureWarning: The cuda.cuda module is deprecated and will be removed in a future release, please switch to use the cuda.bindings.driver module instead.
<frozen importlib._bootstrap_external>:1301: FutureWarning: The cuda.cudart module is deprecated and will be removed in a future release, please switch to use the cuda.bindings.runtime module instead.
/root/Triton-distributed/python/triton_dist/kernels/nvidia/comm_perf_model.py:78: UserWarning: can not get max bandwidth of interface bonding_masters, return 0...
  warnings.warn(f"can not get max bandwidth of interface {interface}, return 0...")
/root/Triton-distributed/python/triton_dist/kernels/nvidia/comm_perf_model.py:78: UserWarning: can not get max bandwidth of interface bonding_masters, return 0...
  warnings.warn(f"can not get max bandwidth of interface {interface}, return 0...")
/root/Triton-distributed/python/triton_dist/kernels/nvidia/comm_perf_model.py:78: UserWarning: can not get max bandwidth of interface bonding_masters, return 0...
  warnings.warn(f"can not get max bandwidth of interface {interface}, return 0...")
/root/Triton-distributed/python/triton_dist/kernels/nvidia/comm_perf_model.py:78: UserWarning: can not get max bandwidth of interface bonding_masters, return 0...
  warnings.warn(f"can not get max bandwidth of interface {interface}, return 0...")
[search][coarse] candidate 101/128: max_total=5.9100 ms, mean_total=5.8200 ms, speedup_mean=0.9550, speedup_min=0.9400, overlap_mean=27.90%, lead_ratio=4.000 | chunk=512, window=4, stage=2, steady_sms=4, tail_sms=20, lanes=1, bands=2, frontier=2
[custom] test shape: M 8192, N 29568, K 8192
✅ all close!
✅ all close!
✅ all close!
✅ all close!
Rank 0 [custom] latency (ms): torch_total=5.54, torch_gemm_only=3.74, torch_rs_only=2.08, v2_total=5.83, v2_gemm_only=4.89, v2_rs_only=3.14, v2_internal_overlap=27.37%, v2_speedup_vs_torch=0.95, v2_speedup_vs_old=nan, chunk_rows=512, num_chunks=4, active_chunk_window=4, stage_slots=2, comm_lanes=2, n_bands=2, frontier_chunks=2
Rank 1 [custom] latency (ms): torch_total=5.54, torch_gemm_only=3.74, torch_rs_only=2.07, v2_total=6.32, v2_gemm_only=5.53, v2_rs_only=3.20, v2_internal_overlap=27.58%, v2_speedup_vs_torch=0.88, v2_speedup_vs_old=nan, chunk_rows=512, num_chunks=4, active_chunk_window=4, stage_slots=2, comm_lanes=2, n_bands=2, frontier_chunks=2
Rank 2 [custom] latency (ms): torch_total=5.55, torch_gemm_only=3.73, torch_rs_only=2.06, v2_total=5.74, v2_gemm_only=4.90, v2_rs_only=3.17, v2_internal_overlap=28.81%, v2_speedup_vs_torch=0.97, v2_speedup_vs_old=nan, chunk_rows=512, num_chunks=4, active_chunk_window=4, stage_slots=2, comm_lanes=2, n_bands=2, frontier_chunks=2
Rank 3 [custom] latency (ms): torch_total=5.57, torch_gemm_only=3.80, torch_rs_only=2.07, v2_total=5.78, v2_gemm_only=4.91, v2_rs_only=3.17, v2_internal_overlap=28.51%, v2_speedup_vs_torch=0.96, v2_speedup_vs_old=nan, chunk_rows=512, num_chunks=4, active_chunk_window=4, stage_slots=2, comm_lanes=2, n_bands=2, frontier_chunks=2
W0828 20:09:17.520000 10514 site-packages/torch/distributed/run.py:766] 
W0828 20:09:17.520000 10514 site-packages/torch/distributed/run.py:766] *****************************************
W0828 20:09:17.520000 10514 site-packages/torch/distributed/run.py:766] Setting OMP_NUM_THREADS environment variable for each process to be 1 in default, to avoid your system being overloaded, please further tune the variable for optimal performance in your application as needed. 
W0828 20:09:17.520000 10514 site-packages/torch/distributed/run.py:766] *****************************************
<frozen importlib._bootstrap_external>:1301: FutureWarning: The cuda.cuda module is deprecated and will be removed in a future release, please switch to use the cuda.bindings.driver module instead.
<frozen importlib._bootstrap_external>:1301: FutureWarning: The cuda.cudart module is deprecated and will be removed in a future release, please switch to use the cuda.bindings.runtime module instead.
<frozen importlib._bootstrap_external>:1301: FutureWarning: The cuda.cuda module is deprecated and will be removed in a future release, please switch to use the cuda.bindings.driver module instead.
<frozen importlib._bootstrap_external>:1301: FutureWarning: The cuda.cudart module is deprecated and will be removed in a future release, please switch to use the cuda.bindings.runtime module instead.
<frozen importlib._bootstrap_external>:1301: FutureWarning: The cuda.cuda module is deprecated and will be removed in a future release, please switch to use the cuda.bindings.driver module instead.
<frozen importlib._bootstrap_external>:1301: FutureWarning: The cuda.cudart module is deprecated and will be removed in a future release, please switch to use the cuda.bindings.runtime module instead.
<frozen importlib._bootstrap_external>:1301: FutureWarning: The cuda.cuda module is deprecated and will be removed in a future release, please switch to use the cuda.bindings.driver module instead.
<frozen importlib._bootstrap_external>:1301: FutureWarning: The cuda.cudart module is deprecated and will be removed in a future release, please switch to use the cuda.bindings.runtime module instead.
/root/Triton-distributed/python/triton_dist/kernels/nvidia/comm_perf_model.py:78: UserWarning: can not get max bandwidth of interface bonding_masters, return 0...
  warnings.warn(f"can not get max bandwidth of interface {interface}, return 0...")
/root/Triton-distributed/python/triton_dist/kernels/nvidia/comm_perf_model.py:78: UserWarning: can not get max bandwidth of interface bonding_masters, return 0...
  warnings.warn(f"can not get max bandwidth of interface {interface}, return 0...")
/root/Triton-distributed/python/triton_dist/kernels/nvidia/comm_perf_model.py:78: UserWarning: can not get max bandwidth of interface bonding_masters, return 0...
  warnings.warn(f"can not get max bandwidth of interface {interface}, return 0...")
/root/Triton-distributed/python/triton_dist/kernels/nvidia/comm_perf_model.py:78: UserWarning: can not get max bandwidth of interface bonding_masters, return 0...
  warnings.warn(f"can not get max bandwidth of interface {interface}, return 0...")
[search][coarse] candidate 102/128: max_total=6.3200 ms, mean_total=5.9175 ms, speedup_mean=0.9400, speedup_min=0.8800, overlap_mean=28.07%, lead_ratio=4.000 | chunk=512, window=4, stage=2, steady_sms=4, tail_sms=20, lanes=2, bands=2, frontier=2
[custom] test shape: M 8192, N 29568, K 8192
✅ all close!
✅ all close!
✅ all close!
✅ all close!
Rank 0 [custom] latency (ms): torch_total=5.55, torch_gemm_only=3.74, torch_rs_only=2.04, v2_total=5.84, v2_gemm_only=4.89, v2_rs_only=3.25, v2_internal_overlap=28.23%, v2_speedup_vs_torch=0.95, v2_speedup_vs_old=nan, chunk_rows=512, num_chunks=4, active_chunk_window=4, stage_slots=2, comm_lanes=1, n_bands=2, frontier_chunks=2
Rank 1 [custom] latency (ms): torch_total=5.56, torch_gemm_only=3.74, torch_rs_only=2.07, v2_total=5.87, v2_gemm_only=4.90, v2_rs_only=3.19, v2_internal_overlap=27.41%, v2_speedup_vs_torch=0.95, v2_speedup_vs_old=nan, chunk_rows=512, num_chunks=4, active_chunk_window=4, stage_slots=2, comm_lanes=1, n_bands=2, frontier_chunks=2
Rank 2 [custom] latency (ms): torch_total=5.54, torch_gemm_only=3.73, torch_rs_only=2.06, v2_total=5.71, v2_gemm_only=4.91, v2_rs_only=3.23, v2_internal_overlap=29.87%, v2_speedup_vs_torch=0.97, v2_speedup_vs_old=nan, chunk_rows=512, num_chunks=4, active_chunk_window=4, stage_slots=2, comm_lanes=1, n_bands=2, frontier_chunks=2
Rank 3 [custom] latency (ms): torch_total=5.57, torch_gemm_only=3.79, torch_rs_only=2.05, v2_total=5.73, v2_gemm_only=4.94, v2_rs_only=3.29, v2_internal_overlap=30.29%, v2_speedup_vs_torch=0.97, v2_speedup_vs_old=nan, chunk_rows=512, num_chunks=4, active_chunk_window=4, stage_slots=2, comm_lanes=1, n_bands=2, frontier_chunks=2
W0828 20:09:28.489000 11199 site-packages/torch/distributed/run.py:766] 
W0828 20:09:28.489000 11199 site-packages/torch/distributed/run.py:766] *****************************************
W0828 20:09:28.489000 11199 site-packages/torch/distributed/run.py:766] Setting OMP_NUM_THREADS environment variable for each process to be 1 in default, to avoid your system being overloaded, please further tune the variable for optimal performance in your application as needed. 
W0828 20:09:28.489000 11199 site-packages/torch/distributed/run.py:766] *****************************************
<frozen importlib._bootstrap_external>:1301: FutureWarning: The cuda.cuda module is deprecated and will be removed in a future release, please switch to use the cuda.bindings.driver module instead.
<frozen importlib._bootstrap_external>:1301: FutureWarning: The cuda.cudart module is deprecated and will be removed in a future release, please switch to use the cuda.bindings.runtime module instead.
<frozen importlib._bootstrap_external>:1301: FutureWarning: The cuda.cuda module is deprecated and will be removed in a future release, please switch to use the cuda.bindings.driver module instead.
<frozen importlib._bootstrap_external>:1301: FutureWarning: The cuda.cudart module is deprecated and will be removed in a future release, please switch to use the cuda.bindings.runtime module instead.
<frozen importlib._bootstrap_external>:1301: FutureWarning: The cuda.cuda module is deprecated and will be removed in a future release, please switch to use the cuda.bindings.driver module instead.
<frozen importlib._bootstrap_external>:1301: FutureWarning: The cuda.cudart module is deprecated and will be removed in a future release, please switch to use the cuda.bindings.runtime module instead.
<frozen importlib._bootstrap_external>:1301: FutureWarning: The cuda.cuda module is deprecated and will be removed in a future release, please switch to use the cuda.bindings.driver module instead.
<frozen importlib._bootstrap_external>:1301: FutureWarning: The cuda.cudart module is deprecated and will be removed in a future release, please switch to use the cuda.bindings.runtime module instead.
/root/Triton-distributed/python/triton_dist/kernels/nvidia/comm_perf_model.py:78: UserWarning: can not get max bandwidth of interface bonding_masters, return 0...
  warnings.warn(f"can not get max bandwidth of interface {interface}, return 0...")
/root/Triton-distributed/python/triton_dist/kernels/nvidia/comm_perf_model.py:78: UserWarning: can not get max bandwidth of interface bonding_masters, return 0...
  warnings.warn(f"can not get max bandwidth of interface {interface}, return 0...")
/root/Triton-distributed/python/triton_dist/kernels/nvidia/comm_perf_model.py:78: UserWarning: can not get max bandwidth of interface bonding_masters, return 0...
  warnings.warn(f"can not get max bandwidth of interface {interface}, return 0...")
/root/Triton-distributed/python/triton_dist/kernels/nvidia/comm_perf_model.py:78: UserWarning: can not get max bandwidth of interface bonding_masters, return 0...
  warnings.warn(f"can not get max bandwidth of interface {interface}, return 0...")
[search][coarse] candidate 103/128: max_total=5.8700 ms, mean_total=5.7875 ms, speedup_mean=0.9600, speedup_min=0.9500, overlap_mean=28.95%, lead_ratio=4.000 | chunk=512, window=4, stage=2, steady_sms=4, tail_sms=24, lanes=1, bands=2, frontier=2
[custom] test shape: M 8192, N 29568, K 8192
✅ all close!
✅ all close!
✅ all close!
✅ all close!
Rank 0 [custom] latency (ms): torch_total=5.56, torch_gemm_only=3.74, torch_rs_only=2.06, v2_total=5.69, v2_gemm_only=4.91, v2_rs_only=3.23, v2_internal_overlap=30.04%, v2_speedup_vs_torch=0.98, v2_speedup_vs_old=nan, chunk_rows=512, num_chunks=4, active_chunk_window=4, stage_slots=2, comm_lanes=2, n_bands=2, frontier_chunks=2
Rank 1 [custom] latency (ms): torch_total=5.55, torch_gemm_only=3.73, torch_rs_only=2.04, v2_total=5.84, v2_gemm_only=4.90, v2_rs_only=3.15, v2_internal_overlap=27.47%, v2_speedup_vs_torch=0.95, v2_speedup_vs_old=nan, chunk_rows=512, num_chunks=4, active_chunk_window=4, stage_slots=2, comm_lanes=2, n_bands=2, frontier_chunks=2
Rank 2 [custom] latency (ms): torch_total=5.55, torch_gemm_only=3.73, torch_rs_only=2.04, v2_total=5.67, v2_gemm_only=4.92, v2_rs_only=3.13, v2_internal_overlap=29.52%, v2_speedup_vs_torch=0.98, v2_speedup_vs_old=nan, chunk_rows=512, num_chunks=4, active_chunk_window=4, stage_slots=2, comm_lanes=2, n_bands=2, frontier_chunks=2
Rank 3 [custom] latency (ms): torch_total=5.56, torch_gemm_only=3.79, torch_rs_only=2.06, v2_total=5.69, v2_gemm_only=4.97, v2_rs_only=3.21, v2_internal_overlap=30.47%, v2_speedup_vs_torch=0.98, v2_speedup_vs_old=nan, chunk_rows=512, num_chunks=4, active_chunk_window=4, stage_slots=2, comm_lanes=2, n_bands=2, frontier_chunks=2
W0828 20:09:39.370000 11857 site-packages/torch/distributed/run.py:766] 
W0828 20:09:39.370000 11857 site-packages/torch/distributed/run.py:766] *****************************************
W0828 20:09:39.370000 11857 site-packages/torch/distributed/run.py:766] Setting OMP_NUM_THREADS environment variable for each process to be 1 in default, to avoid your system being overloaded, please further tune the variable for optimal performance in your application as needed. 
W0828 20:09:39.370000 11857 site-packages/torch/distributed/run.py:766] *****************************************
<frozen importlib._bootstrap_external>:1301: FutureWarning: The cuda.cuda module is deprecated and will be removed in a future release, please switch to use the cuda.bindings.driver module instead.
<frozen importlib._bootstrap_external>:1301: FutureWarning: The cuda.cudart module is deprecated and will be removed in a future release, please switch to use the cuda.bindings.runtime module instead.
<frozen importlib._bootstrap_external>:1301: FutureWarning: The cuda.cuda module is deprecated and will be removed in a future release, please switch to use the cuda.bindings.driver module instead.
<frozen importlib._bootstrap_external>:1301: FutureWarning: The cuda.cudart module is deprecated and will be removed in a future release, please switch to use the cuda.bindings.runtime module instead.
<frozen importlib._bootstrap_external>:1301: FutureWarning: The cuda.cuda module is deprecated and will be removed in a future release, please switch to use the cuda.bindings.driver module instead.
<frozen importlib._bootstrap_external>:1301: FutureWarning: The cuda.cudart module is deprecated and will be removed in a future release, please switch to use the cuda.bindings.runtime module instead.
<frozen importlib._bootstrap_external>:1301: FutureWarning: The cuda.cuda module is deprecated and will be removed in a future release, please switch to use the cuda.bindings.driver module instead.
<frozen importlib._bootstrap_external>:1301: FutureWarning: The cuda.cudart module is deprecated and will be removed in a future release, please switch to use the cuda.bindings.runtime module instead.
/root/Triton-distributed/python/triton_dist/kernels/nvidia/comm_perf_model.py:78: UserWarning: can not get max bandwidth of interface bonding_masters, return 0...
  warnings.warn(f"can not get max bandwidth of interface {interface}, return 0...")
/root/Triton-distributed/python/triton_dist/kernels/nvidia/comm_perf_model.py:78: UserWarning: can not get max bandwidth of interface bonding_masters, return 0...
  warnings.warn(f"can not get max bandwidth of interface {interface}, return 0...")
/root/Triton-distributed/python/triton_dist/kernels/nvidia/comm_perf_model.py:78: UserWarning: can not get max bandwidth of interface bonding_masters, return 0...
  warnings.warn(f"can not get max bandwidth of interface {interface}, return 0...")
/root/Triton-distributed/python/triton_dist/kernels/nvidia/comm_perf_model.py:78: UserWarning: can not get max bandwidth of interface bonding_masters, return 0...
  warnings.warn(f"can not get max bandwidth of interface {interface}, return 0...")
[search][coarse] candidate 104/128: max_total=5.8400 ms, mean_total=5.7225 ms, speedup_mean=0.9725, speedup_min=0.9500, overlap_mean=29.38%, lead_ratio=4.000 | chunk=512, window=4, stage=2, steady_sms=4, tail_sms=24, lanes=2, bands=2, frontier=2
[custom] test shape: M 8192, N 29568, K 8192
✅ all close!
✅ all close!
✅ all close!
✅ all close!
Rank 0 [custom] latency (ms): torch_total=5.54, torch_gemm_only=3.75, torch_rs_only=2.02, v2_total=5.50, v2_gemm_only=4.99, v2_rs_only=3.20, v2_internal_overlap=32.73%, v2_speedup_vs_torch=1.01, v2_speedup_vs_old=nan, chunk_rows=512, num_chunks=4, active_chunk_window=4, stage_slots=2, comm_lanes=1, n_bands=2, frontier_chunks=2
Rank 1 [custom] latency (ms): torch_total=5.56, torch_gemm_only=3.74, torch_rs_only=2.06, v2_total=5.54, v2_gemm_only=4.92, v2_rs_only=3.22, v2_internal_overlap=31.97%, v2_speedup_vs_torch=1.00, v2_speedup_vs_old=nan, chunk_rows=512, num_chunks=4, active_chunk_window=4, stage_slots=2, comm_lanes=1, n_bands=2, frontier_chunks=2
Rank 2 [custom] latency (ms): torch_total=5.55, torch_gemm_only=3.74, torch_rs_only=2.08, v2_total=5.50, v2_gemm_only=4.95, v2_rs_only=3.23, v2_internal_overlap=32.77%, v2_speedup_vs_torch=1.01, v2_speedup_vs_old=nan, chunk_rows=512, num_chunks=4, active_chunk_window=4, stage_slots=2, comm_lanes=1, n_bands=2, frontier_chunks=2
Rank 3 [custom] latency (ms): torch_total=5.56, torch_gemm_only=3.78, torch_rs_only=2.06, v2_total=5.55, v2_gemm_only=4.98, v2_rs_only=3.17, v2_internal_overlap=31.92%, v2_speedup_vs_torch=1.00, v2_speedup_vs_old=nan, chunk_rows=512, num_chunks=4, active_chunk_window=4, stage_slots=2, comm_lanes=1, n_bands=2, frontier_chunks=2
W0828 20:09:50.369000 12509 site-packages/torch/distributed/run.py:766] 
W0828 20:09:50.369000 12509 site-packages/torch/distributed/run.py:766] *****************************************
W0828 20:09:50.369000 12509 site-packages/torch/distributed/run.py:766] Setting OMP_NUM_THREADS environment variable for each process to be 1 in default, to avoid your system being overloaded, please further tune the variable for optimal performance in your application as needed. 
W0828 20:09:50.369000 12509 site-packages/torch/distributed/run.py:766] *****************************************
<frozen importlib._bootstrap_external>:1301: FutureWarning: The cuda.cuda module is deprecated and will be removed in a future release, please switch to use the cuda.bindings.driver module instead.
<frozen importlib._bootstrap_external>:1301: FutureWarning: The cuda.cudart module is deprecated and will be removed in a future release, please switch to use the cuda.bindings.runtime module instead.
<frozen importlib._bootstrap_external>:1301: FutureWarning: The cuda.cuda module is deprecated and will be removed in a future release, please switch to use the cuda.bindings.driver module instead.
<frozen importlib._bootstrap_external>:1301: FutureWarning: The cuda.cudart module is deprecated and will be removed in a future release, please switch to use the cuda.bindings.runtime module instead.
<frozen importlib._bootstrap_external>:1301: FutureWarning: The cuda.cuda module is deprecated and will be removed in a future release, please switch to use the cuda.bindings.driver module instead.
<frozen importlib._bootstrap_external>:1301: FutureWarning: The cuda.cudart module is deprecated and will be removed in a future release, please switch to use the cuda.bindings.runtime module instead.
<frozen importlib._bootstrap_external>:1301: FutureWarning: The cuda.cuda module is deprecated and will be removed in a future release, please switch to use the cuda.bindings.driver module instead.
<frozen importlib._bootstrap_external>:1301: FutureWarning: The cuda.cudart module is deprecated and will be removed in a future release, please switch to use the cuda.bindings.runtime module instead.
/root/Triton-distributed/python/triton_dist/kernels/nvidia/comm_perf_model.py:78: UserWarning: can not get max bandwidth of interface bonding_masters, return 0...
  warnings.warn(f"can not get max bandwidth of interface {interface}, return 0...")
/root/Triton-distributed/python/triton_dist/kernels/nvidia/comm_perf_model.py:78: UserWarning: can not get max bandwidth of interface bonding_masters, return 0...
  warnings.warn(f"can not get max bandwidth of interface {interface}, return 0...")
/root/Triton-distributed/python/triton_dist/kernels/nvidia/comm_perf_model.py:78: UserWarning: can not get max bandwidth of interface bonding_masters, return 0...
  warnings.warn(f"can not get max bandwidth of interface {interface}, return 0...")
/root/Triton-distributed/python/triton_dist/kernels/nvidia/comm_perf_model.py:78: UserWarning: can not get max bandwidth of interface bonding_masters, return 0...
  warnings.warn(f"can not get max bandwidth of interface {interface}, return 0...")
[search][coarse] candidate 105/128: max_total=5.5500 ms, mean_total=5.5225 ms, speedup_mean=1.0050, speedup_min=1.0000, overlap_mean=32.35%, lead_ratio=4.000 | chunk=512, window=4, stage=2, steady_sms=6, tail_sms=12, lanes=1, bands=2, frontier=2
[custom] test shape: M 8192, N 29568, K 8192
✅ all close!
✅ all close!
✅ all close!
✅ all close!
Rank 0 [custom] latency (ms): torch_total=5.59, torch_gemm_only=3.75, torch_rs_only=2.02, v2_total=5.68, v2_gemm_only=4.89, v2_rs_only=3.25, v2_internal_overlap=30.20%, v2_speedup_vs_torch=0.98, v2_speedup_vs_old=nan, chunk_rows=512, num_chunks=4, active_chunk_window=4, stage_slots=2, comm_lanes=2, n_bands=2, frontier_chunks=2
Rank 1 [custom] latency (ms): torch_total=5.57, torch_gemm_only=3.74, torch_rs_only=2.03, v2_total=6.24, v2_gemm_only=5.66, v2_rs_only=3.28, v2_internal_overlap=30.29%, v2_speedup_vs_torch=0.89, v2_speedup_vs_old=nan, chunk_rows=512, num_chunks=4, active_chunk_window=4, stage_slots=2, comm_lanes=2, n_bands=2, frontier_chunks=2
Rank 2 [custom] latency (ms): torch_total=5.56, torch_gemm_only=3.73, torch_rs_only=2.05, v2_total=5.49, v2_gemm_only=4.91, v2_rs_only=3.17, v2_internal_overlap=32.01%, v2_speedup_vs_torch=1.01, v2_speedup_vs_old=nan, chunk_rows=512, num_chunks=4, active_chunk_window=4, stage_slots=2, comm_lanes=2, n_bands=2, frontier_chunks=2
Rank 3 [custom] latency (ms): torch_total=5.58, torch_gemm_only=3.80, torch_rs_only=2.03, v2_total=5.52, v2_gemm_only=4.90, v2_rs_only=3.24, v2_internal_overlap=32.19%, v2_speedup_vs_torch=1.01, v2_speedup_vs_old=nan, chunk_rows=512, num_chunks=4, active_chunk_window=4, stage_slots=2, comm_lanes=2, n_bands=2, frontier_chunks=2
W0828 20:10:01.301000 13160 site-packages/torch/distributed/run.py:766] 
W0828 20:10:01.301000 13160 site-packages/torch/distributed/run.py:766] *****************************************
W0828 20:10:01.301000 13160 site-packages/torch/distributed/run.py:766] Setting OMP_NUM_THREADS environment variable for each process to be 1 in default, to avoid your system being overloaded, please further tune the variable for optimal performance in your application as needed. 
W0828 20:10:01.301000 13160 site-packages/torch/distributed/run.py:766] *****************************************
<frozen importlib._bootstrap_external>:1301: FutureWarning: The cuda.cuda module is deprecated and will be removed in a future release, please switch to use the cuda.bindings.driver module instead.
<frozen importlib._bootstrap_external>:1301: FutureWarning: The cuda.cudart module is deprecated and will be removed in a future release, please switch to use the cuda.bindings.runtime module instead.
<frozen importlib._bootstrap_external>:1301: FutureWarning: The cuda.cuda module is deprecated and will be removed in a future release, please switch to use the cuda.bindings.driver module instead.
<frozen importlib._bootstrap_external>:1301: FutureWarning: The cuda.cudart module is deprecated and will be removed in a future release, please switch to use the cuda.bindings.runtime module instead.
<frozen importlib._bootstrap_external>:1301: FutureWarning: The cuda.cuda module is deprecated and will be removed in a future release, please switch to use the cuda.bindings.driver module instead.
<frozen importlib._bootstrap_external>:1301: FutureWarning: The cuda.cudart module is deprecated and will be removed in a future release, please switch to use the cuda.bindings.runtime module instead.
<frozen importlib._bootstrap_external>:1301: FutureWarning: The cuda.cuda module is deprecated and will be removed in a future release, please switch to use the cuda.bindings.driver module instead.
<frozen importlib._bootstrap_external>:1301: FutureWarning: The cuda.cudart module is deprecated and will be removed in a future release, please switch to use the cuda.bindings.runtime module instead.
/root/Triton-distributed/python/triton_dist/kernels/nvidia/comm_perf_model.py:78: UserWarning: can not get max bandwidth of interface bonding_masters, return 0...
  warnings.warn(f"can not get max bandwidth of interface {interface}, return 0...")
/root/Triton-distributed/python/triton_dist/kernels/nvidia/comm_perf_model.py:78: UserWarning: can not get max bandwidth of interface bonding_masters, return 0...
  warnings.warn(f"can not get max bandwidth of interface {interface}, return 0...")
/root/Triton-distributed/python/triton_dist/kernels/nvidia/comm_perf_model.py:78: UserWarning: can not get max bandwidth of interface bonding_masters, return 0...
  warnings.warn(f"can not get max bandwidth of interface {interface}, return 0...")
/root/Triton-distributed/python/triton_dist/kernels/nvidia/comm_perf_model.py:78: UserWarning: can not get max bandwidth of interface bonding_masters, return 0...
  warnings.warn(f"can not get max bandwidth of interface {interface}, return 0...")
[search][coarse] candidate 106/128: max_total=6.2400 ms, mean_total=5.7325 ms, speedup_mean=0.9725, speedup_min=0.8900, overlap_mean=31.17%, lead_ratio=4.000 | chunk=512, window=4, stage=2, steady_sms=6, tail_sms=12, lanes=2, bands=2, frontier=2
[custom] test shape: M 8192, N 29568, K 8192
✅ all close!
✅ all close!
✅ all close!
✅ all close!
Rank 0 [custom] latency (ms): torch_total=5.54, torch_gemm_only=3.73, torch_rs_only=2.04, v2_total=5.44, v2_gemm_only=4.95, v2_rs_only=3.19, v2_internal_overlap=33.11%, v2_speedup_vs_torch=1.02, v2_speedup_vs_old=nan, chunk_rows=512, num_chunks=4, active_chunk_window=4, stage_slots=2, comm_lanes=1, n_bands=2, frontier_chunks=2
Rank 1 [custom] latency (ms): torch_total=5.56, torch_gemm_only=3.74, torch_rs_only=2.05, v2_total=5.49, v2_gemm_only=4.90, v2_rs_only=3.24, v2_internal_overlap=32.53%, v2_speedup_vs_torch=1.01, v2_speedup_vs_old=nan, chunk_rows=512, num_chunks=4, active_chunk_window=4, stage_slots=2, comm_lanes=1, n_bands=2, frontier_chunks=2
Rank 2 [custom] latency (ms): torch_total=5.55, torch_gemm_only=3.74, torch_rs_only=2.03, v2_total=5.45, v2_gemm_only=4.90, v2_rs_only=3.11, v2_internal_overlap=31.96%, v2_speedup_vs_torch=1.02, v2_speedup_vs_old=nan, chunk_rows=512, num_chunks=4, active_chunk_window=4, stage_slots=2, comm_lanes=1, n_bands=2, frontier_chunks=2
Rank 3 [custom] latency (ms): torch_total=5.57, torch_gemm_only=3.79, torch_rs_only=2.03, v2_total=5.50, v2_gemm_only=4.98, v2_rs_only=3.17, v2_internal_overlap=32.48%, v2_speedup_vs_torch=1.01, v2_speedup_vs_old=nan, chunk_rows=512, num_chunks=4, active_chunk_window=4, stage_slots=2, comm_lanes=1, n_bands=2, frontier_chunks=2
W0828 20:10:12.217000 13829 site-packages/torch/distributed/run.py:766] 
W0828 20:10:12.217000 13829 site-packages/torch/distributed/run.py:766] *****************************************
W0828 20:10:12.217000 13829 site-packages/torch/distributed/run.py:766] Setting OMP_NUM_THREADS environment variable for each process to be 1 in default, to avoid your system being overloaded, please further tune the variable for optimal performance in your application as needed. 
W0828 20:10:12.217000 13829 site-packages/torch/distributed/run.py:766] *****************************************
<frozen importlib._bootstrap_external>:1301: FutureWarning: The cuda.cuda module is deprecated and will be removed in a future release, please switch to use the cuda.bindings.driver module instead.
<frozen importlib._bootstrap_external>:1301: FutureWarning: The cuda.cudart module is deprecated and will be removed in a future release, please switch to use the cuda.bindings.runtime module instead.
<frozen importlib._bootstrap_external>:1301: FutureWarning: The cuda.cuda module is deprecated and will be removed in a future release, please switch to use the cuda.bindings.driver module instead.
<frozen importlib._bootstrap_external>:1301: FutureWarning: The cuda.cudart module is deprecated and will be removed in a future release, please switch to use the cuda.bindings.runtime module instead.
<frozen importlib._bootstrap_external>:1301: FutureWarning: The cuda.cuda module is deprecated and will be removed in a future release, please switch to use the cuda.bindings.driver module instead.
<frozen importlib._bootstrap_external>:1301: FutureWarning: The cuda.cudart module is deprecated and will be removed in a future release, please switch to use the cuda.bindings.runtime module instead.
<frozen importlib._bootstrap_external>:1301: FutureWarning: The cuda.cuda module is deprecated and will be removed in a future release, please switch to use the cuda.bindings.driver module instead.
<frozen importlib._bootstrap_external>:1301: FutureWarning: The cuda.cudart module is deprecated and will be removed in a future release, please switch to use the cuda.bindings.runtime module instead.
/root/Triton-distributed/python/triton_dist/kernels/nvidia/comm_perf_model.py:78: UserWarning: can not get max bandwidth of interface bonding_masters, return 0...
  warnings.warn(f"can not get max bandwidth of interface {interface}, return 0...")
/root/Triton-distributed/python/triton_dist/kernels/nvidia/comm_perf_model.py:78: UserWarning: can not get max bandwidth of interface bonding_masters, return 0...
  warnings.warn(f"can not get max bandwidth of interface {interface}, return 0...")
/root/Triton-distributed/python/triton_dist/kernels/nvidia/comm_perf_model.py:78: UserWarning: can not get max bandwidth of interface bonding_masters, return 0...
  warnings.warn(f"can not get max bandwidth of interface {interface}, return 0...")
/root/Triton-distributed/python/triton_dist/kernels/nvidia/comm_perf_model.py:78: UserWarning: can not get max bandwidth of interface bonding_masters, return 0...
  warnings.warn(f"can not get max bandwidth of interface {interface}, return 0...")
[search][coarse] candidate 107/128: max_total=5.5000 ms, mean_total=5.4700 ms, speedup_mean=1.0150, speedup_min=1.0100, overlap_mean=32.52%, lead_ratio=4.000 | chunk=512, window=4, stage=2, steady_sms=6, tail_sms=16, lanes=1, bands=2, frontier=2
[custom] test shape: M 8192, N 29568, K 8192
✅ all close!
✅ all close!
✅ all close!
✅ all close!
Rank 0 [custom] latency (ms): torch_total=5.59, torch_gemm_only=3.75, torch_rs_only=2.03, v2_total=5.45, v2_gemm_only=4.92, v2_rs_only=3.04, v2_internal_overlap=31.59%, v2_speedup_vs_torch=1.03, v2_speedup_vs_old=nan, chunk_rows=512, num_chunks=4, active_chunk_window=4, stage_slots=2, comm_lanes=2, n_bands=2, frontier_chunks=2
Rank 1 [custom] latency (ms): torch_total=5.59, torch_gemm_only=3.74, torch_rs_only=2.03, v2_total=5.44, v2_gemm_only=4.90, v2_rs_only=3.04, v2_internal_overlap=31.41%, v2_speedup_vs_torch=1.03, v2_speedup_vs_old=nan, chunk_rows=512, num_chunks=4, active_chunk_window=4, stage_slots=2, comm_lanes=2, n_bands=2, frontier_chunks=2
Rank 2 [custom] latency (ms): torch_total=5.57, torch_gemm_only=3.73, torch_rs_only=2.00, v2_total=5.44, v2_gemm_only=4.92, v2_rs_only=3.03, v2_internal_overlap=31.65%, v2_speedup_vs_torch=1.02, v2_speedup_vs_old=nan, chunk_rows=512, num_chunks=4, active_chunk_window=4, stage_slots=2, comm_lanes=2, n_bands=2, frontier_chunks=2
Rank 3 [custom] latency (ms): torch_total=5.59, torch_gemm_only=3.78, torch_rs_only=2.02, v2_total=5.46, v2_gemm_only=4.97, v2_rs_only=3.08, v2_internal_overlap=32.17%, v2_speedup_vs_torch=1.03, v2_speedup_vs_old=nan, chunk_rows=512, num_chunks=4, active_chunk_window=4, stage_slots=2, comm_lanes=2, n_bands=2, frontier_chunks=2
W0828 20:10:23.215000 14481 site-packages/torch/distributed/run.py:766] 
W0828 20:10:23.215000 14481 site-packages/torch/distributed/run.py:766] *****************************************
W0828 20:10:23.215000 14481 site-packages/torch/distributed/run.py:766] Setting OMP_NUM_THREADS environment variable for each process to be 1 in default, to avoid your system being overloaded, please further tune the variable for optimal performance in your application as needed. 
W0828 20:10:23.215000 14481 site-packages/torch/distributed/run.py:766] *****************************************
<frozen importlib._bootstrap_external>:1301: FutureWarning: The cuda.cuda module is deprecated and will be removed in a future release, please switch to use the cuda.bindings.driver module instead.
<frozen importlib._bootstrap_external>:1301: FutureWarning: The cuda.cudart module is deprecated and will be removed in a future release, please switch to use the cuda.bindings.runtime module instead.
<frozen importlib._bootstrap_external>:1301: FutureWarning: The cuda.cuda module is deprecated and will be removed in a future release, please switch to use the cuda.bindings.driver module instead.
<frozen importlib._bootstrap_external>:1301: FutureWarning: The cuda.cudart module is deprecated and will be removed in a future release, please switch to use the cuda.bindings.runtime module instead.
<frozen importlib._bootstrap_external>:1301: FutureWarning: The cuda.cuda module is deprecated and will be removed in a future release, please switch to use the cuda.bindings.driver module instead.
<frozen importlib._bootstrap_external>:1301: FutureWarning: The cuda.cudart module is deprecated and will be removed in a future release, please switch to use the cuda.bindings.runtime module instead.
<frozen importlib._bootstrap_external>:1301: FutureWarning: The cuda.cuda module is deprecated and will be removed in a future release, please switch to use the cuda.bindings.driver module instead.
<frozen importlib._bootstrap_external>:1301: FutureWarning: The cuda.cudart module is deprecated and will be removed in a future release, please switch to use the cuda.bindings.runtime module instead.
/root/Triton-distributed/python/triton_dist/kernels/nvidia/comm_perf_model.py:78: UserWarning: can not get max bandwidth of interface bonding_masters, return 0...
  warnings.warn(f"can not get max bandwidth of interface {interface}, return 0...")
/root/Triton-distributed/python/triton_dist/kernels/nvidia/comm_perf_model.py:78: UserWarning: can not get max bandwidth of interface bonding_masters, return 0...
  warnings.warn(f"can not get max bandwidth of interface {interface}, return 0...")
/root/Triton-distributed/python/triton_dist/kernels/nvidia/comm_perf_model.py:78: UserWarning: can not get max bandwidth of interface bonding_masters, return 0...
  warnings.warn(f"can not get max bandwidth of interface {interface}, return 0...")
/root/Triton-distributed/python/triton_dist/kernels/nvidia/comm_perf_model.py:78: UserWarning: can not get max bandwidth of interface bonding_masters, return 0...
  warnings.warn(f"can not get max bandwidth of interface {interface}, return 0...")
[search][coarse] candidate 108/128: max_total=5.4600 ms, mean_total=5.4475 ms, speedup_mean=1.0275, speedup_min=1.0200, overlap_mean=31.70%, lead_ratio=4.000 | chunk=512, window=4, stage=2, steady_sms=6, tail_sms=16, lanes=2, bands=2, frontier=2
[custom] test shape: M 8192, N 29568, K 8192
✅ all close!
✅ all close!
✅ all close!
✅ all close!
Rank 0 [custom] latency (ms): torch_total=5.58, torch_gemm_only=3.73, torch_rs_only=2.09, v2_total=5.44, v2_gemm_only=4.91, v2_rs_only=3.12, v2_internal_overlap=32.26%, v2_speedup_vs_torch=1.03, v2_speedup_vs_old=nan, chunk_rows=512, num_chunks=4, active_chunk_window=4, stage_slots=2, comm_lanes=1, n_bands=2, frontier_chunks=2
Rank 1 [custom] latency (ms): torch_total=5.57, torch_gemm_only=3.73, torch_rs_only=2.07, v2_total=5.46, v2_gemm_only=4.93, v2_rs_only=3.10, v2_internal_overlap=31.97%, v2_speedup_vs_torch=1.02, v2_speedup_vs_old=nan, chunk_rows=512, num_chunks=4, active_chunk_window=4, stage_slots=2, comm_lanes=1, n_bands=2, frontier_chunks=2
Rank 2 [custom] latency (ms): torch_total=5.56, torch_gemm_only=3.73, torch_rs_only=2.09, v2_total=5.43, v2_gemm_only=4.91, v2_rs_only=3.17, v2_internal_overlap=32.80%, v2_speedup_vs_torch=1.02, v2_speedup_vs_old=nan, chunk_rows=512, num_chunks=4, active_chunk_window=4, stage_slots=2, comm_lanes=1, n_bands=2, frontier_chunks=2
Rank 3 [custom] latency (ms): torch_total=5.58, torch_gemm_only=3.80, torch_rs_only=2.11, v2_total=5.49, v2_gemm_only=4.95, v2_rs_only=3.17, v2_internal_overlap=32.37%, v2_speedup_vs_torch=1.02, v2_speedup_vs_old=nan, chunk_rows=512, num_chunks=4, active_chunk_window=4, stage_slots=2, comm_lanes=1, n_bands=2, frontier_chunks=2
W0828 20:10:34.290000 15138 site-packages/torch/distributed/run.py:766] 
W0828 20:10:34.290000 15138 site-packages/torch/distributed/run.py:766] *****************************************
W0828 20:10:34.290000 15138 site-packages/torch/distributed/run.py:766] Setting OMP_NUM_THREADS environment variable for each process to be 1 in default, to avoid your system being overloaded, please further tune the variable for optimal performance in your application as needed. 
W0828 20:10:34.290000 15138 site-packages/torch/distributed/run.py:766] *****************************************
<frozen importlib._bootstrap_external>:1301: FutureWarning: The cuda.cuda module is deprecated and will be removed in a future release, please switch to use the cuda.bindings.driver module instead.
<frozen importlib._bootstrap_external>:1301: FutureWarning: The cuda.cudart module is deprecated and will be removed in a future release, please switch to use the cuda.bindings.runtime module instead.
<frozen importlib._bootstrap_external>:1301: FutureWarning: The cuda.cuda module is deprecated and will be removed in a future release, please switch to use the cuda.bindings.driver module instead.
<frozen importlib._bootstrap_external>:1301: FutureWarning: The cuda.cudart module is deprecated and will be removed in a future release, please switch to use the cuda.bindings.runtime module instead.
<frozen importlib._bootstrap_external>:1301: FutureWarning: The cuda.cuda module is deprecated and will be removed in a future release, please switch to use the cuda.bindings.driver module instead.
<frozen importlib._bootstrap_external>:1301: FutureWarning: The cuda.cudart module is deprecated and will be removed in a future release, please switch to use the cuda.bindings.runtime module instead.
<frozen importlib._bootstrap_external>:1301: FutureWarning: The cuda.cuda module is deprecated and will be removed in a future release, please switch to use the cuda.bindings.driver module instead.
<frozen importlib._bootstrap_external>:1301: FutureWarning: The cuda.cudart module is deprecated and will be removed in a future release, please switch to use the cuda.bindings.runtime module instead.
/root/Triton-distributed/python/triton_dist/kernels/nvidia/comm_perf_model.py:78: UserWarning: can not get max bandwidth of interface bonding_masters, return 0...
  warnings.warn(f"can not get max bandwidth of interface {interface}, return 0...")
/root/Triton-distributed/python/triton_dist/kernels/nvidia/comm_perf_model.py:78: UserWarning: can not get max bandwidth of interface bonding_masters, return 0...
  warnings.warn(f"can not get max bandwidth of interface {interface}, return 0...")
/root/Triton-distributed/python/triton_dist/kernels/nvidia/comm_perf_model.py:78: UserWarning: can not get max bandwidth of interface bonding_masters, return 0...
  warnings.warn(f"can not get max bandwidth of interface {interface}, return 0...")
/root/Triton-distributed/python/triton_dist/kernels/nvidia/comm_perf_model.py:78: UserWarning: can not get max bandwidth of interface bonding_masters, return 0...
  warnings.warn(f"can not get max bandwidth of interface {interface}, return 0...")
[search][coarse] candidate 109/128: max_total=5.4900 ms, mean_total=5.4550 ms, speedup_mean=1.0225, speedup_min=1.0200, overlap_mean=32.35%, lead_ratio=4.000 | chunk=512, window=4, stage=2, steady_sms=6, tail_sms=20, lanes=1, bands=2, frontier=2
[custom] test shape: M 8192, N 29568, K 8192
✅ all close!
✅ all close!
✅ all close!
✅ all close!
Rank 0 [custom] latency (ms): torch_total=5.56, torch_gemm_only=3.74, torch_rs_only=2.08, v2_total=5.44, v2_gemm_only=4.89, v2_rs_only=3.14, v2_internal_overlap=32.30%, v2_speedup_vs_torch=1.02, v2_speedup_vs_old=nan, chunk_rows=512, num_chunks=4, active_chunk_window=4, stage_slots=2, comm_lanes=2, n_bands=2, frontier_chunks=2
Rank 1 [custom] latency (ms): torch_total=5.54, torch_gemm_only=3.73, torch_rs_only=2.10, v2_total=5.43, v2_gemm_only=4.90, v2_rs_only=3.10, v2_internal_overlap=32.20%, v2_speedup_vs_torch=1.02, v2_speedup_vs_old=nan, chunk_rows=512, num_chunks=4, active_chunk_window=4, stage_slots=2, comm_lanes=2, n_bands=2, frontier_chunks=2
Rank 2 [custom] latency (ms): torch_total=5.57, torch_gemm_only=3.74, torch_rs_only=2.10, v2_total=5.41, v2_gemm_only=4.91, v2_rs_only=3.16, v2_internal_overlap=32.87%, v2_speedup_vs_torch=1.03, v2_speedup_vs_old=nan, chunk_rows=512, num_chunks=4, active_chunk_window=4, stage_slots=2, comm_lanes=2, n_bands=2, frontier_chunks=2
Rank 3 [custom] latency (ms): torch_total=5.56, torch_gemm_only=3.78, torch_rs_only=2.09, v2_total=5.41, v2_gemm_only=4.98, v2_rs_only=3.19, v2_internal_overlap=33.74%, v2_speedup_vs_torch=1.03, v2_speedup_vs_old=nan, chunk_rows=512, num_chunks=4, active_chunk_window=4, stage_slots=2, comm_lanes=2, n_bands=2, frontier_chunks=2
W0828 20:10:45.351000 15790 site-packages/torch/distributed/run.py:766] 
W0828 20:10:45.351000 15790 site-packages/torch/distributed/run.py:766] *****************************************
W0828 20:10:45.351000 15790 site-packages/torch/distributed/run.py:766] Setting OMP_NUM_THREADS environment variable for each process to be 1 in default, to avoid your system being overloaded, please further tune the variable for optimal performance in your application as needed. 
W0828 20:10:45.351000 15790 site-packages/torch/distributed/run.py:766] *****************************************
<frozen importlib._bootstrap_external>:1301: FutureWarning: The cuda.cuda module is deprecated and will be removed in a future release, please switch to use the cuda.bindings.driver module instead.
<frozen importlib._bootstrap_external>:1301: FutureWarning: The cuda.cudart module is deprecated and will be removed in a future release, please switch to use the cuda.bindings.runtime module instead.
<frozen importlib._bootstrap_external>:1301: FutureWarning: The cuda.cuda module is deprecated and will be removed in a future release, please switch to use the cuda.bindings.driver module instead.
<frozen importlib._bootstrap_external>:1301: FutureWarning: The cuda.cudart module is deprecated and will be removed in a future release, please switch to use the cuda.bindings.runtime module instead.
<frozen importlib._bootstrap_external>:1301: FutureWarning: The cuda.cuda module is deprecated and will be removed in a future release, please switch to use the cuda.bindings.driver module instead.
<frozen importlib._bootstrap_external>:1301: FutureWarning: The cuda.cudart module is deprecated and will be removed in a future release, please switch to use the cuda.bindings.runtime module instead.
<frozen importlib._bootstrap_external>:1301: FutureWarning: The cuda.cuda module is deprecated and will be removed in a future release, please switch to use the cuda.bindings.driver module instead.
<frozen importlib._bootstrap_external>:1301: FutureWarning: The cuda.cudart module is deprecated and will be removed in a future release, please switch to use the cuda.bindings.runtime module instead.
/root/Triton-distributed/python/triton_dist/kernels/nvidia/comm_perf_model.py:78: UserWarning: can not get max bandwidth of interface bonding_masters, return 0...
  warnings.warn(f"can not get max bandwidth of interface {interface}, return 0...")
/root/Triton-distributed/python/triton_dist/kernels/nvidia/comm_perf_model.py:78: UserWarning: can not get max bandwidth of interface bonding_masters, return 0...
  warnings.warn(f"can not get max bandwidth of interface {interface}, return 0...")
/root/Triton-distributed/python/triton_dist/kernels/nvidia/comm_perf_model.py:78: UserWarning: can not get max bandwidth of interface bonding_masters, return 0...
  warnings.warn(f"can not get max bandwidth of interface {interface}, return 0...")
/root/Triton-distributed/python/triton_dist/kernels/nvidia/comm_perf_model.py:78: UserWarning: can not get max bandwidth of interface bonding_masters, return 0...
  warnings.warn(f"can not get max bandwidth of interface {interface}, return 0...")
[search][coarse] candidate 110/128: max_total=5.4400 ms, mean_total=5.4225 ms, speedup_mean=1.0250, speedup_min=1.0200, overlap_mean=32.78%, lead_ratio=4.000 | chunk=512, window=4, stage=2, steady_sms=6, tail_sms=20, lanes=2, bands=2, frontier=2
[custom] test shape: M 8192, N 29568, K 8192
✅ all close!
✅ all close!
✅ all close!
✅ all close!
Rank 0 [custom] latency (ms): torch_total=5.56, torch_gemm_only=3.74, torch_rs_only=2.15, v2_total=5.44, v2_gemm_only=4.90, v2_rs_only=3.13, v2_internal_overlap=32.20%, v2_speedup_vs_torch=1.02, v2_speedup_vs_old=nan, chunk_rows=512, num_chunks=4, active_chunk_window=4, stage_slots=2, comm_lanes=1, n_bands=2, frontier_chunks=2
Rank 1 [custom] latency (ms): torch_total=5.55, torch_gemm_only=3.74, torch_rs_only=2.92, v2_total=5.45, v2_gemm_only=4.90, v2_rs_only=3.06, v2_internal_overlap=31.51%, v2_speedup_vs_torch=1.02, v2_speedup_vs_old=nan, chunk_rows=512, num_chunks=4, active_chunk_window=4, stage_slots=2, comm_lanes=1, n_bands=2, frontier_chunks=2
Rank 2 [custom] latency (ms): torch_total=5.55, torch_gemm_only=3.73, torch_rs_only=2.18, v2_total=5.42, v2_gemm_only=4.91, v2_rs_only=3.02, v2_internal_overlap=31.65%, v2_speedup_vs_torch=1.02, v2_speedup_vs_old=nan, chunk_rows=512, num_chunks=4, active_chunk_window=4, stage_slots=2, comm_lanes=1, n_bands=2, frontier_chunks=2
Rank 3 [custom] latency (ms): torch_total=5.56, torch_gemm_only=3.79, torch_rs_only=2.06, v2_total=5.42, v2_gemm_only=4.95, v2_rs_only=3.10, v2_internal_overlap=32.69%, v2_speedup_vs_torch=1.03, v2_speedup_vs_old=nan, chunk_rows=512, num_chunks=4, active_chunk_window=4, stage_slots=2, comm_lanes=1, n_bands=2, frontier_chunks=2
W0828 20:10:56.817000 16441 site-packages/torch/distributed/run.py:766] 
W0828 20:10:56.817000 16441 site-packages/torch/distributed/run.py:766] *****************************************
W0828 20:10:56.817000 16441 site-packages/torch/distributed/run.py:766] Setting OMP_NUM_THREADS environment variable for each process to be 1 in default, to avoid your system being overloaded, please further tune the variable for optimal performance in your application as needed. 
W0828 20:10:56.817000 16441 site-packages/torch/distributed/run.py:766] *****************************************
<frozen importlib._bootstrap_external>:1301: FutureWarning: The cuda.cuda module is deprecated and will be removed in a future release, please switch to use the cuda.bindings.driver module instead.
<frozen importlib._bootstrap_external>:1301: FutureWarning: The cuda.cudart module is deprecated and will be removed in a future release, please switch to use the cuda.bindings.runtime module instead.
<frozen importlib._bootstrap_external>:1301: FutureWarning: The cuda.cuda module is deprecated and will be removed in a future release, please switch to use the cuda.bindings.driver module instead.
<frozen importlib._bootstrap_external>:1301: FutureWarning: The cuda.cudart module is deprecated and will be removed in a future release, please switch to use the cuda.bindings.runtime module instead.
<frozen importlib._bootstrap_external>:1301: FutureWarning: The cuda.cuda module is deprecated and will be removed in a future release, please switch to use the cuda.bindings.driver module instead.
<frozen importlib._bootstrap_external>:1301: FutureWarning: The cuda.cudart module is deprecated and will be removed in a future release, please switch to use the cuda.bindings.runtime module instead.
<frozen importlib._bootstrap_external>:1301: FutureWarning: The cuda.cuda module is deprecated and will be removed in a future release, please switch to use the cuda.bindings.driver module instead.
<frozen importlib._bootstrap_external>:1301: FutureWarning: The cuda.cudart module is deprecated and will be removed in a future release, please switch to use the cuda.bindings.runtime module instead.
/root/Triton-distributed/python/triton_dist/kernels/nvidia/comm_perf_model.py:78: UserWarning: can not get max bandwidth of interface bonding_masters, return 0...
  warnings.warn(f"can not get max bandwidth of interface {interface}, return 0...")
/root/Triton-distributed/python/triton_dist/kernels/nvidia/comm_perf_model.py:78: UserWarning: can not get max bandwidth of interface bonding_masters, return 0...
  warnings.warn(f"can not get max bandwidth of interface {interface}, return 0...")
/root/Triton-distributed/python/triton_dist/kernels/nvidia/comm_perf_model.py:78: UserWarning: can not get max bandwidth of interface bonding_masters, return 0...
  warnings.warn(f"can not get max bandwidth of interface {interface}, return 0...")
/root/Triton-distributed/python/triton_dist/kernels/nvidia/comm_perf_model.py:78: UserWarning: can not get max bandwidth of interface bonding_masters, return 0...
  warnings.warn(f"can not get max bandwidth of interface {interface}, return 0...")
[search][coarse] candidate 111/128: max_total=5.4500 ms, mean_total=5.4325 ms, speedup_mean=1.0225, speedup_min=1.0200, overlap_mean=32.01%, lead_ratio=4.000 | chunk=512, window=4, stage=2, steady_sms=6, tail_sms=24, lanes=1, bands=2, frontier=2
[custom] test shape: M 8192, N 29568, K 8192
✅ all close!
✅ all close!
✅ all close!
✅ all close!
Rank 0 [custom] latency (ms): torch_total=5.57, torch_gemm_only=3.74, torch_rs_only=2.06, v2_total=5.42, v2_gemm_only=4.90, v2_rs_only=3.05, v2_internal_overlap=31.85%, v2_speedup_vs_torch=1.03, v2_speedup_vs_old=nan, chunk_rows=512, num_chunks=4, active_chunk_window=4, stage_slots=2, comm_lanes=2, n_bands=2, frontier_chunks=2
Rank 1 [custom] latency (ms): torch_total=5.56, torch_gemm_only=3.75, torch_rs_only=2.05, v2_total=5.41, v2_gemm_only=4.90, v2_rs_only=3.05, v2_internal_overlap=31.95%, v2_speedup_vs_torch=1.03, v2_speedup_vs_old=nan, chunk_rows=512, num_chunks=4, active_chunk_window=4, stage_slots=2, comm_lanes=2, n_bands=2, frontier_chunks=2
Rank 2 [custom] latency (ms): torch_total=5.55, torch_gemm_only=3.73, torch_rs_only=2.06, v2_total=5.42, v2_gemm_only=4.91, v2_rs_only=3.00, v2_internal_overlap=31.46%, v2_speedup_vs_torch=1.02, v2_speedup_vs_old=nan, chunk_rows=512, num_chunks=4, active_chunk_window=4, stage_slots=2, comm_lanes=2, n_bands=2, frontier_chunks=2
Rank 3 [custom] latency (ms): torch_total=5.57, torch_gemm_only=3.78, torch_rs_only=2.04, v2_total=5.40, v2_gemm_only=4.95, v2_rs_only=3.02, v2_internal_overlap=32.20%, v2_speedup_vs_torch=1.03, v2_speedup_vs_old=nan, chunk_rows=512, num_chunks=4, active_chunk_window=4, stage_slots=2, comm_lanes=2, n_bands=2, frontier_chunks=2
W0828 20:11:07.578000 17110 site-packages/torch/distributed/run.py:766] 
W0828 20:11:07.578000 17110 site-packages/torch/distributed/run.py:766] *****************************************
W0828 20:11:07.578000 17110 site-packages/torch/distributed/run.py:766] Setting OMP_NUM_THREADS environment variable for each process to be 1 in default, to avoid your system being overloaded, please further tune the variable for optimal performance in your application as needed. 
W0828 20:11:07.578000 17110 site-packages/torch/distributed/run.py:766] *****************************************
<frozen importlib._bootstrap_external>:1301: FutureWarning: The cuda.cuda module is deprecated and will be removed in a future release, please switch to use the cuda.bindings.driver module instead.
<frozen importlib._bootstrap_external>:1301: FutureWarning: The cuda.cudart module is deprecated and will be removed in a future release, please switch to use the cuda.bindings.runtime module instead.
<frozen importlib._bootstrap_external>:1301: FutureWarning: The cuda.cuda module is deprecated and will be removed in a future release, please switch to use the cuda.bindings.driver module instead.
<frozen importlib._bootstrap_external>:1301: FutureWarning: The cuda.cudart module is deprecated and will be removed in a future release, please switch to use the cuda.bindings.runtime module instead.
<frozen importlib._bootstrap_external>:1301: FutureWarning: The cuda.cuda module is deprecated and will be removed in a future release, please switch to use the cuda.bindings.driver module instead.
<frozen importlib._bootstrap_external>:1301: FutureWarning: The cuda.cudart module is deprecated and will be removed in a future release, please switch to use the cuda.bindings.runtime module instead.
<frozen importlib._bootstrap_external>:1301: FutureWarning: The cuda.cuda module is deprecated and will be removed in a future release, please switch to use the cuda.bindings.driver module instead.
<frozen importlib._bootstrap_external>:1301: FutureWarning: The cuda.cudart module is deprecated and will be removed in a future release, please switch to use the cuda.bindings.runtime module instead.
/root/Triton-distributed/python/triton_dist/kernels/nvidia/comm_perf_model.py:78: UserWarning: can not get max bandwidth of interface bonding_masters, return 0...
  warnings.warn(f"can not get max bandwidth of interface {interface}, return 0...")
/root/Triton-distributed/python/triton_dist/kernels/nvidia/comm_perf_model.py:78: UserWarning: can not get max bandwidth of interface bonding_masters, return 0...
  warnings.warn(f"can not get max bandwidth of interface {interface}, return 0...")
/root/Triton-distributed/python/triton_dist/kernels/nvidia/comm_perf_model.py:78: UserWarning: can not get max bandwidth of interface bonding_masters, return 0...
  warnings.warn(f"can not get max bandwidth of interface {interface}, return 0...")
/root/Triton-distributed/python/triton_dist/kernels/nvidia/comm_perf_model.py:78: UserWarning: can not get max bandwidth of interface bonding_masters, return 0...
  warnings.warn(f"can not get max bandwidth of interface {interface}, return 0...")
[search][coarse] candidate 112/128: max_total=5.4200 ms, mean_total=5.4125 ms, speedup_mean=1.0275, speedup_min=1.0200, overlap_mean=31.86%, lead_ratio=4.000 | chunk=512, window=4, stage=2, steady_sms=6, tail_sms=24, lanes=2, bands=2, frontier=2
[custom] test shape: M 8192, N 29568, K 8192
✅ all close!
✅ all close!
✅ all close!
✅ all close!
Rank 0 [custom] latency (ms): torch_total=5.56, torch_gemm_only=3.76, torch_rs_only=2.00, v2_total=5.61, v2_gemm_only=4.90, v2_rs_only=3.21, v2_internal_overlap=30.82%, v2_speedup_vs_torch=0.99, v2_speedup_vs_old=nan, chunk_rows=512, num_chunks=4, active_chunk_window=4, stage_slots=4, comm_lanes=1, n_bands=2, frontier_chunks=2
Rank 1 [custom] latency (ms): torch_total=5.55, torch_gemm_only=3.74, torch_rs_only=2.01, v2_total=5.62, v2_gemm_only=4.93, v2_rs_only=3.16, v2_internal_overlap=30.55%, v2_speedup_vs_torch=0.99, v2_speedup_vs_old=nan, chunk_rows=512, num_chunks=4, active_chunk_window=4, stage_slots=4, comm_lanes=1, n_bands=2, frontier_chunks=2
Rank 2 [custom] latency (ms): torch_total=5.53, torch_gemm_only=3.74, torch_rs_only=2.00, v2_total=5.59, v2_gemm_only=4.92, v2_rs_only=3.19, v2_internal_overlap=31.07%, v2_speedup_vs_torch=0.99, v2_speedup_vs_old=nan, chunk_rows=512, num_chunks=4, active_chunk_window=4, stage_slots=4, comm_lanes=1, n_bands=2, frontier_chunks=2
Rank 3 [custom] latency (ms): torch_total=5.57, torch_gemm_only=3.80, torch_rs_only=2.03, v2_total=5.61, v2_gemm_only=5.03, v2_rs_only=3.28, v2_internal_overlap=32.40%, v2_speedup_vs_torch=0.99, v2_speedup_vs_old=nan, chunk_rows=512, num_chunks=4, active_chunk_window=4, stage_slots=4, comm_lanes=1, n_bands=2, frontier_chunks=2
W0828 20:11:18.664000 17766 site-packages/torch/distributed/run.py:766] 
W0828 20:11:18.664000 17766 site-packages/torch/distributed/run.py:766] *****************************************
W0828 20:11:18.664000 17766 site-packages/torch/distributed/run.py:766] Setting OMP_NUM_THREADS environment variable for each process to be 1 in default, to avoid your system being overloaded, please further tune the variable for optimal performance in your application as needed. 
W0828 20:11:18.664000 17766 site-packages/torch/distributed/run.py:766] *****************************************
<frozen importlib._bootstrap_external>:1301: FutureWarning: The cuda.cuda module is deprecated and will be removed in a future release, please switch to use the cuda.bindings.driver module instead.
<frozen importlib._bootstrap_external>:1301: FutureWarning: The cuda.cudart module is deprecated and will be removed in a future release, please switch to use the cuda.bindings.runtime module instead.
<frozen importlib._bootstrap_external>:1301: FutureWarning: The cuda.cuda module is deprecated and will be removed in a future release, please switch to use the cuda.bindings.driver module instead.
<frozen importlib._bootstrap_external>:1301: FutureWarning: The cuda.cudart module is deprecated and will be removed in a future release, please switch to use the cuda.bindings.runtime module instead.
<frozen importlib._bootstrap_external>:1301: FutureWarning: The cuda.cuda module is deprecated and will be removed in a future release, please switch to use the cuda.bindings.driver module instead.
<frozen importlib._bootstrap_external>:1301: FutureWarning: The cuda.cudart module is deprecated and will be removed in a future release, please switch to use the cuda.bindings.runtime module instead.
<frozen importlib._bootstrap_external>:1301: FutureWarning: The cuda.cuda module is deprecated and will be removed in a future release, please switch to use the cuda.bindings.driver module instead.
<frozen importlib._bootstrap_external>:1301: FutureWarning: The cuda.cudart module is deprecated and will be removed in a future release, please switch to use the cuda.bindings.runtime module instead.
/root/Triton-distributed/python/triton_dist/kernels/nvidia/comm_perf_model.py:78: UserWarning: can not get max bandwidth of interface bonding_masters, return 0...
  warnings.warn(f"can not get max bandwidth of interface {interface}, return 0...")
/root/Triton-distributed/python/triton_dist/kernels/nvidia/comm_perf_model.py:78: UserWarning: can not get max bandwidth of interface bonding_masters, return 0...
  warnings.warn(f"can not get max bandwidth of interface {interface}, return 0...")
/root/Triton-distributed/python/triton_dist/kernels/nvidia/comm_perf_model.py:78: UserWarning: can not get max bandwidth of interface bonding_masters, return 0...
  warnings.warn(f"can not get max bandwidth of interface {interface}, return 0...")
/root/Triton-distributed/python/triton_dist/kernels/nvidia/comm_perf_model.py:78: UserWarning: can not get max bandwidth of interface bonding_masters, return 0...
  warnings.warn(f"can not get max bandwidth of interface {interface}, return 0...")
[search][coarse] candidate 113/128: max_total=5.6200 ms, mean_total=5.6075 ms, speedup_mean=0.9900, speedup_min=0.9900, overlap_mean=31.21%, lead_ratio=2.000 | chunk=512, window=4, stage=4, steady_sms=4, tail_sms=12, lanes=1, bands=2, frontier=2
[custom] test shape: M 8192, N 29568, K 8192
W0828 20:11:29.576000 18417 site-packages/torch/distributed/run.py:766] 
W0828 20:11:29.576000 18417 site-packages/torch/distributed/run.py:766] *****************************************
W0828 20:11:29.576000 18417 site-packages/torch/distributed/run.py:766] Setting OMP_NUM_THREADS environment variable for each process to be 1 in default, to avoid your system being overloaded, please further tune the variable for optimal performance in your application as needed. 
W0828 20:11:29.576000 18417 site-packages/torch/distributed/run.py:766] *****************************************
<frozen importlib._bootstrap_external>:1301: FutureWarning: The cuda.cuda module is deprecated and will be removed in a future release, please switch to use the cuda.bindings.driver module instead.
<frozen importlib._bootstrap_external>:1301: FutureWarning: The cuda.cudart module is deprecated and will be removed in a future release, please switch to use the cuda.bindings.runtime module instead.
<frozen importlib._bootstrap_external>:1301: FutureWarning: The cuda.cuda module is deprecated and will be removed in a future release, please switch to use the cuda.bindings.driver module instead.
<frozen importlib._bootstrap_external>:1301: FutureWarning: The cuda.cudart module is deprecated and will be removed in a future release, please switch to use the cuda.bindings.runtime module instead.
<frozen importlib._bootstrap_external>:1301: FutureWarning: The cuda.cuda module is deprecated and will be removed in a future release, please switch to use the cuda.bindings.driver module instead.
<frozen importlib._bootstrap_external>:1301: FutureWarning: The cuda.cudart module is deprecated and will be removed in a future release, please switch to use the cuda.bindings.runtime module instead.
<frozen importlib._bootstrap_external>:1301: FutureWarning: The cuda.cuda module is deprecated and will be removed in a future release, please switch to use the cuda.bindings.driver module instead.
<frozen importlib._bootstrap_external>:1301: FutureWarning: The cuda.cudart module is deprecated and will be removed in a future release, please switch to use the cuda.bindings.runtime module instead.
W0828 20:12:58.216000 18417 site-packages/torch/distributed/elastic/agent/server/api.py:719] Received 15 death signal, shutting down workers
W0828 20:12:58.220000 18417 site-packages/torch/distributed/elastic/multiprocessing/api.py:900] Sending process 18482 closing signal SIGTERM
W0828 20:12:58.220000 18417 site-packages/torch/distributed/elastic/multiprocessing/api.py:900] Sending process 18483 closing signal SIGTERM
W0828 20:12:58.221000 18417 site-packages/torch/distributed/elastic/multiprocessing/api.py:900] Sending process 18484 closing signal SIGTERM
W0828 20:12:58.221000 18417 site-packages/torch/distributed/elastic/multiprocessing/api.py:900] Sending process 18485 closing signal SIGTERM
Traceback (most recent call last):
  File "/root/miniconda3/bin/torchrun", line 7, in <module>
    sys.exit(main())
             ^^^^^^
  File "/root/miniconda3/lib/python3.12/site-packages/torch/distributed/elastic/multiprocessing/errors/__init__.py", line 355, in wrapper
    return f(*args, **kwargs)
           ^^^^^^^^^^^^^^^^^^
  File "/root/miniconda3/lib/python3.12/site-packages/torch/distributed/run.py", line 892, in main
    run(args)
  File "/root/miniconda3/lib/python3.12/site-packages/torch/distributed/run.py", line 883, in run
    elastic_launch(
  File "/root/miniconda3/lib/python3.12/site-packages/torch/distributed/launcher/api.py", line 139, in __call__
    return launch_agent(self._config, self._entrypoint, list(args))
           ^^^^^^^^^^^^^^^^^^^^^^^^^^^^^^^^^^^^^^^^^^^^^^^^^^^^^^^^
  File "/root/miniconda3/lib/python3.12/site-packages/torch/distributed/launcher/api.py", line 261, in launch_agent
    result = agent.run()
             ^^^^^^^^^^^
  File "/root/miniconda3/lib/python3.12/site-packages/torch/distributed/elastic/metrics/api.py", line 138, in wrapper
    result = f(*args, **kwargs)
             ^^^^^^^^^^^^^^^^^^
  File "/root/miniconda3/lib/python3.12/site-packages/torch/distributed/elastic/agent/server/api.py", line 711, in run
    result = self._invoke_run(role)
             ^^^^^^^^^^^^^^^^^^^^^^
  File "/root/miniconda3/lib/python3.12/site-packages/torch/distributed/elastic/agent/server/api.py", line 870, in _invoke_run
    time.sleep(monitor_interval)
  File "/root/miniconda3/lib/python3.12/site-packages/torch/distributed/elastic/multiprocessing/api.py", line 84, in _terminate_process_handler
    raise SignalException(f"Process {os.getpid()} got signal: {sigval}", sigval=sigval)
torch.distributed.elastic.multiprocessing.api.SignalException: Process 18417 got signal: 15
[search] candidate timed out after 90.0s
[search][coarse] candidate 114/128 failed(rc=124): chunk=512, window=4, stage=4, steady_sms=4, tail_sms=12, lanes=2, bands=2, frontier=2
[custom] test shape: M 8192, N 29568, K 8192
✅ all close!
✅ all close!
✅ all close!
✅ all close!
Rank 0 [custom] latency (ms): torch_total=5.55, torch_gemm_only=3.75, torch_rs_only=2.07, v2_total=5.98, v2_gemm_only=5.17, v2_rs_only=3.27, v2_internal_overlap=29.13%, v2_speedup_vs_torch=0.93, v2_speedup_vs_old=nan, chunk_rows=512, num_chunks=4, active_chunk_window=4, stage_slots=4, comm_lanes=1, n_bands=2, frontier_chunks=2
Rank 1 [custom] latency (ms): torch_total=5.57, torch_gemm_only=3.74, torch_rs_only=2.06, v2_total=6.66, v2_gemm_only=5.95, v2_rs_only=3.31, v2_internal_overlap=28.11%, v2_speedup_vs_torch=0.84, v2_speedup_vs_old=nan, chunk_rows=512, num_chunks=4, active_chunk_window=4, stage_slots=4, comm_lanes=1, n_bands=2, frontier_chunks=2
Rank 2 [custom] latency (ms): torch_total=5.56, torch_gemm_only=3.74, torch_rs_only=2.05, v2_total=5.75, v2_gemm_only=4.91, v2_rs_only=3.32, v2_internal_overlap=30.16%, v2_speedup_vs_torch=0.97, v2_speedup_vs_old=nan, chunk_rows=512, num_chunks=4, active_chunk_window=4, stage_slots=4, comm_lanes=1, n_bands=2, frontier_chunks=2
Rank 3 [custom] latency (ms): torch_total=5.58, torch_gemm_only=3.79, torch_rs_only=2.09, v2_total=5.83, v2_gemm_only=4.90, v2_rs_only=3.22, v2_internal_overlap=28.16%, v2_speedup_vs_torch=0.96, v2_speedup_vs_old=nan, chunk_rows=512, num_chunks=4, active_chunk_window=4, stage_slots=4, comm_lanes=1, n_bands=2, frontier_chunks=2
W0828 20:13:00.757000 18702 site-packages/torch/distributed/run.py:766] 
W0828 20:13:00.757000 18702 site-packages/torch/distributed/run.py:766] *****************************************
W0828 20:13:00.757000 18702 site-packages/torch/distributed/run.py:766] Setting OMP_NUM_THREADS environment variable for each process to be 1 in default, to avoid your system being overloaded, please further tune the variable for optimal performance in your application as needed. 
W0828 20:13:00.757000 18702 site-packages/torch/distributed/run.py:766] *****************************************
<frozen importlib._bootstrap_external>:1301: FutureWarning: The cuda.cuda module is deprecated and will be removed in a future release, please switch to use the cuda.bindings.driver module instead.
<frozen importlib._bootstrap_external>:1301: FutureWarning: The cuda.cudart module is deprecated and will be removed in a future release, please switch to use the cuda.bindings.runtime module instead.
<frozen importlib._bootstrap_external>:1301: FutureWarning: The cuda.cuda module is deprecated and will be removed in a future release, please switch to use the cuda.bindings.driver module instead.
<frozen importlib._bootstrap_external>:1301: FutureWarning: The cuda.cudart module is deprecated and will be removed in a future release, please switch to use the cuda.bindings.runtime module instead.
<frozen importlib._bootstrap_external>:1301: FutureWarning: The cuda.cuda module is deprecated and will be removed in a future release, please switch to use the cuda.bindings.driver module instead.
<frozen importlib._bootstrap_external>:1301: FutureWarning: The cuda.cudart module is deprecated and will be removed in a future release, please switch to use the cuda.bindings.runtime module instead.
<frozen importlib._bootstrap_external>:1301: FutureWarning: The cuda.cuda module is deprecated and will be removed in a future release, please switch to use the cuda.bindings.driver module instead.
<frozen importlib._bootstrap_external>:1301: FutureWarning: The cuda.cudart module is deprecated and will be removed in a future release, please switch to use the cuda.bindings.runtime module instead.
/root/Triton-distributed/python/triton_dist/kernels/nvidia/comm_perf_model.py:78: UserWarning: can not get max bandwidth of interface bonding_masters, return 0...
  warnings.warn(f"can not get max bandwidth of interface {interface}, return 0...")
/root/Triton-distributed/python/triton_dist/kernels/nvidia/comm_perf_model.py:78: UserWarning: can not get max bandwidth of interface bonding_masters, return 0...
  warnings.warn(f"can not get max bandwidth of interface {interface}, return 0...")
/root/Triton-distributed/python/triton_dist/kernels/nvidia/comm_perf_model.py:78: UserWarning: can not get max bandwidth of interface bonding_masters, return 0...
  warnings.warn(f"can not get max bandwidth of interface {interface}, return 0...")
/root/Triton-distributed/python/triton_dist/kernels/nvidia/comm_perf_model.py:78: UserWarning: can not get max bandwidth of interface bonding_masters, return 0...
  warnings.warn(f"can not get max bandwidth of interface {interface}, return 0...")
[search][coarse] candidate 115/128: max_total=6.6600 ms, mean_total=6.0550 ms, speedup_mean=0.9250, speedup_min=0.8400, overlap_mean=28.89%, lead_ratio=2.000 | chunk=512, window=4, stage=4, steady_sms=4, tail_sms=16, lanes=1, bands=2, frontier=2
[custom] test shape: M 8192, N 29568, K 8192
✅ all close!
✅ all close!
✅ all close!
✅ all close!
Rank 0 [custom] latency (ms): torch_total=5.55, torch_gemm_only=3.73, torch_rs_only=2.00, v2_total=5.56, v2_gemm_only=4.94, v2_rs_only=3.08, v2_internal_overlap=30.63%, v2_speedup_vs_torch=1.00, v2_speedup_vs_old=nan, chunk_rows=512, num_chunks=4, active_chunk_window=4, stage_slots=4, comm_lanes=2, n_bands=2, frontier_chunks=2
Rank 1 [custom] latency (ms): torch_total=5.54, torch_gemm_only=3.74, torch_rs_only=1.99, v2_total=5.59, v2_gemm_only=4.92, v2_rs_only=3.06, v2_internal_overlap=29.89%, v2_speedup_vs_torch=0.99, v2_speedup_vs_old=nan, chunk_rows=512, num_chunks=4, active_chunk_window=4, stage_slots=4, comm_lanes=2, n_bands=2, frontier_chunks=2
Rank 2 [custom] latency (ms): torch_total=5.55, torch_gemm_only=3.74, torch_rs_only=2.01, v2_total=5.59, v2_gemm_only=4.92, v2_rs_only=3.07, v2_internal_overlap=30.02%, v2_speedup_vs_torch=0.99, v2_speedup_vs_old=nan, chunk_rows=512, num_chunks=4, active_chunk_window=4, stage_slots=4, comm_lanes=2, n_bands=2, frontier_chunks=2
Rank 3 [custom] latency (ms): torch_total=5.56, torch_gemm_only=3.78, torch_rs_only=2.01, v2_total=5.58, v2_gemm_only=5.00, v2_rs_only=3.09, v2_internal_overlap=31.07%, v2_speedup_vs_torch=1.00, v2_speedup_vs_old=nan, chunk_rows=512, num_chunks=4, active_chunk_window=4, stage_slots=4, comm_lanes=2, n_bands=2, frontier_chunks=2
W0828 20:13:11.632000 19360 site-packages/torch/distributed/run.py:766] 
W0828 20:13:11.632000 19360 site-packages/torch/distributed/run.py:766] *****************************************
W0828 20:13:11.632000 19360 site-packages/torch/distributed/run.py:766] Setting OMP_NUM_THREADS environment variable for each process to be 1 in default, to avoid your system being overloaded, please further tune the variable for optimal performance in your application as needed. 
W0828 20:13:11.632000 19360 site-packages/torch/distributed/run.py:766] *****************************************
<frozen importlib._bootstrap_external>:1301: FutureWarning: The cuda.cuda module is deprecated and will be removed in a future release, please switch to use the cuda.bindings.driver module instead.
<frozen importlib._bootstrap_external>:1301: FutureWarning: The cuda.cudart module is deprecated and will be removed in a future release, please switch to use the cuda.bindings.runtime module instead.
<frozen importlib._bootstrap_external>:1301: FutureWarning: The cuda.cuda module is deprecated and will be removed in a future release, please switch to use the cuda.bindings.driver module instead.
<frozen importlib._bootstrap_external>:1301: FutureWarning: The cuda.cudart module is deprecated and will be removed in a future release, please switch to use the cuda.bindings.runtime module instead.
<frozen importlib._bootstrap_external>:1301: FutureWarning: The cuda.cuda module is deprecated and will be removed in a future release, please switch to use the cuda.bindings.driver module instead.
<frozen importlib._bootstrap_external>:1301: FutureWarning: The cuda.cudart module is deprecated and will be removed in a future release, please switch to use the cuda.bindings.runtime module instead.
<frozen importlib._bootstrap_external>:1301: FutureWarning: The cuda.cuda module is deprecated and will be removed in a future release, please switch to use the cuda.bindings.driver module instead.
<frozen importlib._bootstrap_external>:1301: FutureWarning: The cuda.cudart module is deprecated and will be removed in a future release, please switch to use the cuda.bindings.runtime module instead.
/root/Triton-distributed/python/triton_dist/kernels/nvidia/comm_perf_model.py:78: UserWarning: can not get max bandwidth of interface bonding_masters, return 0...
  warnings.warn(f"can not get max bandwidth of interface {interface}, return 0...")
/root/Triton-distributed/python/triton_dist/kernels/nvidia/comm_perf_model.py:78: UserWarning: can not get max bandwidth of interface bonding_masters, return 0...
  warnings.warn(f"can not get max bandwidth of interface {interface}, return 0...")
/root/Triton-distributed/python/triton_dist/kernels/nvidia/comm_perf_model.py:78: UserWarning: can not get max bandwidth of interface bonding_masters, return 0...
  warnings.warn(f"can not get max bandwidth of interface {interface}, return 0...")
/root/Triton-distributed/python/triton_dist/kernels/nvidia/comm_perf_model.py:78: UserWarning: can not get max bandwidth of interface bonding_masters, return 0...
  warnings.warn(f"can not get max bandwidth of interface {interface}, return 0...")
[search][coarse] candidate 116/128: max_total=5.5900 ms, mean_total=5.5800 ms, speedup_mean=0.9950, speedup_min=0.9900, overlap_mean=30.40%, lead_ratio=2.000 | chunk=512, window=4, stage=4, steady_sms=4, tail_sms=16, lanes=2, bands=2, frontier=2
[custom] test shape: M 8192, N 29568, K 8192
✅ all close!
✅ all close!
✅ all close!
✅ all close!
Rank 0 [custom] latency (ms): torch_total=5.56, torch_gemm_only=3.74, torch_rs_only=2.37, v2_total=5.62, v2_gemm_only=5.00, v2_rs_only=3.05, v2_internal_overlap=30.16%, v2_speedup_vs_torch=0.99, v2_speedup_vs_old=nan, chunk_rows=512, num_chunks=4, active_chunk_window=4, stage_slots=4, comm_lanes=1, n_bands=2, frontier_chunks=2
Rank 1 [custom] latency (ms): torch_total=5.55, torch_gemm_only=3.74, torch_rs_only=2.35, v2_total=5.65, v2_gemm_only=4.93, v2_rs_only=3.01, v2_internal_overlap=28.86%, v2_speedup_vs_torch=0.98, v2_speedup_vs_old=nan, chunk_rows=512, num_chunks=4, active_chunk_window=4, stage_slots=4, comm_lanes=1, n_bands=2, frontier_chunks=2
Rank 2 [custom] latency (ms): torch_total=5.55, torch_gemm_only=3.74, torch_rs_only=2.02, v2_total=5.60, v2_gemm_only=4.92, v2_rs_only=3.05, v2_internal_overlap=29.74%, v2_speedup_vs_torch=0.99, v2_speedup_vs_old=nan, chunk_rows=512, num_chunks=4, active_chunk_window=4, stage_slots=4, comm_lanes=1, n_bands=2, frontier_chunks=2
Rank 3 [custom] latency (ms): torch_total=5.56, torch_gemm_only=3.78, torch_rs_only=2.34, v2_total=5.64, v2_gemm_only=4.98, v2_rs_only=3.04, v2_internal_overlap=29.63%, v2_speedup_vs_torch=0.99, v2_speedup_vs_old=nan, chunk_rows=512, num_chunks=4, active_chunk_window=4, stage_slots=4, comm_lanes=1, n_bands=2, frontier_chunks=2
W0828 20:13:22.636000 20011 site-packages/torch/distributed/run.py:766] 
W0828 20:13:22.636000 20011 site-packages/torch/distributed/run.py:766] *****************************************
W0828 20:13:22.636000 20011 site-packages/torch/distributed/run.py:766] Setting OMP_NUM_THREADS environment variable for each process to be 1 in default, to avoid your system being overloaded, please further tune the variable for optimal performance in your application as needed. 
W0828 20:13:22.636000 20011 site-packages/torch/distributed/run.py:766] *****************************************
<frozen importlib._bootstrap_external>:1301: FutureWarning: The cuda.cuda module is deprecated and will be removed in a future release, please switch to use the cuda.bindings.driver module instead.
<frozen importlib._bootstrap_external>:1301: FutureWarning: The cuda.cudart module is deprecated and will be removed in a future release, please switch to use the cuda.bindings.runtime module instead.
<frozen importlib._bootstrap_external>:1301: FutureWarning: The cuda.cuda module is deprecated and will be removed in a future release, please switch to use the cuda.bindings.driver module instead.
<frozen importlib._bootstrap_external>:1301: FutureWarning: The cuda.cudart module is deprecated and will be removed in a future release, please switch to use the cuda.bindings.runtime module instead.
<frozen importlib._bootstrap_external>:1301: FutureWarning: The cuda.cuda module is deprecated and will be removed in a future release, please switch to use the cuda.bindings.driver module instead.
<frozen importlib._bootstrap_external>:1301: FutureWarning: The cuda.cudart module is deprecated and will be removed in a future release, please switch to use the cuda.bindings.runtime module instead.
<frozen importlib._bootstrap_external>:1301: FutureWarning: The cuda.cuda module is deprecated and will be removed in a future release, please switch to use the cuda.bindings.driver module instead.
<frozen importlib._bootstrap_external>:1301: FutureWarning: The cuda.cudart module is deprecated and will be removed in a future release, please switch to use the cuda.bindings.runtime module instead.
/root/Triton-distributed/python/triton_dist/kernels/nvidia/comm_perf_model.py:78: UserWarning: can not get max bandwidth of interface bonding_masters, return 0...
  warnings.warn(f"can not get max bandwidth of interface {interface}, return 0...")
/root/Triton-distributed/python/triton_dist/kernels/nvidia/comm_perf_model.py:78: UserWarning: can not get max bandwidth of interface bonding_masters, return 0...
  warnings.warn(f"can not get max bandwidth of interface {interface}, return 0...")
/root/Triton-distributed/python/triton_dist/kernels/nvidia/comm_perf_model.py:78: UserWarning: can not get max bandwidth of interface bonding_masters, return 0...
  warnings.warn(f"can not get max bandwidth of interface {interface}, return 0...")
/root/Triton-distributed/python/triton_dist/kernels/nvidia/comm_perf_model.py:78: UserWarning: can not get max bandwidth of interface bonding_masters, return 0...
  warnings.warn(f"can not get max bandwidth of interface {interface}, return 0...")
[search][coarse] candidate 117/128: max_total=5.6500 ms, mean_total=5.6275 ms, speedup_mean=0.9875, speedup_min=0.9800, overlap_mean=29.60%, lead_ratio=2.000 | chunk=512, window=4, stage=4, steady_sms=4, tail_sms=20, lanes=1, bands=2, frontier=2
[custom] test shape: M 8192, N 29568, K 8192
✅ all close!
✅ all close!
✅ all close!
✅ all close!
Rank 0 [custom] latency (ms): torch_total=5.58, torch_gemm_only=3.74, torch_rs_only=2.06, v2_total=5.59, v2_gemm_only=4.90, v2_rs_only=3.11, v2_internal_overlap=30.21%, v2_speedup_vs_torch=1.00, v2_speedup_vs_old=nan, chunk_rows=512, num_chunks=4, active_chunk_window=4, stage_slots=4, comm_lanes=2, n_bands=2, frontier_chunks=2
Rank 1 [custom] latency (ms): torch_total=5.56, torch_gemm_only=3.74, torch_rs_only=2.07, v2_total=5.60, v2_gemm_only=4.90, v2_rs_only=3.17, v2_internal_overlap=30.55%, v2_speedup_vs_torch=0.99, v2_speedup_vs_old=nan, chunk_rows=512, num_chunks=4, active_chunk_window=4, stage_slots=4, comm_lanes=2, n_bands=2, frontier_chunks=2
Rank 2 [custom] latency (ms): torch_total=5.56, torch_gemm_only=3.73, torch_rs_only=2.08, v2_total=5.60, v2_gemm_only=4.91, v2_rs_only=3.18, v2_internal_overlap=30.83%, v2_speedup_vs_torch=0.99, v2_speedup_vs_old=nan, chunk_rows=512, num_chunks=4, active_chunk_window=4, stage_slots=4, comm_lanes=2, n_bands=2, frontier_chunks=2
Rank 3 [custom] latency (ms): torch_total=5.57, torch_gemm_only=3.78, torch_rs_only=2.08, v2_total=5.58, v2_gemm_only=5.00, v2_rs_only=3.25, v2_internal_overlap=32.41%, v2_speedup_vs_torch=1.00, v2_speedup_vs_old=nan, chunk_rows=512, num_chunks=4, active_chunk_window=4, stage_slots=4, comm_lanes=2, n_bands=2, frontier_chunks=2
W0828 20:13:34.142000 20662 site-packages/torch/distributed/run.py:766] 
W0828 20:13:34.142000 20662 site-packages/torch/distributed/run.py:766] *****************************************
W0828 20:13:34.142000 20662 site-packages/torch/distributed/run.py:766] Setting OMP_NUM_THREADS environment variable for each process to be 1 in default, to avoid your system being overloaded, please further tune the variable for optimal performance in your application as needed. 
W0828 20:13:34.142000 20662 site-packages/torch/distributed/run.py:766] *****************************************
<frozen importlib._bootstrap_external>:1301: FutureWarning: The cuda.cuda module is deprecated and will be removed in a future release, please switch to use the cuda.bindings.driver module instead.
<frozen importlib._bootstrap_external>:1301: FutureWarning: The cuda.cudart module is deprecated and will be removed in a future release, please switch to use the cuda.bindings.runtime module instead.
<frozen importlib._bootstrap_external>:1301: FutureWarning: The cuda.cuda module is deprecated and will be removed in a future release, please switch to use the cuda.bindings.driver module instead.
<frozen importlib._bootstrap_external>:1301: FutureWarning: The cuda.cudart module is deprecated and will be removed in a future release, please switch to use the cuda.bindings.runtime module instead.
<frozen importlib._bootstrap_external>:1301: FutureWarning: The cuda.cuda module is deprecated and will be removed in a future release, please switch to use the cuda.bindings.driver module instead.
<frozen importlib._bootstrap_external>:1301: FutureWarning: The cuda.cudart module is deprecated and will be removed in a future release, please switch to use the cuda.bindings.runtime module instead.
<frozen importlib._bootstrap_external>:1301: FutureWarning: The cuda.cuda module is deprecated and will be removed in a future release, please switch to use the cuda.bindings.driver module instead.
<frozen importlib._bootstrap_external>:1301: FutureWarning: The cuda.cudart module is deprecated and will be removed in a future release, please switch to use the cuda.bindings.runtime module instead.
/root/Triton-distributed/python/triton_dist/kernels/nvidia/comm_perf_model.py:78: UserWarning: can not get max bandwidth of interface bonding_masters, return 0...
  warnings.warn(f"can not get max bandwidth of interface {interface}, return 0...")
/root/Triton-distributed/python/triton_dist/kernels/nvidia/comm_perf_model.py:78: UserWarning: can not get max bandwidth of interface bonding_masters, return 0...
  warnings.warn(f"can not get max bandwidth of interface {interface}, return 0...")
/root/Triton-distributed/python/triton_dist/kernels/nvidia/comm_perf_model.py:78: UserWarning: can not get max bandwidth of interface bonding_masters, return 0...
  warnings.warn(f"can not get max bandwidth of interface {interface}, return 0...")
/root/Triton-distributed/python/triton_dist/kernels/nvidia/comm_perf_model.py:78: UserWarning: can not get max bandwidth of interface bonding_masters, return 0...
  warnings.warn(f"can not get max bandwidth of interface {interface}, return 0...")
[search][coarse] candidate 118/128: max_total=5.6000 ms, mean_total=5.5925 ms, speedup_mean=0.9950, speedup_min=0.9900, overlap_mean=31.00%, lead_ratio=2.000 | chunk=512, window=4, stage=4, steady_sms=4, tail_sms=20, lanes=2, bands=2, frontier=2
[custom] test shape: M 8192, N 29568, K 8192
✅ all close!
✅ all close!
✅ all close!
✅ all close!
Rank 0 [custom] latency (ms): torch_total=5.55, torch_gemm_only=3.75, torch_rs_only=2.03, v2_total=6.34, v2_gemm_only=5.59, v2_rs_only=3.26, v2_internal_overlap=28.31%, v2_speedup_vs_torch=0.88, v2_speedup_vs_old=nan, chunk_rows=512, num_chunks=4, active_chunk_window=4, stage_slots=4, comm_lanes=1, n_bands=2, frontier_chunks=2
Rank 1 [custom] latency (ms): torch_total=5.55, torch_gemm_only=3.74, torch_rs_only=2.04, v2_total=6.71, v2_gemm_only=5.95, v2_rs_only=3.26, v2_internal_overlap=27.12%, v2_speedup_vs_torch=0.83, v2_speedup_vs_old=nan, chunk_rows=512, num_chunks=4, active_chunk_window=4, stage_slots=4, comm_lanes=1, n_bands=2, frontier_chunks=2
Rank 2 [custom] latency (ms): torch_total=5.54, torch_gemm_only=3.73, torch_rs_only=2.05, v2_total=6.69, v2_gemm_only=5.95, v2_rs_only=3.26, v2_internal_overlap=27.41%, v2_speedup_vs_torch=0.83, v2_speedup_vs_old=nan, chunk_rows=512, num_chunks=4, active_chunk_window=4, stage_slots=4, comm_lanes=1, n_bands=2, frontier_chunks=2
Rank 3 [custom] latency (ms): torch_total=5.55, torch_gemm_only=3.76, torch_rs_only=2.05, v2_total=6.67, v2_gemm_only=5.97, v2_rs_only=3.22, v2_internal_overlap=27.36%, v2_speedup_vs_torch=0.83, v2_speedup_vs_old=nan, chunk_rows=512, num_chunks=4, active_chunk_window=4, stage_slots=4, comm_lanes=1, n_bands=2, frontier_chunks=2
W0828 20:13:44.905000 21332 site-packages/torch/distributed/run.py:766] 
W0828 20:13:44.905000 21332 site-packages/torch/distributed/run.py:766] *****************************************
W0828 20:13:44.905000 21332 site-packages/torch/distributed/run.py:766] Setting OMP_NUM_THREADS environment variable for each process to be 1 in default, to avoid your system being overloaded, please further tune the variable for optimal performance in your application as needed. 
W0828 20:13:44.905000 21332 site-packages/torch/distributed/run.py:766] *****************************************
<frozen importlib._bootstrap_external>:1301: FutureWarning: The cuda.cuda module is deprecated and will be removed in a future release, please switch to use the cuda.bindings.driver module instead.
<frozen importlib._bootstrap_external>:1301: FutureWarning: The cuda.cudart module is deprecated and will be removed in a future release, please switch to use the cuda.bindings.runtime module instead.
<frozen importlib._bootstrap_external>:1301: FutureWarning: The cuda.cuda module is deprecated and will be removed in a future release, please switch to use the cuda.bindings.driver module instead.
<frozen importlib._bootstrap_external>:1301: FutureWarning: The cuda.cudart module is deprecated and will be removed in a future release, please switch to use the cuda.bindings.runtime module instead.
<frozen importlib._bootstrap_external>:1301: FutureWarning: The cuda.cuda module is deprecated and will be removed in a future release, please switch to use the cuda.bindings.driver module instead.
<frozen importlib._bootstrap_external>:1301: FutureWarning: The cuda.cudart module is deprecated and will be removed in a future release, please switch to use the cuda.bindings.runtime module instead.
<frozen importlib._bootstrap_external>:1301: FutureWarning: The cuda.cuda module is deprecated and will be removed in a future release, please switch to use the cuda.bindings.driver module instead.
<frozen importlib._bootstrap_external>:1301: FutureWarning: The cuda.cudart module is deprecated and will be removed in a future release, please switch to use the cuda.bindings.runtime module instead.
/root/Triton-distributed/python/triton_dist/kernels/nvidia/comm_perf_model.py:78: UserWarning: can not get max bandwidth of interface bonding_masters, return 0...
  warnings.warn(f"can not get max bandwidth of interface {interface}, return 0...")
/root/Triton-distributed/python/triton_dist/kernels/nvidia/comm_perf_model.py:78: UserWarning: can not get max bandwidth of interface bonding_masters, return 0...
  warnings.warn(f"can not get max bandwidth of interface {interface}, return 0...")
/root/Triton-distributed/python/triton_dist/kernels/nvidia/comm_perf_model.py:78: UserWarning: can not get max bandwidth of interface bonding_masters, return 0...
  warnings.warn(f"can not get max bandwidth of interface {interface}, return 0...")
/root/Triton-distributed/python/triton_dist/kernels/nvidia/comm_perf_model.py:78: UserWarning: can not get max bandwidth of interface bonding_masters, return 0...
  warnings.warn(f"can not get max bandwidth of interface {interface}, return 0...")
[search][coarse] candidate 119/128: max_total=6.7100 ms, mean_total=6.6025 ms, speedup_mean=0.8425, speedup_min=0.8300, overlap_mean=27.55%, lead_ratio=2.000 | chunk=512, window=4, stage=4, steady_sms=4, tail_sms=24, lanes=1, bands=2, frontier=2
[custom] test shape: M 8192, N 29568, K 8192
✅ all close!
✅ all close!
✅ all close!
✅ all close!
Rank 0 [custom] latency (ms): torch_total=5.58, torch_gemm_only=3.75, torch_rs_only=2.08, v2_total=6.69, v2_gemm_only=5.95, v2_rs_only=3.14, v2_internal_overlap=26.28%, v2_speedup_vs_torch=0.83, v2_speedup_vs_old=nan, chunk_rows=512, num_chunks=4, active_chunk_window=4, stage_slots=4, comm_lanes=2, n_bands=2, frontier_chunks=2
Rank 1 [custom] latency (ms): torch_total=5.58, torch_gemm_only=3.77, torch_rs_only=2.08, v2_total=6.53, v2_gemm_only=5.66, v2_rs_only=3.09, v2_internal_overlap=25.35%, v2_speedup_vs_torch=0.85, v2_speedup_vs_old=nan, chunk_rows=512, num_chunks=4, active_chunk_window=4, stage_slots=4, comm_lanes=2, n_bands=2, frontier_chunks=2
Rank 2 [custom] latency (ms): torch_total=5.56, torch_gemm_only=3.73, torch_rs_only=2.04, v2_total=6.05, v2_gemm_only=5.06, v2_rs_only=3.05, v2_internal_overlap=25.47%, v2_speedup_vs_torch=0.92, v2_speedup_vs_old=nan, chunk_rows=512, num_chunks=4, active_chunk_window=4, stage_slots=4, comm_lanes=2, n_bands=2, frontier_chunks=2
Rank 3 [custom] latency (ms): torch_total=5.57, torch_gemm_only=3.77, torch_rs_only=2.05, v2_total=6.57, v2_gemm_only=5.66, v2_rs_only=3.08, v2_internal_overlap=24.81%, v2_speedup_vs_torch=0.85, v2_speedup_vs_old=nan, chunk_rows=512, num_chunks=4, active_chunk_window=4, stage_slots=4, comm_lanes=2, n_bands=2, frontier_chunks=2
W0828 20:13:55.779000 21988 site-packages/torch/distributed/run.py:766] 
W0828 20:13:55.779000 21988 site-packages/torch/distributed/run.py:766] *****************************************
W0828 20:13:55.779000 21988 site-packages/torch/distributed/run.py:766] Setting OMP_NUM_THREADS environment variable for each process to be 1 in default, to avoid your system being overloaded, please further tune the variable for optimal performance in your application as needed. 
W0828 20:13:55.779000 21988 site-packages/torch/distributed/run.py:766] *****************************************
<frozen importlib._bootstrap_external>:1301: FutureWarning: The cuda.cuda module is deprecated and will be removed in a future release, please switch to use the cuda.bindings.driver module instead.
<frozen importlib._bootstrap_external>:1301: FutureWarning: The cuda.cudart module is deprecated and will be removed in a future release, please switch to use the cuda.bindings.runtime module instead.
<frozen importlib._bootstrap_external>:1301: FutureWarning: The cuda.cuda module is deprecated and will be removed in a future release, please switch to use the cuda.bindings.driver module instead.
<frozen importlib._bootstrap_external>:1301: FutureWarning: The cuda.cudart module is deprecated and will be removed in a future release, please switch to use the cuda.bindings.runtime module instead.
<frozen importlib._bootstrap_external>:1301: FutureWarning: The cuda.cuda module is deprecated and will be removed in a future release, please switch to use the cuda.bindings.driver module instead.
<frozen importlib._bootstrap_external>:1301: FutureWarning: The cuda.cudart module is deprecated and will be removed in a future release, please switch to use the cuda.bindings.runtime module instead.
<frozen importlib._bootstrap_external>:1301: FutureWarning: The cuda.cuda module is deprecated and will be removed in a future release, please switch to use the cuda.bindings.driver module instead.
<frozen importlib._bootstrap_external>:1301: FutureWarning: The cuda.cudart module is deprecated and will be removed in a future release, please switch to use the cuda.bindings.runtime module instead.
/root/Triton-distributed/python/triton_dist/kernels/nvidia/comm_perf_model.py:78: UserWarning: can not get max bandwidth of interface bonding_masters, return 0...
  warnings.warn(f"can not get max bandwidth of interface {interface}, return 0...")
/root/Triton-distributed/python/triton_dist/kernels/nvidia/comm_perf_model.py:78: UserWarning: can not get max bandwidth of interface bonding_masters, return 0...
  warnings.warn(f"can not get max bandwidth of interface {interface}, return 0...")
/root/Triton-distributed/python/triton_dist/kernels/nvidia/comm_perf_model.py:78: UserWarning: can not get max bandwidth of interface bonding_masters, return 0...
  warnings.warn(f"can not get max bandwidth of interface {interface}, return 0...")
/root/Triton-distributed/python/triton_dist/kernels/nvidia/comm_perf_model.py:78: UserWarning: can not get max bandwidth of interface bonding_masters, return 0...
  warnings.warn(f"can not get max bandwidth of interface {interface}, return 0...")
[search][coarse] candidate 120/128: max_total=6.6900 ms, mean_total=6.4600 ms, speedup_mean=0.8625, speedup_min=0.8300, overlap_mean=25.48%, lead_ratio=2.000 | chunk=512, window=4, stage=4, steady_sms=4, tail_sms=24, lanes=2, bands=2, frontier=2
[custom] test shape: M 8192, N 29568, K 8192
✅ all close!
✅ all close!
✅ all close!
✅ all close!
Rank 0 [custom] latency (ms): torch_total=5.55, torch_gemm_only=3.73, torch_rs_only=2.04, v2_total=5.33, v2_gemm_only=4.95, v2_rs_only=3.17, v2_internal_overlap=34.29%, v2_speedup_vs_torch=1.04, v2_speedup_vs_old=nan, chunk_rows=512, num_chunks=4, active_chunk_window=4, stage_slots=4, comm_lanes=1, n_bands=2, frontier_chunks=2
Rank 1 [custom] latency (ms): torch_total=5.54, torch_gemm_only=3.73, torch_rs_only=2.03, v2_total=5.36, v2_gemm_only=4.90, v2_rs_only=3.23, v2_internal_overlap=34.10%, v2_speedup_vs_torch=1.03, v2_speedup_vs_old=nan, chunk_rows=512, num_chunks=4, active_chunk_window=4, stage_slots=4, comm_lanes=1, n_bands=2, frontier_chunks=2
Rank 2 [custom] latency (ms): torch_total=5.54, torch_gemm_only=3.75, torch_rs_only=2.03, v2_total=5.32, v2_gemm_only=4.92, v2_rs_only=3.13, v2_internal_overlap=33.97%, v2_speedup_vs_torch=1.04, v2_speedup_vs_old=nan, chunk_rows=512, num_chunks=4, active_chunk_window=4, stage_slots=4, comm_lanes=1, n_bands=2, frontier_chunks=2
Rank 3 [custom] latency (ms): torch_total=5.57, torch_gemm_only=3.79, torch_rs_only=2.03, v2_total=5.35, v2_gemm_only=4.98, v2_rs_only=3.20, v2_internal_overlap=34.55%, v2_speedup_vs_torch=1.04, v2_speedup_vs_old=nan, chunk_rows=512, num_chunks=4, active_chunk_window=4, stage_slots=4, comm_lanes=1, n_bands=2, frontier_chunks=2
W0828 20:14:06.747000 22639 site-packages/torch/distributed/run.py:766] 
W0828 20:14:06.747000 22639 site-packages/torch/distributed/run.py:766] *****************************************
W0828 20:14:06.747000 22639 site-packages/torch/distributed/run.py:766] Setting OMP_NUM_THREADS environment variable for each process to be 1 in default, to avoid your system being overloaded, please further tune the variable for optimal performance in your application as needed. 
W0828 20:14:06.747000 22639 site-packages/torch/distributed/run.py:766] *****************************************
<frozen importlib._bootstrap_external>:1301: FutureWarning: The cuda.cuda module is deprecated and will be removed in a future release, please switch to use the cuda.bindings.driver module instead.
<frozen importlib._bootstrap_external>:1301: FutureWarning: The cuda.cudart module is deprecated and will be removed in a future release, please switch to use the cuda.bindings.runtime module instead.
<frozen importlib._bootstrap_external>:1301: FutureWarning: The cuda.cuda module is deprecated and will be removed in a future release, please switch to use the cuda.bindings.driver module instead.
<frozen importlib._bootstrap_external>:1301: FutureWarning: The cuda.cudart module is deprecated and will be removed in a future release, please switch to use the cuda.bindings.runtime module instead.
<frozen importlib._bootstrap_external>:1301: FutureWarning: The cuda.cuda module is deprecated and will be removed in a future release, please switch to use the cuda.bindings.driver module instead.
<frozen importlib._bootstrap_external>:1301: FutureWarning: The cuda.cudart module is deprecated and will be removed in a future release, please switch to use the cuda.bindings.runtime module instead.
<frozen importlib._bootstrap_external>:1301: FutureWarning: The cuda.cuda module is deprecated and will be removed in a future release, please switch to use the cuda.bindings.driver module instead.
<frozen importlib._bootstrap_external>:1301: FutureWarning: The cuda.cudart module is deprecated and will be removed in a future release, please switch to use the cuda.bindings.runtime module instead.
/root/Triton-distributed/python/triton_dist/kernels/nvidia/comm_perf_model.py:78: UserWarning: can not get max bandwidth of interface bonding_masters, return 0...
  warnings.warn(f"can not get max bandwidth of interface {interface}, return 0...")
/root/Triton-distributed/python/triton_dist/kernels/nvidia/comm_perf_model.py:78: UserWarning: can not get max bandwidth of interface bonding_masters, return 0...
  warnings.warn(f"can not get max bandwidth of interface {interface}, return 0...")
/root/Triton-distributed/python/triton_dist/kernels/nvidia/comm_perf_model.py:78: UserWarning: can not get max bandwidth of interface bonding_masters, return 0...
  warnings.warn(f"can not get max bandwidth of interface {interface}, return 0...")
/root/Triton-distributed/python/triton_dist/kernels/nvidia/comm_perf_model.py:78: UserWarning: can not get max bandwidth of interface bonding_masters, return 0...
  warnings.warn(f"can not get max bandwidth of interface {interface}, return 0...")
[search][coarse] candidate 121/128: max_total=5.3600 ms, mean_total=5.3400 ms, speedup_mean=1.0375, speedup_min=1.0300, overlap_mean=34.23%, lead_ratio=2.000 | chunk=512, window=4, stage=4, steady_sms=6, tail_sms=12, lanes=1, bands=2, frontier=2
[custom] test shape: M 8192, N 29568, K 8192
✅ all close!
✅ all close!
✅ all close!
✅ all close!
Rank 0 [custom] latency (ms): torch_total=5.56, torch_gemm_only=3.74, torch_rs_only=2.06, v2_total=5.32, v2_gemm_only=5.00, v2_rs_only=3.11, v2_internal_overlap=34.32%, v2_speedup_vs_torch=1.04, v2_speedup_vs_old=nan, chunk_rows=512, num_chunks=4, active_chunk_window=4, stage_slots=4, comm_lanes=2, n_bands=2, frontier_chunks=2
Rank 1 [custom] latency (ms): torch_total=5.54, torch_gemm_only=3.74, torch_rs_only=2.07, v2_total=5.33, v2_gemm_only=4.90, v2_rs_only=3.13, v2_internal_overlap=33.64%, v2_speedup_vs_torch=1.04, v2_speedup_vs_old=nan, chunk_rows=512, num_chunks=4, active_chunk_window=4, stage_slots=4, comm_lanes=2, n_bands=2, frontier_chunks=2
Rank 2 [custom] latency (ms): torch_total=5.55, torch_gemm_only=3.74, torch_rs_only=2.08, v2_total=5.33, v2_gemm_only=4.92, v2_rs_only=3.12, v2_internal_overlap=33.66%, v2_speedup_vs_torch=1.04, v2_speedup_vs_old=nan, chunk_rows=512, num_chunks=4, active_chunk_window=4, stage_slots=4, comm_lanes=2, n_bands=2, frontier_chunks=2
Rank 3 [custom] latency (ms): torch_total=5.57, torch_gemm_only=3.80, torch_rs_only=2.07, v2_total=5.33, v2_gemm_only=4.96, v2_rs_only=3.06, v2_internal_overlap=33.54%, v2_speedup_vs_torch=1.04, v2_speedup_vs_old=nan, chunk_rows=512, num_chunks=4, active_chunk_window=4, stage_slots=4, comm_lanes=2, n_bands=2, frontier_chunks=2
W0828 20:14:17.835000 23291 site-packages/torch/distributed/run.py:766] 
W0828 20:14:17.835000 23291 site-packages/torch/distributed/run.py:766] *****************************************
W0828 20:14:17.835000 23291 site-packages/torch/distributed/run.py:766] Setting OMP_NUM_THREADS environment variable for each process to be 1 in default, to avoid your system being overloaded, please further tune the variable for optimal performance in your application as needed. 
W0828 20:14:17.835000 23291 site-packages/torch/distributed/run.py:766] *****************************************
<frozen importlib._bootstrap_external>:1301: FutureWarning: The cuda.cuda module is deprecated and will be removed in a future release, please switch to use the cuda.bindings.driver module instead.
<frozen importlib._bootstrap_external>:1301: FutureWarning: The cuda.cudart module is deprecated and will be removed in a future release, please switch to use the cuda.bindings.runtime module instead.
<frozen importlib._bootstrap_external>:1301: FutureWarning: The cuda.cuda module is deprecated and will be removed in a future release, please switch to use the cuda.bindings.driver module instead.
<frozen importlib._bootstrap_external>:1301: FutureWarning: The cuda.cudart module is deprecated and will be removed in a future release, please switch to use the cuda.bindings.runtime module instead.
<frozen importlib._bootstrap_external>:1301: FutureWarning: The cuda.cuda module is deprecated and will be removed in a future release, please switch to use the cuda.bindings.driver module instead.
<frozen importlib._bootstrap_external>:1301: FutureWarning: The cuda.cudart module is deprecated and will be removed in a future release, please switch to use the cuda.bindings.runtime module instead.
<frozen importlib._bootstrap_external>:1301: FutureWarning: The cuda.cuda module is deprecated and will be removed in a future release, please switch to use the cuda.bindings.driver module instead.
<frozen importlib._bootstrap_external>:1301: FutureWarning: The cuda.cudart module is deprecated and will be removed in a future release, please switch to use the cuda.bindings.runtime module instead.
/root/Triton-distributed/python/triton_dist/kernels/nvidia/comm_perf_model.py:78: UserWarning: can not get max bandwidth of interface bonding_masters, return 0...
  warnings.warn(f"can not get max bandwidth of interface {interface}, return 0...")
/root/Triton-distributed/python/triton_dist/kernels/nvidia/comm_perf_model.py:78: UserWarning: can not get max bandwidth of interface bonding_masters, return 0...
  warnings.warn(f"can not get max bandwidth of interface {interface}, return 0...")
/root/Triton-distributed/python/triton_dist/kernels/nvidia/comm_perf_model.py:78: UserWarning: can not get max bandwidth of interface bonding_masters, return 0...
  warnings.warn(f"can not get max bandwidth of interface {interface}, return 0...")
/root/Triton-distributed/python/triton_dist/kernels/nvidia/comm_perf_model.py:78: UserWarning: can not get max bandwidth of interface bonding_masters, return 0...
  warnings.warn(f"can not get max bandwidth of interface {interface}, return 0...")
[search][coarse] candidate 122/128: max_total=5.3300 ms, mean_total=5.3275 ms, speedup_mean=1.0400, speedup_min=1.0400, overlap_mean=33.79%, lead_ratio=2.000 | chunk=512, window=4, stage=4, steady_sms=6, tail_sms=12, lanes=2, bands=2, frontier=2
[custom] test shape: M 8192, N 29568, K 8192
✅ all close!
✅ all close!
✅ all close!
✅ all close!
Rank 0 [custom] latency (ms): torch_total=5.55, torch_gemm_only=3.75, torch_rs_only=2.08, v2_total=5.37, v2_gemm_only=4.95, v2_rs_only=3.08, v2_internal_overlap=33.20%, v2_speedup_vs_torch=1.03, v2_speedup_vs_old=nan, chunk_rows=512, num_chunks=4, active_chunk_window=4, stage_slots=4, comm_lanes=1, n_bands=2, frontier_chunks=2
Rank 1 [custom] latency (ms): torch_total=5.54, torch_gemm_only=3.73, torch_rs_only=2.09, v2_total=5.50, v2_gemm_only=5.06, v2_rs_only=3.03, v2_internal_overlap=32.06%, v2_speedup_vs_torch=1.01, v2_speedup_vs_old=nan, chunk_rows=512, num_chunks=4, active_chunk_window=4, stage_slots=4, comm_lanes=1, n_bands=2, frontier_chunks=2
Rank 2 [custom] latency (ms): torch_total=5.55, torch_gemm_only=3.74, torch_rs_only=2.08, v2_total=5.34, v2_gemm_only=4.92, v2_rs_only=3.04, v2_internal_overlap=32.88%, v2_speedup_vs_torch=1.04, v2_speedup_vs_old=nan, chunk_rows=512, num_chunks=4, active_chunk_window=4, stage_slots=4, comm_lanes=1, n_bands=2, frontier_chunks=2
Rank 3 [custom] latency (ms): torch_total=5.56, torch_gemm_only=3.79, torch_rs_only=2.06, v2_total=5.35, v2_gemm_only=5.01, v2_rs_only=3.07, v2_internal_overlap=33.86%, v2_speedup_vs_torch=1.04, v2_speedup_vs_old=nan, chunk_rows=512, num_chunks=4, active_chunk_window=4, stage_slots=4, comm_lanes=1, n_bands=2, frontier_chunks=2
W0828 20:14:28.714000 23964 site-packages/torch/distributed/run.py:766] 
W0828 20:14:28.714000 23964 site-packages/torch/distributed/run.py:766] *****************************************
W0828 20:14:28.714000 23964 site-packages/torch/distributed/run.py:766] Setting OMP_NUM_THREADS environment variable for each process to be 1 in default, to avoid your system being overloaded, please further tune the variable for optimal performance in your application as needed. 
W0828 20:14:28.714000 23964 site-packages/torch/distributed/run.py:766] *****************************************
<frozen importlib._bootstrap_external>:1301: FutureWarning: The cuda.cuda module is deprecated and will be removed in a future release, please switch to use the cuda.bindings.driver module instead.
<frozen importlib._bootstrap_external>:1301: FutureWarning: The cuda.cudart module is deprecated and will be removed in a future release, please switch to use the cuda.bindings.runtime module instead.
<frozen importlib._bootstrap_external>:1301: FutureWarning: The cuda.cuda module is deprecated and will be removed in a future release, please switch to use the cuda.bindings.driver module instead.
<frozen importlib._bootstrap_external>:1301: FutureWarning: The cuda.cudart module is deprecated and will be removed in a future release, please switch to use the cuda.bindings.runtime module instead.
<frozen importlib._bootstrap_external>:1301: FutureWarning: The cuda.cuda module is deprecated and will be removed in a future release, please switch to use the cuda.bindings.driver module instead.
<frozen importlib._bootstrap_external>:1301: FutureWarning: The cuda.cudart module is deprecated and will be removed in a future release, please switch to use the cuda.bindings.runtime module instead.
<frozen importlib._bootstrap_external>:1301: FutureWarning: The cuda.cuda module is deprecated and will be removed in a future release, please switch to use the cuda.bindings.driver module instead.
<frozen importlib._bootstrap_external>:1301: FutureWarning: The cuda.cudart module is deprecated and will be removed in a future release, please switch to use the cuda.bindings.runtime module instead.
/root/Triton-distributed/python/triton_dist/kernels/nvidia/comm_perf_model.py:78: UserWarning: can not get max bandwidth of interface bonding_masters, return 0...
  warnings.warn(f"can not get max bandwidth of interface {interface}, return 0...")
/root/Triton-distributed/python/triton_dist/kernels/nvidia/comm_perf_model.py:78: UserWarning: can not get max bandwidth of interface bonding_masters, return 0...
  warnings.warn(f"can not get max bandwidth of interface {interface}, return 0...")
/root/Triton-distributed/python/triton_dist/kernels/nvidia/comm_perf_model.py:78: UserWarning: can not get max bandwidth of interface bonding_masters, return 0...
  warnings.warn(f"can not get max bandwidth of interface {interface}, return 0...")
/root/Triton-distributed/python/triton_dist/kernels/nvidia/comm_perf_model.py:78: UserWarning: can not get max bandwidth of interface bonding_masters, return 0...
  warnings.warn(f"can not get max bandwidth of interface {interface}, return 0...")
[search][coarse] candidate 123/128: max_total=5.5000 ms, mean_total=5.3900 ms, speedup_mean=1.0300, speedup_min=1.0100, overlap_mean=33.00%, lead_ratio=2.000 | chunk=512, window=4, stage=4, steady_sms=6, tail_sms=16, lanes=1, bands=2, frontier=2
[custom] test shape: M 8192, N 29568, K 8192
✅ all close!
✅ all close!
✅ all close!
✅ all close!
Rank 0 [custom] latency (ms): torch_total=5.56, torch_gemm_only=3.74, torch_rs_only=2.10, v2_total=5.31, v2_gemm_only=5.00, v2_rs_only=3.15, v2_internal_overlap=34.88%, v2_speedup_vs_torch=1.05, v2_speedup_vs_old=nan, chunk_rows=512, num_chunks=4, active_chunk_window=4, stage_slots=4, comm_lanes=2, n_bands=2, frontier_chunks=2
Rank 1 [custom] latency (ms): torch_total=5.56, torch_gemm_only=3.75, torch_rs_only=2.09, v2_total=5.33, v2_gemm_only=4.95, v2_rs_only=3.16, v2_internal_overlap=34.28%, v2_speedup_vs_torch=1.04, v2_speedup_vs_old=nan, chunk_rows=512, num_chunks=4, active_chunk_window=4, stage_slots=4, comm_lanes=2, n_bands=2, frontier_chunks=2
Rank 2 [custom] latency (ms): torch_total=5.55, torch_gemm_only=3.74, torch_rs_only=2.11, v2_total=5.30, v2_gemm_only=4.90, v2_rs_only=3.12, v2_internal_overlap=33.88%, v2_speedup_vs_torch=1.05, v2_speedup_vs_old=nan, chunk_rows=512, num_chunks=4, active_chunk_window=4, stage_slots=4, comm_lanes=2, n_bands=2, frontier_chunks=2
Rank 3 [custom] latency (ms): torch_total=5.57, torch_gemm_only=3.76, torch_rs_only=2.11, v2_total=5.30, v2_gemm_only=4.99, v2_rs_only=3.10, v2_internal_overlap=34.42%, v2_speedup_vs_torch=1.05, v2_speedup_vs_old=nan, chunk_rows=512, num_chunks=4, active_chunk_window=4, stage_slots=4, comm_lanes=2, n_bands=2, frontier_chunks=2
W0828 20:14:39.531000 24615 site-packages/torch/distributed/run.py:766] 
W0828 20:14:39.531000 24615 site-packages/torch/distributed/run.py:766] *****************************************
W0828 20:14:39.531000 24615 site-packages/torch/distributed/run.py:766] Setting OMP_NUM_THREADS environment variable for each process to be 1 in default, to avoid your system being overloaded, please further tune the variable for optimal performance in your application as needed. 
W0828 20:14:39.531000 24615 site-packages/torch/distributed/run.py:766] *****************************************
<frozen importlib._bootstrap_external>:1301: FutureWarning: The cuda.cuda module is deprecated and will be removed in a future release, please switch to use the cuda.bindings.driver module instead.
<frozen importlib._bootstrap_external>:1301: FutureWarning: The cuda.cudart module is deprecated and will be removed in a future release, please switch to use the cuda.bindings.runtime module instead.
<frozen importlib._bootstrap_external>:1301: FutureWarning: The cuda.cuda module is deprecated and will be removed in a future release, please switch to use the cuda.bindings.driver module instead.
<frozen importlib._bootstrap_external>:1301: FutureWarning: The cuda.cudart module is deprecated and will be removed in a future release, please switch to use the cuda.bindings.runtime module instead.
<frozen importlib._bootstrap_external>:1301: FutureWarning: The cuda.cuda module is deprecated and will be removed in a future release, please switch to use the cuda.bindings.driver module instead.
<frozen importlib._bootstrap_external>:1301: FutureWarning: The cuda.cudart module is deprecated and will be removed in a future release, please switch to use the cuda.bindings.runtime module instead.
<frozen importlib._bootstrap_external>:1301: FutureWarning: The cuda.cuda module is deprecated and will be removed in a future release, please switch to use the cuda.bindings.driver module instead.
<frozen importlib._bootstrap_external>:1301: FutureWarning: The cuda.cudart module is deprecated and will be removed in a future release, please switch to use the cuda.bindings.runtime module instead.
/root/Triton-distributed/python/triton_dist/kernels/nvidia/comm_perf_model.py:78: UserWarning: can not get max bandwidth of interface bonding_masters, return 0...
  warnings.warn(f"can not get max bandwidth of interface {interface}, return 0...")
/root/Triton-distributed/python/triton_dist/kernels/nvidia/comm_perf_model.py:78: UserWarning: can not get max bandwidth of interface bonding_masters, return 0...
  warnings.warn(f"can not get max bandwidth of interface {interface}, return 0...")
/root/Triton-distributed/python/triton_dist/kernels/nvidia/comm_perf_model.py:78: UserWarning: can not get max bandwidth of interface bonding_masters, return 0...
  warnings.warn(f"can not get max bandwidth of interface {interface}, return 0...")
/root/Triton-distributed/python/triton_dist/kernels/nvidia/comm_perf_model.py:78: UserWarning: can not get max bandwidth of interface bonding_masters, return 0...
  warnings.warn(f"can not get max bandwidth of interface {interface}, return 0...")
[search][coarse] candidate 124/128: max_total=5.3300 ms, mean_total=5.3100 ms, speedup_mean=1.0475, speedup_min=1.0400, overlap_mean=34.37%, lead_ratio=2.000 | chunk=512, window=4, stage=4, steady_sms=6, tail_sms=16, lanes=2, bands=2, frontier=2
[custom] test shape: M 8192, N 29568, K 8192
✅ all close!
✅ all close!
✅ all close!
✅ all close!
Rank 0 [custom] latency (ms): torch_total=5.54, torch_gemm_only=3.76, torch_rs_only=2.08, v2_total=5.36, v2_gemm_only=4.89, v2_rs_only=3.34, v2_internal_overlap=34.87%, v2_speedup_vs_torch=1.03, v2_speedup_vs_old=nan, chunk_rows=512, num_chunks=4, active_chunk_window=4, stage_slots=4, comm_lanes=1, n_bands=2, frontier_chunks=2
Rank 1 [custom] latency (ms): torch_total=5.55, torch_gemm_only=3.74, torch_rs_only=2.07, v2_total=5.65, v2_gemm_only=5.22, v2_rs_only=3.37, v2_internal_overlap=34.29%, v2_speedup_vs_torch=0.98, v2_speedup_vs_old=nan, chunk_rows=512, num_chunks=4, active_chunk_window=4, stage_slots=4, comm_lanes=1, n_bands=2, frontier_chunks=2
Rank 2 [custom] latency (ms): torch_total=5.54, torch_gemm_only=3.74, torch_rs_only=2.07, v2_total=5.32, v2_gemm_only=4.92, v2_rs_only=3.27, v2_internal_overlap=35.00%, v2_speedup_vs_torch=1.04, v2_speedup_vs_old=nan, chunk_rows=512, num_chunks=4, active_chunk_window=4, stage_slots=4, comm_lanes=1, n_bands=2, frontier_chunks=2
Rank 3 [custom] latency (ms): torch_total=5.57, torch_gemm_only=3.77, torch_rs_only=2.08, v2_total=5.33, v2_gemm_only=4.92, v2_rs_only=3.29, v2_internal_overlap=35.08%, v2_speedup_vs_torch=1.04, v2_speedup_vs_old=nan, chunk_rows=512, num_chunks=4, active_chunk_window=4, stage_slots=4, comm_lanes=1, n_bands=2, frontier_chunks=2
W0828 20:14:50.338000 25268 site-packages/torch/distributed/run.py:766] 
W0828 20:14:50.338000 25268 site-packages/torch/distributed/run.py:766] *****************************************
W0828 20:14:50.338000 25268 site-packages/torch/distributed/run.py:766] Setting OMP_NUM_THREADS environment variable for each process to be 1 in default, to avoid your system being overloaded, please further tune the variable for optimal performance in your application as needed. 
W0828 20:14:50.338000 25268 site-packages/torch/distributed/run.py:766] *****************************************
<frozen importlib._bootstrap_external>:1301: FutureWarning: The cuda.cuda module is deprecated and will be removed in a future release, please switch to use the cuda.bindings.driver module instead.
<frozen importlib._bootstrap_external>:1301: FutureWarning: The cuda.cudart module is deprecated and will be removed in a future release, please switch to use the cuda.bindings.runtime module instead.
<frozen importlib._bootstrap_external>:1301: FutureWarning: The cuda.cuda module is deprecated and will be removed in a future release, please switch to use the cuda.bindings.driver module instead.
<frozen importlib._bootstrap_external>:1301: FutureWarning: The cuda.cudart module is deprecated and will be removed in a future release, please switch to use the cuda.bindings.runtime module instead.
<frozen importlib._bootstrap_external>:1301: FutureWarning: The cuda.cuda module is deprecated and will be removed in a future release, please switch to use the cuda.bindings.driver module instead.
<frozen importlib._bootstrap_external>:1301: FutureWarning: The cuda.cudart module is deprecated and will be removed in a future release, please switch to use the cuda.bindings.runtime module instead.
<frozen importlib._bootstrap_external>:1301: FutureWarning: The cuda.cuda module is deprecated and will be removed in a future release, please switch to use the cuda.bindings.driver module instead.
<frozen importlib._bootstrap_external>:1301: FutureWarning: The cuda.cudart module is deprecated and will be removed in a future release, please switch to use the cuda.bindings.runtime module instead.
/root/Triton-distributed/python/triton_dist/kernels/nvidia/comm_perf_model.py:78: UserWarning: can not get max bandwidth of interface bonding_masters, return 0...
  warnings.warn(f"can not get max bandwidth of interface {interface}, return 0...")
/root/Triton-distributed/python/triton_dist/kernels/nvidia/comm_perf_model.py:78: UserWarning: can not get max bandwidth of interface bonding_masters, return 0...
  warnings.warn(f"can not get max bandwidth of interface {interface}, return 0...")
/root/Triton-distributed/python/triton_dist/kernels/nvidia/comm_perf_model.py:78: UserWarning: can not get max bandwidth of interface bonding_masters, return 0...
  warnings.warn(f"can not get max bandwidth of interface {interface}, return 0...")
/root/Triton-distributed/python/triton_dist/kernels/nvidia/comm_perf_model.py:78: UserWarning: can not get max bandwidth of interface bonding_masters, return 0...
  warnings.warn(f"can not get max bandwidth of interface {interface}, return 0...")
[search][coarse] candidate 125/128: max_total=5.6500 ms, mean_total=5.4150 ms, speedup_mean=1.0225, speedup_min=0.9800, overlap_mean=34.81%, lead_ratio=2.000 | chunk=512, window=4, stage=4, steady_sms=6, tail_sms=20, lanes=1, bands=2, frontier=2
[custom] test shape: M 8192, N 29568, K 8192
✅ all close!
✅ all close!
✅ all close!
✅ all close!
Rank 0 [custom] latency (ms): torch_total=5.56, torch_gemm_only=3.73, torch_rs_only=2.02, v2_total=5.33, v2_gemm_only=4.94, v2_rs_only=3.05, v2_internal_overlap=33.35%, v2_speedup_vs_torch=1.04, v2_speedup_vs_old=nan, chunk_rows=512, num_chunks=4, active_chunk_window=4, stage_slots=4, comm_lanes=2, n_bands=2, frontier_chunks=2
Rank 1 [custom] latency (ms): torch_total=5.54, torch_gemm_only=3.76, torch_rs_only=2.02, v2_total=5.33, v2_gemm_only=4.90, v2_rs_only=3.06, v2_internal_overlap=33.10%, v2_speedup_vs_torch=1.04, v2_speedup_vs_old=nan, chunk_rows=512, num_chunks=4, active_chunk_window=4, stage_slots=4, comm_lanes=2, n_bands=2, frontier_chunks=2
Rank 2 [custom] latency (ms): torch_total=5.55, torch_gemm_only=3.74, torch_rs_only=2.04, v2_total=5.35, v2_gemm_only=4.91, v2_rs_only=3.10, v2_internal_overlap=33.28%, v2_speedup_vs_torch=1.04, v2_speedup_vs_old=nan, chunk_rows=512, num_chunks=4, active_chunk_window=4, stage_slots=4, comm_lanes=2, n_bands=2, frontier_chunks=2
Rank 3 [custom] latency (ms): torch_total=5.57, torch_gemm_only=3.77, torch_rs_only=2.02, v2_total=5.33, v2_gemm_only=5.03, v2_rs_only=3.08, v2_internal_overlap=34.26%, v2_speedup_vs_torch=1.04, v2_speedup_vs_old=nan, chunk_rows=512, num_chunks=4, active_chunk_window=4, stage_slots=4, comm_lanes=2, n_bands=2, frontier_chunks=2
W0828 20:15:01.353000 25936 site-packages/torch/distributed/run.py:766] 
W0828 20:15:01.353000 25936 site-packages/torch/distributed/run.py:766] *****************************************
W0828 20:15:01.353000 25936 site-packages/torch/distributed/run.py:766] Setting OMP_NUM_THREADS environment variable for each process to be 1 in default, to avoid your system being overloaded, please further tune the variable for optimal performance in your application as needed. 
W0828 20:15:01.353000 25936 site-packages/torch/distributed/run.py:766] *****************************************
<frozen importlib._bootstrap_external>:1301: FutureWarning: The cuda.cuda module is deprecated and will be removed in a future release, please switch to use the cuda.bindings.driver module instead.
<frozen importlib._bootstrap_external>:1301: FutureWarning: The cuda.cudart module is deprecated and will be removed in a future release, please switch to use the cuda.bindings.runtime module instead.
<frozen importlib._bootstrap_external>:1301: FutureWarning: The cuda.cuda module is deprecated and will be removed in a future release, please switch to use the cuda.bindings.driver module instead.
<frozen importlib._bootstrap_external>:1301: FutureWarning: The cuda.cudart module is deprecated and will be removed in a future release, please switch to use the cuda.bindings.runtime module instead.
<frozen importlib._bootstrap_external>:1301: FutureWarning: The cuda.cuda module is deprecated and will be removed in a future release, please switch to use the cuda.bindings.driver module instead.
<frozen importlib._bootstrap_external>:1301: FutureWarning: The cuda.cudart module is deprecated and will be removed in a future release, please switch to use the cuda.bindings.runtime module instead.
<frozen importlib._bootstrap_external>:1301: FutureWarning: The cuda.cuda module is deprecated and will be removed in a future release, please switch to use the cuda.bindings.driver module instead.
<frozen importlib._bootstrap_external>:1301: FutureWarning: The cuda.cudart module is deprecated and will be removed in a future release, please switch to use the cuda.bindings.runtime module instead.
/root/Triton-distributed/python/triton_dist/kernels/nvidia/comm_perf_model.py:78: UserWarning: can not get max bandwidth of interface bonding_masters, return 0...
  warnings.warn(f"can not get max bandwidth of interface {interface}, return 0...")
/root/Triton-distributed/python/triton_dist/kernels/nvidia/comm_perf_model.py:78: UserWarning: can not get max bandwidth of interface bonding_masters, return 0...
  warnings.warn(f"can not get max bandwidth of interface {interface}, return 0...")
/root/Triton-distributed/python/triton_dist/kernels/nvidia/comm_perf_model.py:78: UserWarning: can not get max bandwidth of interface bonding_masters, return 0...
  warnings.warn(f"can not get max bandwidth of interface {interface}, return 0...")
/root/Triton-distributed/python/triton_dist/kernels/nvidia/comm_perf_model.py:78: UserWarning: can not get max bandwidth of interface bonding_masters, return 0...
  warnings.warn(f"can not get max bandwidth of interface {interface}, return 0...")
[search][coarse] candidate 126/128: max_total=5.3500 ms, mean_total=5.3350 ms, speedup_mean=1.0400, speedup_min=1.0400, overlap_mean=33.50%, lead_ratio=2.000 | chunk=512, window=4, stage=4, steady_sms=6, tail_sms=20, lanes=2, bands=2, frontier=2
[custom] test shape: M 8192, N 29568, K 8192
✅ all close!
✅ all close!
✅ all close!
✅ all close!
Rank 0 [custom] latency (ms): torch_total=5.57, torch_gemm_only=3.75, torch_rs_only=2.11, v2_total=5.86, v2_gemm_only=5.46, v2_rs_only=3.19, v2_internal_overlap=32.23%, v2_speedup_vs_torch=0.95, v2_speedup_vs_old=nan, chunk_rows=512, num_chunks=4, active_chunk_window=4, stage_slots=4, comm_lanes=1, n_bands=2, frontier_chunks=2
Rank 1 [custom] latency (ms): torch_total=5.56, torch_gemm_only=3.74, torch_rs_only=2.12, v2_total=5.37, v2_gemm_only=4.90, v2_rs_only=3.24, v2_internal_overlap=34.07%, v2_speedup_vs_torch=1.03, v2_speedup_vs_old=nan, chunk_rows=512, num_chunks=4, active_chunk_window=4, stage_slots=4, comm_lanes=1, n_bands=2, frontier_chunks=2
Rank 2 [custom] latency (ms): torch_total=5.56, torch_gemm_only=3.73, torch_rs_only=2.10, v2_total=5.39, v2_gemm_only=4.91, v2_rs_only=3.18, v2_internal_overlap=33.40%, v2_speedup_vs_torch=1.03, v2_speedup_vs_old=nan, chunk_rows=512, num_chunks=4, active_chunk_window=4, stage_slots=4, comm_lanes=1, n_bands=2, frontier_chunks=2
Rank 3 [custom] latency (ms): torch_total=5.57, torch_gemm_only=3.77, torch_rs_only=2.11, v2_total=5.45, v2_gemm_only=4.91, v2_rs_only=3.14, v2_internal_overlap=32.27%, v2_speedup_vs_torch=1.02, v2_speedup_vs_old=nan, chunk_rows=512, num_chunks=4, active_chunk_window=4, stage_slots=4, comm_lanes=1, n_bands=2, frontier_chunks=2
W0828 20:15:12.237000 26592 site-packages/torch/distributed/run.py:766] 
W0828 20:15:12.237000 26592 site-packages/torch/distributed/run.py:766] *****************************************
W0828 20:15:12.237000 26592 site-packages/torch/distributed/run.py:766] Setting OMP_NUM_THREADS environment variable for each process to be 1 in default, to avoid your system being overloaded, please further tune the variable for optimal performance in your application as needed. 
W0828 20:15:12.237000 26592 site-packages/torch/distributed/run.py:766] *****************************************
<frozen importlib._bootstrap_external>:1301: FutureWarning: The cuda.cuda module is deprecated and will be removed in a future release, please switch to use the cuda.bindings.driver module instead.
<frozen importlib._bootstrap_external>:1301: FutureWarning: The cuda.cudart module is deprecated and will be removed in a future release, please switch to use the cuda.bindings.runtime module instead.
<frozen importlib._bootstrap_external>:1301: FutureWarning: The cuda.cuda module is deprecated and will be removed in a future release, please switch to use the cuda.bindings.driver module instead.
<frozen importlib._bootstrap_external>:1301: FutureWarning: The cuda.cudart module is deprecated and will be removed in a future release, please switch to use the cuda.bindings.runtime module instead.
<frozen importlib._bootstrap_external>:1301: FutureWarning: The cuda.cuda module is deprecated and will be removed in a future release, please switch to use the cuda.bindings.driver module instead.
<frozen importlib._bootstrap_external>:1301: FutureWarning: The cuda.cudart module is deprecated and will be removed in a future release, please switch to use the cuda.bindings.runtime module instead.
<frozen importlib._bootstrap_external>:1301: FutureWarning: The cuda.cuda module is deprecated and will be removed in a future release, please switch to use the cuda.bindings.driver module instead.
<frozen importlib._bootstrap_external>:1301: FutureWarning: The cuda.cudart module is deprecated and will be removed in a future release, please switch to use the cuda.bindings.runtime module instead.
/root/Triton-distributed/python/triton_dist/kernels/nvidia/comm_perf_model.py:78: UserWarning: can not get max bandwidth of interface bonding_masters, return 0...
  warnings.warn(f"can not get max bandwidth of interface {interface}, return 0...")
/root/Triton-distributed/python/triton_dist/kernels/nvidia/comm_perf_model.py:78: UserWarning: can not get max bandwidth of interface bonding_masters, return 0...
  warnings.warn(f"can not get max bandwidth of interface {interface}, return 0...")
/root/Triton-distributed/python/triton_dist/kernels/nvidia/comm_perf_model.py:78: UserWarning: can not get max bandwidth of interface bonding_masters, return 0...
  warnings.warn(f"can not get max bandwidth of interface {interface}, return 0...")
/root/Triton-distributed/python/triton_dist/kernels/nvidia/comm_perf_model.py:78: UserWarning: can not get max bandwidth of interface bonding_masters, return 0...
  warnings.warn(f"can not get max bandwidth of interface {interface}, return 0...")
[search][coarse] candidate 127/128: max_total=5.8600 ms, mean_total=5.5175 ms, speedup_mean=1.0075, speedup_min=0.9500, overlap_mean=32.99%, lead_ratio=2.000 | chunk=512, window=4, stage=4, steady_sms=6, tail_sms=24, lanes=1, bands=2, frontier=2
[custom] test shape: M 8192, N 29568, K 8192
✅ all close!
✅ all close!
✅ all close!
✅ all close!
Rank 0 [custom] latency (ms): torch_total=5.58, torch_gemm_only=3.75, torch_rs_only=2.05, v2_total=5.36, v2_gemm_only=4.94, v2_rs_only=3.13, v2_internal_overlap=33.58%, v2_speedup_vs_torch=1.04, v2_speedup_vs_old=nan, chunk_rows=512, num_chunks=4, active_chunk_window=4, stage_slots=4, comm_lanes=2, n_bands=2, frontier_chunks=2
Rank 1 [custom] latency (ms): torch_total=5.57, torch_gemm_only=3.75, torch_rs_only=2.06, v2_total=5.34, v2_gemm_only=4.90, v2_rs_only=3.13, v2_internal_overlap=33.56%, v2_speedup_vs_torch=1.04, v2_speedup_vs_old=nan, chunk_rows=512, num_chunks=4, active_chunk_window=4, stage_slots=4, comm_lanes=2, n_bands=2, frontier_chunks=2
Rank 2 [custom] latency (ms): torch_total=5.55, torch_gemm_only=3.73, torch_rs_only=2.04, v2_total=5.33, v2_gemm_only=4.91, v2_rs_only=3.11, v2_internal_overlap=33.55%, v2_speedup_vs_torch=1.04, v2_speedup_vs_old=nan, chunk_rows=512, num_chunks=4, active_chunk_window=4, stage_slots=4, comm_lanes=2, n_bands=2, frontier_chunks=2
Rank 3 [custom] latency (ms): torch_total=5.58, torch_gemm_only=3.79, torch_rs_only=2.03, v2_total=5.32, v2_gemm_only=5.01, v2_rs_only=3.14, v2_internal_overlap=34.70%, v2_speedup_vs_torch=1.05, v2_speedup_vs_old=nan, chunk_rows=512, num_chunks=4, active_chunk_window=4, stage_slots=4, comm_lanes=2, n_bands=2, frontier_chunks=2
W0828 20:15:23.036000 27243 site-packages/torch/distributed/run.py:766] 
W0828 20:15:23.036000 27243 site-packages/torch/distributed/run.py:766] *****************************************
W0828 20:15:23.036000 27243 site-packages/torch/distributed/run.py:766] Setting OMP_NUM_THREADS environment variable for each process to be 1 in default, to avoid your system being overloaded, please further tune the variable for optimal performance in your application as needed. 
W0828 20:15:23.036000 27243 site-packages/torch/distributed/run.py:766] *****************************************
<frozen importlib._bootstrap_external>:1301: FutureWarning: The cuda.cuda module is deprecated and will be removed in a future release, please switch to use the cuda.bindings.driver module instead.
<frozen importlib._bootstrap_external>:1301: FutureWarning: The cuda.cudart module is deprecated and will be removed in a future release, please switch to use the cuda.bindings.runtime module instead.
<frozen importlib._bootstrap_external>:1301: FutureWarning: The cuda.cuda module is deprecated and will be removed in a future release, please switch to use the cuda.bindings.driver module instead.
<frozen importlib._bootstrap_external>:1301: FutureWarning: The cuda.cudart module is deprecated and will be removed in a future release, please switch to use the cuda.bindings.runtime module instead.
<frozen importlib._bootstrap_external>:1301: FutureWarning: The cuda.cuda module is deprecated and will be removed in a future release, please switch to use the cuda.bindings.driver module instead.
<frozen importlib._bootstrap_external>:1301: FutureWarning: The cuda.cuda module is deprecated and will be removed in a future release, please switch to use the cuda.bindings.driver module instead.
<frozen importlib._bootstrap_external>:1301: FutureWarning: The cuda.cudart module is deprecated and will be removed in a future release, please switch to use the cuda.bindings.runtime module instead.
<frozen importlib._bootstrap_external>:1301: FutureWarning: The cuda.cudart module is deprecated and will be removed in a future release, please switch to use the cuda.bindings.runtime module instead.
/root/Triton-distributed/python/triton_dist/kernels/nvidia/comm_perf_model.py:78: UserWarning: can not get max bandwidth of interface bonding_masters, return 0...
  warnings.warn(f"can not get max bandwidth of interface {interface}, return 0...")
/root/Triton-distributed/python/triton_dist/kernels/nvidia/comm_perf_model.py:78: UserWarning: can not get max bandwidth of interface bonding_masters, return 0...
  warnings.warn(f"can not get max bandwidth of interface {interface}, return 0...")
/root/Triton-distributed/python/triton_dist/kernels/nvidia/comm_perf_model.py:78: UserWarning: can not get max bandwidth of interface bonding_masters, return 0...
  warnings.warn(f"can not get max bandwidth of interface {interface}, return 0...")
/root/Triton-distributed/python/triton_dist/kernels/nvidia/comm_perf_model.py:78: UserWarning: can not get max bandwidth of interface bonding_masters, return 0...
  warnings.warn(f"can not get max bandwidth of interface {interface}, return 0...")
[search][coarse] candidate 128/128: max_total=5.3600 ms, mean_total=5.3375 ms, speedup_mean=1.0425, speedup_min=1.0400, overlap_mean=33.85%, lead_ratio=2.000 | chunk=512, window=4, stage=4, steady_sms=6, tail_sms=24, lanes=2, bands=2, frontier=2
[search] Top Candidates
  #1: max_total=5.3300 ms, mean_total=5.3100 ms, speedup_mean=1.0475, speedup_min=1.0400, overlap_mean=34.37%, lead_ratio=2.000 | chunk=512, window=4, stage=4, steady_sms=6, tail_sms=16, lanes=2, bands=2, frontier=2
  #2: max_total=5.3300 ms, mean_total=5.3275 ms, speedup_mean=1.0400, speedup_min=1.0400, overlap_mean=33.79%, lead_ratio=2.000 | chunk=512, window=4, stage=4, steady_sms=6, tail_sms=12, lanes=2, bands=2, frontier=2
  #3: max_total=5.3500 ms, mean_total=5.3350 ms, speedup_mean=1.0400, speedup_min=1.0400, overlap_mean=32.54%, lead_ratio=2.000 | chunk=512, window=4, stage=4, steady_sms=6, tail_sms=24, lanes=2, bands=2, frontier=1
  #4: max_total=5.3500 ms, mean_total=5.3350 ms, speedup_mean=1.0400, speedup_min=1.0400, overlap_mean=33.50%, lead_ratio=2.000 | chunk=512, window=4, stage=4, steady_sms=6, tail_sms=20, lanes=2, bands=2, frontier=2
[search] best command:
torchrun --nproc_per_node 4 /root/Triton-distributed/python/triton_dist/benchmark/bench_3rdv5_frontier_windowed_panel_gemmrs.py --M 8192 --N 29568 --K 8192 --mode v2 --iters 10 --warmup_iters 5 --dtype bfloat16 --target_chunks_per_rank 2 --min_chunk_rows 512 --tail_chunk_window 1 --chunk_rows 512 --active_chunk_window 4 --stage_slots 4 --steady_sms 6 --tail_sms 16 --comm_lanes 2 --n_bands 2 --frontier_chunks 2 --profile_target v2 --no-autotune --trans_b --local_seed_direct
[search] verifying top candidate #1: chunk=512, window=4, stage=4, steady_sms=6, tail_sms=16, lanes=2, bands=2, frontier=2
[custom] test shape: M 8192, N 29568, K 8192
✅ all close!
✅ all close!
✅ all close!
✅ all close!
W0828 20:15:34.098000 27895 site-packages/torch/distributed/run.py:766] 
W0828 20:15:34.098000 27895 site-packages/torch/distributed/run.py:766] *****************************************
W0828 20:15:34.098000 27895 site-packages/torch/distributed/run.py:766] Setting OMP_NUM_THREADS environment variable for each process to be 1 in default, to avoid your system being overloaded, please further tune the variable for optimal performance in your application as needed. 
W0828 20:15:34.098000 27895 site-packages/torch/distributed/run.py:766] *****************************************
<frozen importlib._bootstrap_external>:1301: FutureWarning: The cuda.cuda module is deprecated and will be removed in a future release, please switch to use the cuda.bindings.driver module instead.
<frozen importlib._bootstrap_external>:1301: FutureWarning: The cuda.cudart module is deprecated and will be removed in a future release, please switch to use the cuda.bindings.runtime module instead.
<frozen importlib._bootstrap_external>:1301: FutureWarning: The cuda.cuda module is deprecated and will be removed in a future release, please switch to use the cuda.bindings.driver module instead.
<frozen importlib._bootstrap_external>:1301: FutureWarning: The cuda.cudart module is deprecated and will be removed in a future release, please switch to use the cuda.bindings.runtime module instead.
<frozen importlib._bootstrap_external>:1301: FutureWarning: The cuda.cuda module is deprecated and will be removed in a future release, please switch to use the cuda.bindings.driver module instead.
<frozen importlib._bootstrap_external>:1301: FutureWarning: The cuda.cudart module is deprecated and will be removed in a future release, please switch to use the cuda.bindings.runtime module instead.
<frozen importlib._bootstrap_external>:1301: FutureWarning: The cuda.cuda module is deprecated and will be removed in a future release, please switch to use the cuda.bindings.driver module instead.
<frozen importlib._bootstrap_external>:1301: FutureWarning: The cuda.cudart module is deprecated and will be removed in a future release, please switch to use the cuda.bindings.runtime module instead.
/root/Triton-distributed/python/triton_dist/kernels/nvidia/comm_perf_model.py:78: UserWarning: can not get max bandwidth of interface bonding_masters, return 0...
  warnings.warn(f"can not get max bandwidth of interface {interface}, return 0...")
/root/Triton-distributed/python/triton_dist/kernels/nvidia/comm_perf_model.py:78: UserWarning: can not get max bandwidth of interface bonding_masters, return 0...
  warnings.warn(f"can not get max bandwidth of interface {interface}, return 0...")
/root/Triton-distributed/python/triton_dist/kernels/nvidia/comm_perf_model.py:78: UserWarning: can not get max bandwidth of interface bonding_masters, return 0...
  warnings.warn(f"can not get max bandwidth of interface {interface}, return 0...")
/root/Triton-distributed/python/triton_dist/kernels/nvidia/comm_perf_model.py:78: UserWarning: can not get max bandwidth of interface bonding_masters, return 0...
  warnings.warn(f"can not get max bandwidth of interface {interface}, return 0...")
W0828 20:17:02.797000 27895 site-packages/torch/distributed/elastic/agent/server/api.py:719] Received 15 death signal, shutting down workers
W0828 20:17:02.802000 27895 site-packages/torch/distributed/elastic/multiprocessing/api.py:900] Sending process 27977 closing signal SIGTERM
W0828 20:17:02.802000 27895 site-packages/torch/distributed/elastic/multiprocessing/api.py:900] Sending process 27978 closing signal SIGTERM
W0828 20:17:02.802000 27895 site-packages/torch/distributed/elastic/multiprocessing/api.py:900] Sending process 27979 closing signal SIGTERM
W0828 20:17:02.803000 27895 site-packages/torch/distributed/elastic/multiprocessing/api.py:900] Sending process 27980 closing signal SIGTERM
Traceback (most recent call last):
  File "/root/miniconda3/bin/torchrun", line 7, in <module>
    sys.exit(main())
             ^^^^^^
  File "/root/miniconda3/lib/python3.12/site-packages/torch/distributed/elastic/multiprocessing/errors/__init__.py", line 355, in wrapper
    return f(*args, **kwargs)
           ^^^^^^^^^^^^^^^^^^
  File "/root/miniconda3/lib/python3.12/site-packages/torch/distributed/run.py", line 892, in main
    run(args)
  File "/root/miniconda3/lib/python3.12/site-packages/torch/distributed/run.py", line 883, in run
    elastic_launch(
  File "/root/miniconda3/lib/python3.12/site-packages/torch/distributed/launcher/api.py", line 139, in __call__
    return launch_agent(self._config, self._entrypoint, list(args))
           ^^^^^^^^^^^^^^^^^^^^^^^^^^^^^^^^^^^^^^^^^^^^^^^^^^^^^^^^
  File "/root/miniconda3/lib/python3.12/site-packages/torch/distributed/launcher/api.py", line 261, in launch_agent
    result = agent.run()
             ^^^^^^^^^^^
  File "/root/miniconda3/lib/python3.12/site-packages/torch/distributed/elastic/metrics/api.py", line 138, in wrapper
    result = f(*args, **kwargs)
             ^^^^^^^^^^^^^^^^^^
  File "/root/miniconda3/lib/python3.12/site-packages/torch/distributed/elastic/agent/server/api.py", line 711, in run
    result = self._invoke_run(role)
             ^^^^^^^^^^^^^^^^^^^^^^
  File "/root/miniconda3/lib/python3.12/site-packages/torch/distributed/elastic/agent/server/api.py", line 870, in _invoke_run
    time.sleep(monitor_interval)
  File "/root/miniconda3/lib/python3.12/site-packages/torch/distributed/elastic/multiprocessing/api.py", line 84, in _terminate_process_handler
    raise SignalException(f"Process {os.getpid()} got signal: {sigval}", sigval=sigval)
torch.distributed.elastic.multiprocessing.api.SignalException: Process 27895 got signal: 15
[search] candidate timed out after 90.0s
[search] verify failed(rc=124): chunk=512, window=4, stage=4, steady_sms=6, tail_sms=16, lanes=2, bands=2, frontier=2
[search] verifying top candidate #2: chunk=512, window=4, stage=4, steady_sms=6, tail_sms=12, lanes=2, bands=2, frontier=2
[custom] test shape: M 8192, N 29568, K 8192
✅ all close!
✅ all close!
✅ all close!
✅ all close!
Rank 0 [custom] latency (ms): torch_total=5.56, torch_gemm_only=3.85, torch_rs_only=2.02, v2_total=5.75, v2_gemm_only=5.31, v2_rs_only=3.19, v2_internal_overlap=32.38%, v2_speedup_vs_torch=0.97, v2_speedup_vs_old=nan, chunk_rows=512, num_chunks=4, active_chunk_window=4, stage_slots=4, comm_lanes=2, n_bands=2, frontier_chunks=2
Rank 1 [custom] latency (ms): torch_total=5.55, torch_gemm_only=3.84, torch_rs_only=2.02, v2_total=5.39, v2_gemm_only=4.95, v2_rs_only=3.17, v2_internal_overlap=33.62%, v2_speedup_vs_torch=1.03, v2_speedup_vs_old=nan, chunk_rows=512, num_chunks=4, active_chunk_window=4, stage_slots=4, comm_lanes=2, n_bands=2, frontier_chunks=2
Rank 2 [custom] latency (ms): torch_total=5.56, torch_gemm_only=3.80, torch_rs_only=2.04, v2_total=5.37, v2_gemm_only=4.96, v2_rs_only=3.16, v2_internal_overlap=33.88%, v2_speedup_vs_torch=1.04, v2_speedup_vs_old=nan, chunk_rows=512, num_chunks=4, active_chunk_window=4, stage_slots=4, comm_lanes=2, n_bands=2, frontier_chunks=2
Rank 3 [custom] latency (ms): torch_total=5.58, torch_gemm_only=3.92, torch_rs_only=2.03, v2_total=5.46, v2_gemm_only=5.09, v2_rs_only=3.17, v2_internal_overlap=33.91%, v2_speedup_vs_torch=1.02, v2_speedup_vs_old=nan, chunk_rows=512, num_chunks=4, active_chunk_window=4, stage_slots=4, comm_lanes=2, n_bands=2, frontier_chunks=2
W0828 20:17:05.388000 28894 site-packages/torch/distributed/run.py:766] 
W0828 20:17:05.388000 28894 site-packages/torch/distributed/run.py:766] *****************************************
W0828 20:17:05.388000 28894 site-packages/torch/distributed/run.py:766] Setting OMP_NUM_THREADS environment variable for each process to be 1 in default, to avoid your system being overloaded, please further tune the variable for optimal performance in your application as needed. 
W0828 20:17:05.388000 28894 site-packages/torch/distributed/run.py:766] *****************************************
<frozen importlib._bootstrap_external>:1301: FutureWarning: The cuda.cuda module is deprecated and will be removed in a future release, please switch to use the cuda.bindings.driver module instead.
<frozen importlib._bootstrap_external>:1301: FutureWarning: The cuda.cudart module is deprecated and will be removed in a future release, please switch to use the cuda.bindings.runtime module instead.
<frozen importlib._bootstrap_external>:1301: FutureWarning: The cuda.cuda module is deprecated and will be removed in a future release, please switch to use the cuda.bindings.driver module instead.
<frozen importlib._bootstrap_external>:1301: FutureWarning: The cuda.cudart module is deprecated and will be removed in a future release, please switch to use the cuda.bindings.runtime module instead.
<frozen importlib._bootstrap_external>:1301: FutureWarning: The cuda.cuda module is deprecated and will be removed in a future release, please switch to use the cuda.bindings.driver module instead.
<frozen importlib._bootstrap_external>:1301: FutureWarning: The cuda.cudart module is deprecated and will be removed in a future release, please switch to use the cuda.bindings.runtime module instead.
<frozen importlib._bootstrap_external>:1301: FutureWarning: The cuda.cuda module is deprecated and will be removed in a future release, please switch to use the cuda.bindings.driver module instead.
<frozen importlib._bootstrap_external>:1301: FutureWarning: The cuda.cudart module is deprecated and will be removed in a future release, please switch to use the cuda.bindings.runtime module instead.
/root/Triton-distributed/python/triton_dist/kernels/nvidia/comm_perf_model.py:78: UserWarning: can not get max bandwidth of interface bonding_masters, return 0...
  warnings.warn(f"can not get max bandwidth of interface {interface}, return 0...")
/root/Triton-distributed/python/triton_dist/kernels/nvidia/comm_perf_model.py:78: UserWarning: can not get max bandwidth of interface bonding_masters, return 0...
  warnings.warn(f"can not get max bandwidth of interface {interface}, return 0...")
/root/Triton-distributed/python/triton_dist/kernels/nvidia/comm_perf_model.py:78: UserWarning: can not get max bandwidth of interface bonding_masters, return 0...
  warnings.warn(f"can not get max bandwidth of interface {interface}, return 0...")
/root/Triton-distributed/python/triton_dist/kernels/nvidia/comm_perf_model.py:78: UserWarning: can not get max bandwidth of interface bonding_masters, return 0...
  warnings.warn(f"can not get max bandwidth of interface {interface}, return 0...")
[search] verifying top candidate #3: chunk=512, window=4, stage=4, steady_sms=6, tail_sms=24, lanes=2, bands=2, frontier=1
[custom] test shape: M 8192, N 29568, K 8192
✅ all close!
✅ all close!
✅ all close!
✅ all close!
W0828 20:17:16.402000 30067 site-packages/torch/distributed/run.py:766] 
W0828 20:17:16.402000 30067 site-packages/torch/distributed/run.py:766] *****************************************
W0828 20:17:16.402000 30067 site-packages/torch/distributed/run.py:766] Setting OMP_NUM_THREADS environment variable for each process to be 1 in default, to avoid your system being overloaded, please further tune the variable for optimal performance in your application as needed. 
W0828 20:17:16.402000 30067 site-packages/torch/distributed/run.py:766] *****************************************
<frozen importlib._bootstrap_external>:1301: FutureWarning: The cuda.cuda module is deprecated and will be removed in a future release, please switch to use the cuda.bindings.driver module instead.
<frozen importlib._bootstrap_external>:1301: FutureWarning: The cuda.cudart module is deprecated and will be removed in a future release, please switch to use the cuda.bindings.runtime module instead.
<frozen importlib._bootstrap_external>:1301: FutureWarning: The cuda.cuda module is deprecated and will be removed in a future release, please switch to use the cuda.bindings.driver module instead.
<frozen importlib._bootstrap_external>:1301: FutureWarning: The cuda.cudart module is deprecated and will be removed in a future release, please switch to use the cuda.bindings.runtime module instead.
<frozen importlib._bootstrap_external>:1301: FutureWarning: The cuda.cuda module is deprecated and will be removed in a future release, please switch to use the cuda.bindings.driver module instead.
<frozen importlib._bootstrap_external>:1301: FutureWarning: The cuda.cudart module is deprecated and will be removed in a future release, please switch to use the cuda.bindings.runtime module instead.
<frozen importlib._bootstrap_external>:1301: FutureWarning: The cuda.cuda module is deprecated and will be removed in a future release, please switch to use the cuda.bindings.driver module instead.
<frozen importlib._bootstrap_external>:1301: FutureWarning: The cuda.cudart module is deprecated and will be removed in a future release, please switch to use the cuda.bindings.runtime module instead.
/root/Triton-distributed/python/triton_dist/kernels/nvidia/comm_perf_model.py:78: UserWarning: can not get max bandwidth of interface bonding_masters, return 0...
  warnings.warn(f"can not get max bandwidth of interface {interface}, return 0...")
/root/Triton-distributed/python/triton_dist/kernels/nvidia/comm_perf_model.py:78: UserWarning: can not get max bandwidth of interface bonding_masters, return 0...
  warnings.warn(f"can not get max bandwidth of interface {interface}, return 0...")
/root/Triton-distributed/python/triton_dist/kernels/nvidia/comm_perf_model.py:78: UserWarning: can not get max bandwidth of interface bonding_masters, return 0...
  warnings.warn(f"can not get max bandwidth of interface {interface}, return 0...")
/root/Triton-distributed/python/triton_dist/kernels/nvidia/comm_perf_model.py:78: UserWarning: can not get max bandwidth of interface bonding_masters, return 0...
  warnings.warn(f"can not get max bandwidth of interface {interface}, return 0...")
W0828 20:18:44.851000 30067 site-packages/torch/distributed/elastic/agent/server/api.py:719] Received 15 death signal, shutting down workers
W0828 20:18:44.854000 30067 site-packages/torch/distributed/elastic/multiprocessing/api.py:900] Sending process 30132 closing signal SIGTERM
W0828 20:18:44.855000 30067 site-packages/torch/distributed/elastic/multiprocessing/api.py:900] Sending process 30133 closing signal SIGTERM
W0828 20:18:44.856000 30067 site-packages/torch/distributed/elastic/multiprocessing/api.py:900] Sending process 30134 closing signal SIGTERM
W0828 20:18:44.856000 30067 site-packages/torch/distributed/elastic/multiprocessing/api.py:900] Sending process 30135 closing signal SIGTERM
Traceback (most recent call last):
  File "/root/miniconda3/bin/torchrun", line 7, in <module>
    sys.exit(main())
             ^^^^^^
  File "/root/miniconda3/lib/python3.12/site-packages/torch/distributed/elastic/multiprocessing/errors/__init__.py", line 355, in wrapper
    return f(*args, **kwargs)
           ^^^^^^^^^^^^^^^^^^
  File "/root/miniconda3/lib/python3.12/site-packages/torch/distributed/run.py", line 892, in main
    run(args)
  File "/root/miniconda3/lib/python3.12/site-packages/torch/distributed/run.py", line 883, in run
    elastic_launch(
  File "/root/miniconda3/lib/python3.12/site-packages/torch/distributed/launcher/api.py", line 139, in __call__
    return launch_agent(self._config, self._entrypoint, list(args))
           ^^^^^^^^^^^^^^^^^^^^^^^^^^^^^^^^^^^^^^^^^^^^^^^^^^^^^^^^
  File "/root/miniconda3/lib/python3.12/site-packages/torch/distributed/launcher/api.py", line 261, in launch_agent
    result = agent.run()
             ^^^^^^^^^^^
  File "/root/miniconda3/lib/python3.12/site-packages/torch/distributed/elastic/metrics/api.py", line 138, in wrapper
    result = f(*args, **kwargs)
             ^^^^^^^^^^^^^^^^^^
  File "/root/miniconda3/lib/python3.12/site-packages/torch/distributed/elastic/agent/server/api.py", line 711, in run
    result = self._invoke_run(role)
             ^^^^^^^^^^^^^^^^^^^^^^
  File "/root/miniconda3/lib/python3.12/site-packages/torch/distributed/elastic/agent/server/api.py", line 870, in _invoke_run
    time.sleep(monitor_interval)
  File "/root/miniconda3/lib/python3.12/site-packages/torch/distributed/elastic/multiprocessing/api.py", line 84, in _terminate_process_handler
    raise SignalException(f"Process {os.getpid()} got signal: {sigval}", sigval=sigval)
torch.distributed.elastic.multiprocessing.api.SignalException: Process 30067 got signal: 15
[search] candidate timed out after 90.0s
[search] verify failed(rc=124): chunk=512, window=4, stage=4, steady_sms=6, tail_sms=24, lanes=2, bands=2, frontier=1
[search] Verified Top Candidates
  #1: max_total=5.7500 ms, mean_total=5.4925 ms, speedup_mean=1.0150, speedup_min=0.9700, overlap_mean=33.45%, lead_ratio=2.000 | chunk=512, window=4, stage=4, steady_sms=6, tail_sms=12, lanes=2, bands=2, frontier=2

[search] ===== exhaustive retry r2 begin 2026-08-28T20:20:37+08:00 =====
[search] exhaustive search: 128 candidates for M=8192, N=29568, K=8192, nproc=4
[search] exhaustive checkpoint: 121/128 completed candidates <- /root/Triton-distributed/python/triton_dist/benchmark/search_compare_runs/20260828_space128_r1/exhaustive_checkpoint.csv
[search][coarse] resume: retain candidate 1/128
[search][coarse] resume: retain candidate 2/128
[search][coarse] resume: retain candidate 3/128
[search][coarse] resume: retain candidate 4/128
[search][coarse] resume: retain candidate 5/128
[search][coarse] resume: retain candidate 6/128
[search][coarse] resume: retain candidate 7/128
[search][coarse] resume: retain candidate 8/128
[search][coarse] resume: retain candidate 9/128
[search][coarse] resume: retain candidate 10/128
[custom] test shape: M 8192, N 29568, K 8192
✅ all close!
✅ all close!
✅ all close!
✅ all close!
Rank 0 [custom] latency (ms): torch_total=5.55, torch_gemm_only=3.74, torch_rs_only=2.08, v2_total=6.33, v2_gemm_only=4.83, v2_rs_only=2.79, v2_internal_overlap=16.83%, v2_speedup_vs_torch=0.88, v2_speedup_vs_old=nan, chunk_rows=512, num_chunks=4, active_chunk_window=4, stage_slots=2, comm_lanes=1, n_bands=1, frontier_chunks=1
Rank 1 [custom] latency (ms): torch_total=5.56, torch_gemm_only=3.75, torch_rs_only=2.07, v2_total=6.45, v2_gemm_only=4.83, v2_rs_only=2.81, v2_internal_overlap=15.59%, v2_speedup_vs_torch=0.86, v2_speedup_vs_old=nan, chunk_rows=512, num_chunks=4, active_chunk_window=4, stage_slots=2, comm_lanes=1, n_bands=1, frontier_chunks=1
Rank 2 [custom] latency (ms): torch_total=5.56, torch_gemm_only=3.74, torch_rs_only=2.06, v2_total=6.13, v2_gemm_only=4.83, v2_rs_only=2.88, v2_internal_overlap=20.42%, v2_speedup_vs_torch=0.91, v2_speedup_vs_old=nan, chunk_rows=512, num_chunks=4, active_chunk_window=4, stage_slots=2, comm_lanes=1, n_bands=1, frontier_chunks=1
Rank 3 [custom] latency (ms): torch_total=5.57, torch_gemm_only=3.79, torch_rs_only=2.10, v2_total=6.22, v2_gemm_only=4.87, v2_rs_only=2.88, v2_internal_overlap=19.71%, v2_speedup_vs_torch=0.89, v2_speedup_vs_old=nan, chunk_rows=512, num_chunks=4, active_chunk_window=4, stage_slots=2, comm_lanes=1, n_bands=1, frontier_chunks=1
W0828 20:20:39.219000 31117 site-packages/torch/distributed/run.py:766] 
W0828 20:20:39.219000 31117 site-packages/torch/distributed/run.py:766] *****************************************
W0828 20:20:39.219000 31117 site-packages/torch/distributed/run.py:766] Setting OMP_NUM_THREADS environment variable for each process to be 1 in default, to avoid your system being overloaded, please further tune the variable for optimal performance in your application as needed. 
W0828 20:20:39.219000 31117 site-packages/torch/distributed/run.py:766] *****************************************
<frozen importlib._bootstrap_external>:1301: FutureWarning: The cuda.cuda module is deprecated and will be removed in a future release, please switch to use the cuda.bindings.driver module instead.
<frozen importlib._bootstrap_external>:1301: FutureWarning: The cuda.cudart module is deprecated and will be removed in a future release, please switch to use the cuda.bindings.runtime module instead.
<frozen importlib._bootstrap_external>:1301: FutureWarning: The cuda.cuda module is deprecated and will be removed in a future release, please switch to use the cuda.bindings.driver module instead.
<frozen importlib._bootstrap_external>:1301: FutureWarning: The cuda.cudart module is deprecated and will be removed in a future release, please switch to use the cuda.bindings.runtime module instead.
<frozen importlib._bootstrap_external>:1301: FutureWarning: The cuda.cuda module is deprecated and will be removed in a future release, please switch to use the cuda.bindings.driver module instead.
<frozen importlib._bootstrap_external>:1301: FutureWarning: The cuda.cuda module is deprecated and will be removed in a future release, please switch to use the cuda.bindings.driver module instead.
<frozen importlib._bootstrap_external>:1301: FutureWarning: The cuda.cudart module is deprecated and will be removed in a future release, please switch to use the cuda.bindings.runtime module instead.
<frozen importlib._bootstrap_external>:1301: FutureWarning: The cuda.cudart module is deprecated and will be removed in a future release, please switch to use the cuda.bindings.runtime module instead.
/root/Triton-distributed/python/triton_dist/kernels/nvidia/comm_perf_model.py:78: UserWarning: can not get max bandwidth of interface bonding_masters, return 0...
  warnings.warn(f"can not get max bandwidth of interface {interface}, return 0...")
/root/Triton-distributed/python/triton_dist/kernels/nvidia/comm_perf_model.py:78: UserWarning: can not get max bandwidth of interface bonding_masters, return 0...
  warnings.warn(f"can not get max bandwidth of interface {interface}, return 0...")
/root/Triton-distributed/python/triton_dist/kernels/nvidia/comm_perf_model.py:78: UserWarning: can not get max bandwidth of interface bonding_masters, return 0...
  warnings.warn(f"can not get max bandwidth of interface {interface}, return 0...")
/root/Triton-distributed/python/triton_dist/kernels/nvidia/comm_perf_model.py:78: UserWarning: can not get max bandwidth of interface bonding_masters, return 0...
  warnings.warn(f"can not get max bandwidth of interface {interface}, return 0...")
[search][coarse] candidate 11/128: max_total=6.4500 ms, mean_total=6.2825 ms, speedup_mean=0.8850, speedup_min=0.8600, overlap_mean=18.14%, lead_ratio=2.000 | chunk=512, window=4, stage=2, steady_sms=6, tail_sms=16, lanes=1, bands=1, frontier=1
[search][coarse] resume: retain candidate 12/128
[search][coarse] resume: retain candidate 13/128
[search][coarse] resume: retain candidate 14/128
[search][coarse] resume: retain candidate 15/128
[search][coarse] resume: retain candidate 16/128
[search][coarse] resume: retain candidate 17/128
[search][coarse] resume: retain candidate 18/128
[search][coarse] resume: retain candidate 19/128
[search][coarse] resume: retain candidate 20/128
[search][coarse] resume: retain candidate 21/128
[search][coarse] resume: retain candidate 22/128
[search][coarse] resume: retain candidate 23/128
[search][coarse] resume: retain candidate 24/128
[search][coarse] resume: retain candidate 25/128
[search][coarse] resume: retain candidate 26/128
[search][coarse] resume: retain candidate 27/128
[search][coarse] resume: retain candidate 28/128
[custom] test shape: M 8192, N 29568, K 8192
✅ all close!
✅ all close!
✅ all close!
✅ all close!
Rank 0 [custom] latency (ms): torch_total=5.58, torch_gemm_only=3.73, torch_rs_only=2.06, v2_total=6.23, v2_gemm_only=4.85, v2_rs_only=2.95, v2_internal_overlap=20.08%, v2_speedup_vs_torch=0.89, v2_speedup_vs_old=nan, chunk_rows=512, num_chunks=4, active_chunk_window=4, stage_slots=4, comm_lanes=1, n_bands=1, frontier_chunks=1
Rank 1 [custom] latency (ms): torch_total=5.55, torch_gemm_only=3.74, torch_rs_only=2.05, v2_total=6.31, v2_gemm_only=4.83, v2_rs_only=2.92, v2_internal_overlap=18.54%, v2_speedup_vs_torch=0.88, v2_speedup_vs_old=nan, chunk_rows=512, num_chunks=4, active_chunk_window=4, stage_slots=4, comm_lanes=1, n_bands=1, frontier_chunks=1
Rank 2 [custom] latency (ms): torch_total=5.56, torch_gemm_only=3.74, torch_rs_only=2.05, v2_total=6.02, v2_gemm_only=4.85, v2_rs_only=2.83, v2_internal_overlap=21.63%, v2_speedup_vs_torch=0.92, v2_speedup_vs_old=nan, chunk_rows=512, num_chunks=4, active_chunk_window=4, stage_slots=4, comm_lanes=1, n_bands=1, frontier_chunks=1
Rank 3 [custom] latency (ms): torch_total=5.57, torch_gemm_only=3.78, torch_rs_only=2.07, v2_total=6.06, v2_gemm_only=4.90, v2_rs_only=2.84, v2_internal_overlap=21.76%, v2_speedup_vs_torch=0.92, v2_speedup_vs_old=nan, chunk_rows=512, num_chunks=4, active_chunk_window=4, stage_slots=4, comm_lanes=1, n_bands=1, frontier_chunks=1
W0828 20:20:50.104000 31784 site-packages/torch/distributed/run.py:766] 
W0828 20:20:50.104000 31784 site-packages/torch/distributed/run.py:766] *****************************************
W0828 20:20:50.104000 31784 site-packages/torch/distributed/run.py:766] Setting OMP_NUM_THREADS environment variable for each process to be 1 in default, to avoid your system being overloaded, please further tune the variable for optimal performance in your application as needed. 
W0828 20:20:50.104000 31784 site-packages/torch/distributed/run.py:766] *****************************************
<frozen importlib._bootstrap_external>:1301: FutureWarning: The cuda.cuda module is deprecated and will be removed in a future release, please switch to use the cuda.bindings.driver module instead.
<frozen importlib._bootstrap_external>:1301: FutureWarning: The cuda.cudart module is deprecated and will be removed in a future release, please switch to use the cuda.bindings.runtime module instead.
<frozen importlib._bootstrap_external>:1301: FutureWarning: The cuda.cuda module is deprecated and will be removed in a future release, please switch to use the cuda.bindings.driver module instead.
<frozen importlib._bootstrap_external>:1301: FutureWarning: The cuda.cudart module is deprecated and will be removed in a future release, please switch to use the cuda.bindings.runtime module instead.
<frozen importlib._bootstrap_external>:1301: FutureWarning: The cuda.cuda module is deprecated and will be removed in a future release, please switch to use the cuda.bindings.driver module instead.
<frozen importlib._bootstrap_external>:1301: FutureWarning: The cuda.cudart module is deprecated and will be removed in a future release, please switch to use the cuda.bindings.runtime module instead.
<frozen importlib._bootstrap_external>:1301: FutureWarning: The cuda.cuda module is deprecated and will be removed in a future release, please switch to use the cuda.bindings.driver module instead.
<frozen importlib._bootstrap_external>:1301: FutureWarning: The cuda.cudart module is deprecated and will be removed in a future release, please switch to use the cuda.bindings.runtime module instead.
/root/Triton-distributed/python/triton_dist/kernels/nvidia/comm_perf_model.py:78: UserWarning: can not get max bandwidth of interface bonding_masters, return 0...
  warnings.warn(f"can not get max bandwidth of interface {interface}, return 0...")
/root/Triton-distributed/python/triton_dist/kernels/nvidia/comm_perf_model.py:78: UserWarning: can not get max bandwidth of interface bonding_masters, return 0...
  warnings.warn(f"can not get max bandwidth of interface {interface}, return 0...")
/root/Triton-distributed/python/triton_dist/kernels/nvidia/comm_perf_model.py:78: UserWarning: can not get max bandwidth of interface bonding_masters, return 0...
  warnings.warn(f"can not get max bandwidth of interface {interface}, return 0...")
/root/Triton-distributed/python/triton_dist/kernels/nvidia/comm_perf_model.py:78: UserWarning: can not get max bandwidth of interface bonding_masters, return 0...
  warnings.warn(f"can not get max bandwidth of interface {interface}, return 0...")
[search][coarse] candidate 29/128: max_total=6.3100 ms, mean_total=6.1550 ms, speedup_mean=0.9025, speedup_min=0.8800, overlap_mean=20.50%, lead_ratio=1.000 | chunk=512, window=4, stage=4, steady_sms=6, tail_sms=20, lanes=1, bands=1, frontier=1
[search][coarse] resume: retain candidate 30/128
[search][coarse] resume: retain candidate 31/128
[search][coarse] resume: retain candidate 32/128
[search][coarse] resume: retain candidate 33/128
[search][coarse] resume: retain candidate 34/128
[search][coarse] resume: retain candidate 35/128
[search][coarse] resume: retain candidate 36/128
[search][coarse] resume: retain candidate 37/128
[search][coarse] resume: retain candidate 38/128
[search][coarse] resume: retain candidate 39/128
[search][coarse] resume: retain candidate 40/128
[search][coarse] resume: retain candidate 41/128
[custom] test shape: M 8192, N 29568, K 8192
✅ all close!
✅ all close!
✅ all close!
✅ all close!
Rank 0 [custom] latency (ms): torch_total=5.57, torch_gemm_only=3.73, torch_rs_only=2.02, v2_total=6.33, v2_gemm_only=4.82, v2_rs_only=3.17, v2_internal_overlap=20.75%, v2_speedup_vs_torch=0.88, v2_speedup_vs_old=nan, chunk_rows=512, num_chunks=4, active_chunk_window=4, stage_slots=2, comm_lanes=2, n_bands=1, frontier_chunks=2
Rank 1 [custom] latency (ms): torch_total=5.55, torch_gemm_only=3.75, torch_rs_only=2.03, v2_total=6.47, v2_gemm_only=4.83, v2_rs_only=3.14, v2_internal_overlap=18.80%, v2_speedup_vs_torch=0.86, v2_speedup_vs_old=nan, chunk_rows=512, num_chunks=4, active_chunk_window=4, stage_slots=2, comm_lanes=2, n_bands=1, frontier_chunks=2
Rank 2 [custom] latency (ms): torch_total=5.55, torch_gemm_only=3.74, torch_rs_only=2.03, v2_total=6.19, v2_gemm_only=4.85, v2_rs_only=3.19, v2_internal_overlap=23.04%, v2_speedup_vs_torch=0.90, v2_speedup_vs_old=nan, chunk_rows=512, num_chunks=4, active_chunk_window=4, stage_slots=2, comm_lanes=2, n_bands=1, frontier_chunks=2
Rank 3 [custom] latency (ms): torch_total=5.58, torch_gemm_only=3.78, torch_rs_only=2.03, v2_total=6.26, v2_gemm_only=4.85, v2_rs_only=3.23, v2_internal_overlap=22.49%, v2_speedup_vs_torch=0.89, v2_speedup_vs_old=nan, chunk_rows=512, num_chunks=4, active_chunk_window=4, stage_slots=2, comm_lanes=2, n_bands=1, frontier_chunks=2
W0828 20:21:01.097000 32441 site-packages/torch/distributed/run.py:766] 
W0828 20:21:01.097000 32441 site-packages/torch/distributed/run.py:766] *****************************************
W0828 20:21:01.097000 32441 site-packages/torch/distributed/run.py:766] Setting OMP_NUM_THREADS environment variable for each process to be 1 in default, to avoid your system being overloaded, please further tune the variable for optimal performance in your application as needed. 
W0828 20:21:01.097000 32441 site-packages/torch/distributed/run.py:766] *****************************************
<frozen importlib._bootstrap_external>:1301: FutureWarning: The cuda.cuda module is deprecated and will be removed in a future release, please switch to use the cuda.bindings.driver module instead.
<frozen importlib._bootstrap_external>:1301: FutureWarning: The cuda.cudart module is deprecated and will be removed in a future release, please switch to use the cuda.bindings.runtime module instead.
<frozen importlib._bootstrap_external>:1301: FutureWarning: The cuda.cuda module is deprecated and will be removed in a future release, please switch to use the cuda.bindings.driver module instead.
<frozen importlib._bootstrap_external>:1301: FutureWarning: The cuda.cudart module is deprecated and will be removed in a future release, please switch to use the cuda.bindings.runtime module instead.
<frozen importlib._bootstrap_external>:1301: FutureWarning: The cuda.cuda module is deprecated and will be removed in a future release, please switch to use the cuda.bindings.driver module instead.
<frozen importlib._bootstrap_external>:1301: FutureWarning: The cuda.cudart module is deprecated and will be removed in a future release, please switch to use the cuda.bindings.runtime module instead.
<frozen importlib._bootstrap_external>:1301: FutureWarning: The cuda.cuda module is deprecated and will be removed in a future release, please switch to use the cuda.bindings.driver module instead.
<frozen importlib._bootstrap_external>:1301: FutureWarning: The cuda.cudart module is deprecated and will be removed in a future release, please switch to use the cuda.bindings.runtime module instead.
/root/Triton-distributed/python/triton_dist/kernels/nvidia/comm_perf_model.py:78: UserWarning: can not get max bandwidth of interface bonding_masters, return 0...
  warnings.warn(f"can not get max bandwidth of interface {interface}, return 0...")
/root/Triton-distributed/python/triton_dist/kernels/nvidia/comm_perf_model.py:78: UserWarning: can not get max bandwidth of interface bonding_masters, return 0...
  warnings.warn(f"can not get max bandwidth of interface {interface}, return 0...")
/root/Triton-distributed/python/triton_dist/kernels/nvidia/comm_perf_model.py:78: UserWarning: can not get max bandwidth of interface bonding_masters, return 0...
  warnings.warn(f"can not get max bandwidth of interface {interface}, return 0...")
/root/Triton-distributed/python/triton_dist/kernels/nvidia/comm_perf_model.py:78: UserWarning: can not get max bandwidth of interface bonding_masters, return 0...
  warnings.warn(f"can not get max bandwidth of interface {interface}, return 0...")
[search][coarse] candidate 42/128: max_total=6.4700 ms, mean_total=6.3125 ms, speedup_mean=0.8825, speedup_min=0.8600, overlap_mean=21.27%, lead_ratio=2.000 | chunk=512, window=4, stage=2, steady_sms=6, tail_sms=12, lanes=2, bands=1, frontier=2
[search][coarse] resume: retain candidate 43/128
[search][coarse] resume: retain candidate 44/128
[search][coarse] resume: retain candidate 45/128
[search][coarse] resume: retain candidate 46/128
[search][coarse] resume: retain candidate 47/128
[search][coarse] resume: retain candidate 48/128
[search][coarse] resume: retain candidate 49/128
[search][coarse] resume: retain candidate 50/128
[search][coarse] resume: retain candidate 51/128
[search][coarse] resume: retain candidate 52/128
[search][coarse] resume: retain candidate 53/128
[search][coarse] resume: retain candidate 54/128
[search][coarse] resume: retain candidate 55/128
[search][coarse] resume: retain candidate 56/128
[search][coarse] resume: retain candidate 57/128
[search][coarse] resume: retain candidate 58/128
[search][coarse] resume: retain candidate 59/128
[search][coarse] resume: retain candidate 60/128
[custom] test shape: M 8192, N 29568, K 8192
✅ all close!
✅ all close!
✅ all close!
✅ all close!
Rank 0 [custom] latency (ms): torch_total=5.62, torch_gemm_only=3.74, torch_rs_only=2.09, v2_total=6.09, v2_gemm_only=4.82, v2_rs_only=2.72, v2_internal_overlap=19.30%, v2_speedup_vs_torch=0.92, v2_speedup_vs_old=nan, chunk_rows=512, num_chunks=4, active_chunk_window=4, stage_slots=4, comm_lanes=1, n_bands=1, frontier_chunks=2
Rank 1 [custom] latency (ms): torch_total=5.59, torch_gemm_only=3.74, torch_rs_only=2.09, v2_total=6.23, v2_gemm_only=4.84, v2_rs_only=2.61, v2_internal_overlap=16.32%, v2_speedup_vs_torch=0.90, v2_speedup_vs_old=nan, chunk_rows=512, num_chunks=4, active_chunk_window=4, stage_slots=4, comm_lanes=1, n_bands=1, frontier_chunks=2
Rank 2 [custom] latency (ms): torch_total=5.59, torch_gemm_only=3.75, torch_rs_only=2.14, v2_total=6.05, v2_gemm_only=4.85, v2_rs_only=2.73, v2_internal_overlap=20.20%, v2_speedup_vs_torch=0.92, v2_speedup_vs_old=nan, chunk_rows=512, num_chunks=4, active_chunk_window=4, stage_slots=4, comm_lanes=1, n_bands=1, frontier_chunks=2
Rank 3 [custom] latency (ms): torch_total=5.61, torch_gemm_only=3.80, torch_rs_only=2.12, v2_total=5.97, v2_gemm_only=4.88, v2_rs_only=2.75, v2_internal_overlap=21.81%, v2_speedup_vs_torch=0.94, v2_speedup_vs_old=nan, chunk_rows=512, num_chunks=4, active_chunk_window=4, stage_slots=4, comm_lanes=1, n_bands=1, frontier_chunks=2
W0828 20:21:11.875000 33092 site-packages/torch/distributed/run.py:766] 
W0828 20:21:11.875000 33092 site-packages/torch/distributed/run.py:766] *****************************************
W0828 20:21:11.875000 33092 site-packages/torch/distributed/run.py:766] Setting OMP_NUM_THREADS environment variable for each process to be 1 in default, to avoid your system being overloaded, please further tune the variable for optimal performance in your application as needed. 
W0828 20:21:11.875000 33092 site-packages/torch/distributed/run.py:766] *****************************************
<frozen importlib._bootstrap_external>:1301: FutureWarning: The cuda.cuda module is deprecated and will be removed in a future release, please switch to use the cuda.bindings.driver module instead.
<frozen importlib._bootstrap_external>:1301: FutureWarning: The cuda.cudart module is deprecated and will be removed in a future release, please switch to use the cuda.bindings.runtime module instead.
<frozen importlib._bootstrap_external>:1301: FutureWarning: The cuda.cuda module is deprecated and will be removed in a future release, please switch to use the cuda.bindings.driver module instead.
<frozen importlib._bootstrap_external>:1301: FutureWarning: The cuda.cudart module is deprecated and will be removed in a future release, please switch to use the cuda.bindings.runtime module instead.
<frozen importlib._bootstrap_external>:1301: FutureWarning: The cuda.cuda module is deprecated and will be removed in a future release, please switch to use the cuda.bindings.driver module instead.
<frozen importlib._bootstrap_external>:1301: FutureWarning: The cuda.cudart module is deprecated and will be removed in a future release, please switch to use the cuda.bindings.runtime module instead.
<frozen importlib._bootstrap_external>:1301: FutureWarning: The cuda.cuda module is deprecated and will be removed in a future release, please switch to use the cuda.bindings.driver module instead.
<frozen importlib._bootstrap_external>:1301: FutureWarning: The cuda.cudart module is deprecated and will be removed in a future release, please switch to use the cuda.bindings.runtime module instead.
/root/Triton-distributed/python/triton_dist/kernels/nvidia/comm_perf_model.py:78: UserWarning: can not get max bandwidth of interface bonding_masters, return 0...
  warnings.warn(f"can not get max bandwidth of interface {interface}, return 0...")
/root/Triton-distributed/python/triton_dist/kernels/nvidia/comm_perf_model.py:78: UserWarning: can not get max bandwidth of interface bonding_masters, return 0...
  warnings.warn(f"can not get max bandwidth of interface {interface}, return 0...")
/root/Triton-distributed/python/triton_dist/kernels/nvidia/comm_perf_model.py:78: UserWarning: can not get max bandwidth of interface bonding_masters, return 0...
  warnings.warn(f"can not get max bandwidth of interface {interface}, return 0...")
/root/Triton-distributed/python/triton_dist/kernels/nvidia/comm_perf_model.py:78: UserWarning: can not get max bandwidth of interface bonding_masters, return 0...
  warnings.warn(f"can not get max bandwidth of interface {interface}, return 0...")
[search][coarse] candidate 61/128: max_total=6.2300 ms, mean_total=6.0850 ms, speedup_mean=0.9200, speedup_min=0.9000, overlap_mean=19.41%, lead_ratio=1.000 | chunk=512, window=4, stage=4, steady_sms=6, tail_sms=20, lanes=1, bands=1, frontier=2
[search][coarse] resume: retain candidate 62/128
[search][coarse] resume: retain candidate 63/128
[search][coarse] resume: retain candidate 64/128
[search][coarse] resume: retain candidate 65/128
[search][coarse] resume: retain candidate 66/128
[search][coarse] resume: retain candidate 67/128
[search][coarse] resume: retain candidate 68/128
[search][coarse] resume: retain candidate 69/128
[search][coarse] resume: retain candidate 70/128
[search][coarse] resume: retain candidate 71/128
[search][coarse] resume: retain candidate 72/128
[search][coarse] resume: retain candidate 73/128
[search][coarse] resume: retain candidate 74/128
[search][coarse] resume: retain candidate 75/128
[search][coarse] resume: retain candidate 76/128
[search][coarse] resume: retain candidate 77/128
[search][coarse] resume: retain candidate 78/128
[search][coarse] resume: retain candidate 79/128
[search][coarse] resume: retain candidate 80/128
[search][coarse] resume: retain candidate 81/128
[search][coarse] resume: retain candidate 82/128
[custom] test shape: M 8192, N 29568, K 8192
✅ all close!
✅ all close!
✅ all close!
✅ all close!
Rank 0 [custom] latency (ms): torch_total=5.57, torch_gemm_only=3.72, torch_rs_only=2.05, v2_total=6.60, v2_gemm_only=5.87, v2_rs_only=3.31, v2_internal_overlap=28.07%, v2_speedup_vs_torch=0.84, v2_speedup_vs_old=nan, chunk_rows=512, num_chunks=4, active_chunk_window=4, stage_slots=4, comm_lanes=1, n_bands=2, frontier_chunks=1
Rank 1 [custom] latency (ms): torch_total=5.57, torch_gemm_only=3.74, torch_rs_only=2.03, v2_total=6.33, v2_gemm_only=5.59, v2_rs_only=3.24, v2_internal_overlap=28.30%, v2_speedup_vs_torch=0.88, v2_speedup_vs_old=nan, chunk_rows=512, num_chunks=4, active_chunk_window=4, stage_slots=4, comm_lanes=1, n_bands=2, frontier_chunks=1
Rank 2 [custom] latency (ms): torch_total=5.58, torch_gemm_only=3.74, torch_rs_only=2.03, v2_total=5.85, v2_gemm_only=4.91, v2_rs_only=3.18, v2_internal_overlap=27.67%, v2_speedup_vs_torch=0.95, v2_speedup_vs_old=nan, chunk_rows=512, num_chunks=4, active_chunk_window=4, stage_slots=4, comm_lanes=1, n_bands=2, frontier_chunks=1
Rank 3 [custom] latency (ms): torch_total=5.58, torch_gemm_only=3.77, torch_rs_only=2.04, v2_total=5.86, v2_gemm_only=4.90, v2_rs_only=3.22, v2_internal_overlap=27.91%, v2_speedup_vs_torch=0.95, v2_speedup_vs_old=nan, chunk_rows=512, num_chunks=4, active_chunk_window=4, stage_slots=4, comm_lanes=1, n_bands=2, frontier_chunks=1
W0828 20:21:22.772000 33761 site-packages/torch/distributed/run.py:766] 
W0828 20:21:22.772000 33761 site-packages/torch/distributed/run.py:766] *****************************************
W0828 20:21:22.772000 33761 site-packages/torch/distributed/run.py:766] Setting OMP_NUM_THREADS environment variable for each process to be 1 in default, to avoid your system being overloaded, please further tune the variable for optimal performance in your application as needed. 
W0828 20:21:22.772000 33761 site-packages/torch/distributed/run.py:766] *****************************************
<frozen importlib._bootstrap_external>:1301: FutureWarning: The cuda.cuda module is deprecated and will be removed in a future release, please switch to use the cuda.bindings.driver module instead.
<frozen importlib._bootstrap_external>:1301: FutureWarning: The cuda.cudart module is deprecated and will be removed in a future release, please switch to use the cuda.bindings.runtime module instead.
<frozen importlib._bootstrap_external>:1301: FutureWarning: The cuda.cuda module is deprecated and will be removed in a future release, please switch to use the cuda.bindings.driver module instead.
<frozen importlib._bootstrap_external>:1301: FutureWarning: The cuda.cudart module is deprecated and will be removed in a future release, please switch to use the cuda.bindings.runtime module instead.
<frozen importlib._bootstrap_external>:1301: FutureWarning: The cuda.cuda module is deprecated and will be removed in a future release, please switch to use the cuda.bindings.driver module instead.
<frozen importlib._bootstrap_external>:1301: FutureWarning: The cuda.cudart module is deprecated and will be removed in a future release, please switch to use the cuda.bindings.runtime module instead.
<frozen importlib._bootstrap_external>:1301: FutureWarning: The cuda.cuda module is deprecated and will be removed in a future release, please switch to use the cuda.bindings.driver module instead.
<frozen importlib._bootstrap_external>:1301: FutureWarning: The cuda.cudart module is deprecated and will be removed in a future release, please switch to use the cuda.bindings.runtime module instead.
/root/Triton-distributed/python/triton_dist/kernels/nvidia/comm_perf_model.py:78: UserWarning: can not get max bandwidth of interface bonding_masters, return 0...
  warnings.warn(f"can not get max bandwidth of interface {interface}, return 0...")
/root/Triton-distributed/python/triton_dist/kernels/nvidia/comm_perf_model.py:78: UserWarning: can not get max bandwidth of interface bonding_masters, return 0...
  warnings.warn(f"can not get max bandwidth of interface {interface}, return 0...")
/root/Triton-distributed/python/triton_dist/kernels/nvidia/comm_perf_model.py:78: UserWarning: can not get max bandwidth of interface bonding_masters, return 0...
  warnings.warn(f"can not get max bandwidth of interface {interface}, return 0...")
/root/Triton-distributed/python/triton_dist/kernels/nvidia/comm_perf_model.py:78: UserWarning: can not get max bandwidth of interface bonding_masters, return 0...
  warnings.warn(f"can not get max bandwidth of interface {interface}, return 0...")
[search][coarse] candidate 83/128: max_total=6.6000 ms, mean_total=6.1600 ms, speedup_mean=0.9050, speedup_min=0.8400, overlap_mean=27.99%, lead_ratio=2.000 | chunk=512, window=4, stage=4, steady_sms=4, tail_sms=16, lanes=1, bands=2, frontier=1
[search][coarse] resume: retain candidate 84/128
[search][coarse] resume: retain candidate 85/128
[search][coarse] resume: retain candidate 86/128
[search][coarse] resume: retain candidate 87/128
[search][coarse] resume: retain candidate 88/128
[search][coarse] resume: retain candidate 89/128
[search][coarse] resume: retain candidate 90/128
[search][coarse] resume: retain candidate 91/128
[custom] test shape: M 8192, N 29568, K 8192
✅ all close!
✅ all close!
✅ all close!
✅ all close!
Rank 0 [custom] latency (ms): torch_total=5.55, torch_gemm_only=3.72, torch_rs_only=2.07, v2_total=5.33, v2_gemm_only=4.89, v2_rs_only=3.19, v2_internal_overlap=33.98%, v2_speedup_vs_torch=1.04, v2_speedup_vs_old=nan, chunk_rows=512, num_chunks=4, active_chunk_window=4, stage_slots=4, comm_lanes=2, n_bands=2, frontier_chunks=1
Rank 1 [custom] latency (ms): torch_total=5.56, torch_gemm_only=3.75, torch_rs_only=2.07, v2_total=5.38, v2_gemm_only=4.90, v2_rs_only=3.17, v2_internal_overlap=33.34%, v2_speedup_vs_torch=1.03, v2_speedup_vs_old=nan, chunk_rows=512, num_chunks=4, active_chunk_window=4, stage_slots=4, comm_lanes=2, n_bands=2, frontier_chunks=1
Rank 2 [custom] latency (ms): torch_total=5.56, torch_gemm_only=3.74, torch_rs_only=2.08, v2_total=5.35, v2_gemm_only=4.91, v2_rs_only=3.16, v2_internal_overlap=33.73%, v2_speedup_vs_torch=1.04, v2_speedup_vs_old=nan, chunk_rows=512, num_chunks=4, active_chunk_window=4, stage_slots=4, comm_lanes=2, n_bands=2, frontier_chunks=1
Rank 3 [custom] latency (ms): torch_total=5.58, torch_gemm_only=3.78, torch_rs_only=2.10, v2_total=5.36, v2_gemm_only=5.00, v2_rs_only=3.16, v2_internal_overlap=34.28%, v2_speedup_vs_torch=1.04, v2_speedup_vs_old=nan, chunk_rows=512, num_chunks=4, active_chunk_window=4, stage_slots=4, comm_lanes=2, n_bands=2, frontier_chunks=1
W0828 20:21:33.967000 34418 site-packages/torch/distributed/run.py:766] 
W0828 20:21:33.967000 34418 site-packages/torch/distributed/run.py:766] *****************************************
W0828 20:21:33.967000 34418 site-packages/torch/distributed/run.py:766] Setting OMP_NUM_THREADS environment variable for each process to be 1 in default, to avoid your system being overloaded, please further tune the variable for optimal performance in your application as needed. 
W0828 20:21:33.967000 34418 site-packages/torch/distributed/run.py:766] *****************************************
<frozen importlib._bootstrap_external>:1301: FutureWarning: The cuda.cuda module is deprecated and will be removed in a future release, please switch to use the cuda.bindings.driver module instead.
<frozen importlib._bootstrap_external>:1301: FutureWarning: The cuda.cudart module is deprecated and will be removed in a future release, please switch to use the cuda.bindings.runtime module instead.
<frozen importlib._bootstrap_external>:1301: FutureWarning: The cuda.cuda module is deprecated and will be removed in a future release, please switch to use the cuda.bindings.driver module instead.
<frozen importlib._bootstrap_external>:1301: FutureWarning: The cuda.cudart module is deprecated and will be removed in a future release, please switch to use the cuda.bindings.runtime module instead.
<frozen importlib._bootstrap_external>:1301: FutureWarning: The cuda.cuda module is deprecated and will be removed in a future release, please switch to use the cuda.bindings.driver module instead.
<frozen importlib._bootstrap_external>:1301: FutureWarning: The cuda.cudart module is deprecated and will be removed in a future release, please switch to use the cuda.bindings.runtime module instead.
<frozen importlib._bootstrap_external>:1301: FutureWarning: The cuda.cuda module is deprecated and will be removed in a future release, please switch to use the cuda.bindings.driver module instead.
<frozen importlib._bootstrap_external>:1301: FutureWarning: The cuda.cudart module is deprecated and will be removed in a future release, please switch to use the cuda.bindings.runtime module instead.
/root/Triton-distributed/python/triton_dist/kernels/nvidia/comm_perf_model.py:78: UserWarning: can not get max bandwidth of interface bonding_masters, return 0...
  warnings.warn(f"can not get max bandwidth of interface {interface}, return 0...")
/root/Triton-distributed/python/triton_dist/kernels/nvidia/comm_perf_model.py:78: UserWarning: can not get max bandwidth of interface bonding_masters, return 0...
  warnings.warn(f"can not get max bandwidth of interface {interface}, return 0...")
/root/Triton-distributed/python/triton_dist/kernels/nvidia/comm_perf_model.py:78: UserWarning: can not get max bandwidth of interface bonding_masters, return 0...
  warnings.warn(f"can not get max bandwidth of interface {interface}, return 0...")
/root/Triton-distributed/python/triton_dist/kernels/nvidia/comm_perf_model.py:78: UserWarning: can not get max bandwidth of interface bonding_masters, return 0...
  warnings.warn(f"can not get max bandwidth of interface {interface}, return 0...")
[search][coarse] candidate 92/128: max_total=5.3800 ms, mean_total=5.3550 ms, speedup_mean=1.0375, speedup_min=1.0300, overlap_mean=33.83%, lead_ratio=2.000 | chunk=512, window=4, stage=4, steady_sms=6, tail_sms=16, lanes=2, bands=2, frontier=1
[search][coarse] resume: retain candidate 93/128
[search][coarse] resume: retain candidate 94/128
[search][coarse] resume: retain candidate 95/128
[search][coarse] resume: retain candidate 96/128
[search][coarse] resume: retain candidate 97/128
[search][coarse] resume: retain candidate 98/128
[search][coarse] resume: retain candidate 99/128
[search][coarse] resume: retain candidate 100/128
[search][coarse] resume: retain candidate 101/128
[search][coarse] resume: retain candidate 102/128
[search][coarse] resume: retain candidate 103/128
[search][coarse] resume: retain candidate 104/128
[search][coarse] resume: retain candidate 105/128
[search][coarse] resume: retain candidate 106/128
[search][coarse] resume: retain candidate 107/128
[search][coarse] resume: retain candidate 108/128
[search][coarse] resume: retain candidate 109/128
[search][coarse] resume: retain candidate 110/128
[search][coarse] resume: retain candidate 111/128
[search][coarse] resume: retain candidate 112/128
[search][coarse] resume: retain candidate 113/128
[custom] test shape: M 8192, N 29568, K 8192
✅ all close!
✅ all close!
✅ all close!
✅ all close!
Rank 0 [custom] latency (ms): torch_total=5.56, torch_gemm_only=3.76, torch_rs_only=2.03, v2_total=5.59, v2_gemm_only=4.95, v2_rs_only=3.23, v2_internal_overlap=31.65%, v2_speedup_vs_torch=1.00, v2_speedup_vs_old=nan, chunk_rows=512, num_chunks=4, active_chunk_window=4, stage_slots=4, comm_lanes=2, n_bands=2, frontier_chunks=2
Rank 1 [custom] latency (ms): torch_total=5.58, torch_gemm_only=3.74, torch_rs_only=2.03, v2_total=5.62, v2_gemm_only=4.90, v2_rs_only=3.19, v2_internal_overlap=30.61%, v2_speedup_vs_torch=0.99, v2_speedup_vs_old=nan, chunk_rows=512, num_chunks=4, active_chunk_window=4, stage_slots=4, comm_lanes=2, n_bands=2, frontier_chunks=2
Rank 2 [custom] latency (ms): torch_total=5.56, torch_gemm_only=3.75, torch_rs_only=2.03, v2_total=5.61, v2_gemm_only=4.95, v2_rs_only=3.13, v2_internal_overlap=30.55%, v2_speedup_vs_torch=0.99, v2_speedup_vs_old=nan, chunk_rows=512, num_chunks=4, active_chunk_window=4, stage_slots=4, comm_lanes=2, n_bands=2, frontier_chunks=2
Rank 3 [custom] latency (ms): torch_total=5.58, torch_gemm_only=3.80, torch_rs_only=2.04, v2_total=5.59, v2_gemm_only=5.01, v2_rs_only=3.20, v2_internal_overlap=31.89%, v2_speedup_vs_torch=1.00, v2_speedup_vs_old=nan, chunk_rows=512, num_chunks=4, active_chunk_window=4, stage_slots=4, comm_lanes=2, n_bands=2, frontier_chunks=2
W0828 20:21:44.734000 35070 site-packages/torch/distributed/run.py:766] 
W0828 20:21:44.734000 35070 site-packages/torch/distributed/run.py:766] *****************************************
W0828 20:21:44.734000 35070 site-packages/torch/distributed/run.py:766] Setting OMP_NUM_THREADS environment variable for each process to be 1 in default, to avoid your system being overloaded, please further tune the variable for optimal performance in your application as needed. 
W0828 20:21:44.734000 35070 site-packages/torch/distributed/run.py:766] *****************************************
<frozen importlib._bootstrap_external>:1301: FutureWarning: The cuda.cuda module is deprecated and will be removed in a future release, please switch to use the cuda.bindings.driver module instead.
<frozen importlib._bootstrap_external>:1301: FutureWarning: The cuda.cudart module is deprecated and will be removed in a future release, please switch to use the cuda.bindings.runtime module instead.
<frozen importlib._bootstrap_external>:1301: FutureWarning: The cuda.cuda module is deprecated and will be removed in a future release, please switch to use the cuda.bindings.driver module instead.
<frozen importlib._bootstrap_external>:1301: FutureWarning: The cuda.cuda module is deprecated and will be removed in a future release, please switch to use the cuda.bindings.driver module instead.
<frozen importlib._bootstrap_external>:1301: FutureWarning: The cuda.cudart module is deprecated and will be removed in a future release, please switch to use the cuda.bindings.runtime module instead.
<frozen importlib._bootstrap_external>:1301: FutureWarning: The cuda.cudart module is deprecated and will be removed in a future release, please switch to use the cuda.bindings.runtime module instead.
<frozen importlib._bootstrap_external>:1301: FutureWarning: The cuda.cuda module is deprecated and will be removed in a future release, please switch to use the cuda.bindings.driver module instead.
<frozen importlib._bootstrap_external>:1301: FutureWarning: The cuda.cudart module is deprecated and will be removed in a future release, please switch to use the cuda.bindings.runtime module instead.
/root/Triton-distributed/python/triton_dist/kernels/nvidia/comm_perf_model.py:78: UserWarning: can not get max bandwidth of interface bonding_masters, return 0...
  warnings.warn(f"can not get max bandwidth of interface {interface}, return 0...")
/root/Triton-distributed/python/triton_dist/kernels/nvidia/comm_perf_model.py:78: UserWarning: can not get max bandwidth of interface bonding_masters, return 0...
  warnings.warn(f"can not get max bandwidth of interface {interface}, return 0...")
/root/Triton-distributed/python/triton_dist/kernels/nvidia/comm_perf_model.py:78: UserWarning: can not get max bandwidth of interface bonding_masters, return 0...
  warnings.warn(f"can not get max bandwidth of interface {interface}, return 0...")
/root/Triton-distributed/python/triton_dist/kernels/nvidia/comm_perf_model.py:78: UserWarning: can not get max bandwidth of interface bonding_masters, return 0...
  warnings.warn(f"can not get max bandwidth of interface {interface}, return 0...")
[search][coarse] candidate 114/128: max_total=5.6200 ms, mean_total=5.6025 ms, speedup_mean=0.9950, speedup_min=0.9900, overlap_mean=31.17%, lead_ratio=2.000 | chunk=512, window=4, stage=4, steady_sms=4, tail_sms=12, lanes=2, bands=2, frontier=2
[search][coarse] resume: retain candidate 115/128
[search][coarse] resume: retain candidate 116/128
[search][coarse] resume: retain candidate 117/128
[search][coarse] resume: retain candidate 118/128
[search][coarse] resume: retain candidate 119/128
[search][coarse] resume: retain candidate 120/128
[search][coarse] resume: retain candidate 121/128
[search][coarse] resume: retain candidate 122/128
[search][coarse] resume: retain candidate 123/128
[search][coarse] resume: retain candidate 124/128
[search][coarse] resume: retain candidate 125/128
[search][coarse] resume: retain candidate 126/128
[search][coarse] resume: retain candidate 127/128
[search][coarse] resume: retain candidate 128/128
[search] Top Candidates
  #1: max_total=5.3300 ms, mean_total=5.3100 ms, speedup_mean=1.0475, speedup_min=1.0400, overlap_mean=34.37%, lead_ratio=2.000 | chunk=512, window=4, stage=4, steady_sms=6, tail_sms=16, lanes=2, bands=2, frontier=2
  #2: max_total=5.3300 ms, mean_total=5.3275 ms, speedup_mean=1.0400, speedup_min=1.0400, overlap_mean=33.79%, lead_ratio=2.000 | chunk=512, window=4, stage=4, steady_sms=6, tail_sms=12, lanes=2, bands=2, frontier=2
  #3: max_total=5.3500 ms, mean_total=5.3350 ms, speedup_mean=1.0400, speedup_min=1.0400, overlap_mean=32.54%, lead_ratio=2.000 | chunk=512, window=4, stage=4, steady_sms=6, tail_sms=24, lanes=2, bands=2, frontier=1
  #4: max_total=5.3500 ms, mean_total=5.3350 ms, speedup_mean=1.0400, speedup_min=1.0400, overlap_mean=33.50%, lead_ratio=2.000 | chunk=512, window=4, stage=4, steady_sms=6, tail_sms=20, lanes=2, bands=2, frontier=2
[search] best command:
torchrun --nproc_per_node 4 /root/Triton-distributed/python/triton_dist/benchmark/bench_3rdv5_frontier_windowed_panel_gemmrs.py --M 8192 --N 29568 --K 8192 --mode v2 --iters 10 --warmup_iters 5 --dtype bfloat16 --target_chunks_per_rank 2 --min_chunk_rows 512 --tail_chunk_window 1 --chunk_rows 512 --active_chunk_window 4 --stage_slots 4 --steady_sms 6 --tail_sms 16 --comm_lanes 2 --n_bands 2 --frontier_chunks 2 --profile_target v2 --no-autotune --trans_b --local_seed_direct
[search] verifying top candidate #1: chunk=512, window=4, stage=4, steady_sms=6, tail_sms=16, lanes=2, bands=2, frontier=2
[custom] test shape: M 8192, N 29568, K 8192
✅ all close!
✅ all close!
✅ all close!
✅ all close!
Rank 0 [custom] latency (ms): torch_total=5.62, torch_gemm_only=3.78, torch_rs_only=2.10, v2_total=5.40, v2_gemm_only=5.01, v2_rs_only=3.14, v2_internal_overlap=33.77%, v2_speedup_vs_torch=1.04, v2_speedup_vs_old=nan, chunk_rows=512, num_chunks=4, active_chunk_window=4, stage_slots=4, comm_lanes=2, n_bands=2, frontier_chunks=2
Rank 1 [custom] latency (ms): torch_total=5.63, torch_gemm_only=3.81, torch_rs_only=2.10, v2_total=5.39, v2_gemm_only=4.96, v2_rs_only=3.14, v2_internal_overlap=33.46%, v2_speedup_vs_torch=1.04, v2_speedup_vs_old=nan, chunk_rows=512, num_chunks=4, active_chunk_window=4, stage_slots=4, comm_lanes=2, n_bands=2, frontier_chunks=2
Rank 2 [custom] latency (ms): torch_total=5.60, torch_gemm_only=3.82, torch_rs_only=2.12, v2_total=5.39, v2_gemm_only=4.96, v2_rs_only=3.16, v2_internal_overlap=33.65%, v2_speedup_vs_torch=1.04, v2_speedup_vs_old=nan, chunk_rows=512, num_chunks=4, active_chunk_window=4, stage_slots=4, comm_lanes=2, n_bands=2, frontier_chunks=2
Rank 3 [custom] latency (ms): torch_total=5.63, torch_gemm_only=3.90, torch_rs_only=2.10, v2_total=5.47, v2_gemm_only=5.07, v2_rs_only=3.14, v2_internal_overlap=33.41%, v2_speedup_vs_torch=1.03, v2_speedup_vs_old=nan, chunk_rows=512, num_chunks=4, active_chunk_window=4, stage_slots=4, comm_lanes=2, n_bands=2, frontier_chunks=2
W0828 20:21:55.649000 35723 site-packages/torch/distributed/run.py:766] 
W0828 20:21:55.649000 35723 site-packages/torch/distributed/run.py:766] *****************************************
W0828 20:21:55.649000 35723 site-packages/torch/distributed/run.py:766] Setting OMP_NUM_THREADS environment variable for each process to be 1 in default, to avoid your system being overloaded, please further tune the variable for optimal performance in your application as needed. 
W0828 20:21:55.649000 35723 site-packages/torch/distributed/run.py:766] *****************************************
<frozen importlib._bootstrap_external>:1301: FutureWarning: The cuda.cuda module is deprecated and will be removed in a future release, please switch to use the cuda.bindings.driver module instead.
<frozen importlib._bootstrap_external>:1301: FutureWarning: The cuda.cudart module is deprecated and will be removed in a future release, please switch to use the cuda.bindings.runtime module instead.
<frozen importlib._bootstrap_external>:1301: FutureWarning: The cuda.cuda module is deprecated and will be removed in a future release, please switch to use the cuda.bindings.driver module instead.
<frozen importlib._bootstrap_external>:1301: FutureWarning: The cuda.cudart module is deprecated and will be removed in a future release, please switch to use the cuda.bindings.runtime module instead.
<frozen importlib._bootstrap_external>:1301: FutureWarning: The cuda.cuda module is deprecated and will be removed in a future release, please switch to use the cuda.bindings.driver module instead.
<frozen importlib._bootstrap_external>:1301: FutureWarning: The cuda.cudart module is deprecated and will be removed in a future release, please switch to use the cuda.bindings.runtime module instead.
<frozen importlib._bootstrap_external>:1301: FutureWarning: The cuda.cuda module is deprecated and will be removed in a future release, please switch to use the cuda.bindings.driver module instead.
<frozen importlib._bootstrap_external>:1301: FutureWarning: The cuda.cudart module is deprecated and will be removed in a future release, please switch to use the cuda.bindings.runtime module instead.
/root/Triton-distributed/python/triton_dist/kernels/nvidia/comm_perf_model.py:78: UserWarning: can not get max bandwidth of interface bonding_masters, return 0...
  warnings.warn(f"can not get max bandwidth of interface {interface}, return 0...")
/root/Triton-distributed/python/triton_dist/kernels/nvidia/comm_perf_model.py:78: UserWarning: can not get max bandwidth of interface bonding_masters, return 0...
  warnings.warn(f"can not get max bandwidth of interface {interface}, return 0...")
/root/Triton-distributed/python/triton_dist/kernels/nvidia/comm_perf_model.py:78: UserWarning: can not get max bandwidth of interface bonding_masters, return 0...
  warnings.warn(f"can not get max bandwidth of interface {interface}, return 0...")
/root/Triton-distributed/python/triton_dist/kernels/nvidia/comm_perf_model.py:78: UserWarning: can not get max bandwidth of interface bonding_masters, return 0...
  warnings.warn(f"can not get max bandwidth of interface {interface}, return 0...")
[search] verifying top candidate #2: chunk=512, window=4, stage=4, steady_sms=6, tail_sms=12, lanes=2, bands=2, frontier=2
[custom] test shape: M 8192, N 29568, K 8192
✅ all close!
✅ all close!
✅ all close!
✅ all close!
Rank 0 [custom] latency (ms): torch_total=5.58, torch_gemm_only=3.81, torch_rs_only=2.05, v2_total=6.30, v2_gemm_only=5.55, v2_rs_only=3.14, v2_internal_overlap=27.53%, v2_speedup_vs_torch=0.89, v2_speedup_vs_old=nan, chunk_rows=512, num_chunks=4, active_chunk_window=4, stage_slots=4, comm_lanes=2, n_bands=2, frontier_chunks=2
Rank 1 [custom] latency (ms): torch_total=5.57, torch_gemm_only=3.81, torch_rs_only=2.05, v2_total=5.35, v2_gemm_only=4.92, v2_rs_only=3.14, v2_internal_overlap=33.64%, v2_speedup_vs_torch=1.04, v2_speedup_vs_old=nan, chunk_rows=512, num_chunks=4, active_chunk_window=4, stage_slots=4, comm_lanes=2, n_bands=2, frontier_chunks=2
Rank 2 [custom] latency (ms): torch_total=5.56, torch_gemm_only=3.80, torch_rs_only=2.04, v2_total=5.50, v2_gemm_only=4.92, v2_rs_only=3.12, v2_internal_overlap=31.69%, v2_speedup_vs_torch=1.01, v2_speedup_vs_old=nan, chunk_rows=512, num_chunks=4, active_chunk_window=4, stage_slots=4, comm_lanes=2, n_bands=2, frontier_chunks=2
Rank 3 [custom] latency (ms): torch_total=5.58, torch_gemm_only=3.92, torch_rs_only=2.05, v2_total=5.59, v2_gemm_only=4.95, v2_rs_only=3.15, v2_internal_overlap=31.05%, v2_speedup_vs_torch=1.00, v2_speedup_vs_old=nan, chunk_rows=512, num_chunks=4, active_chunk_window=4, stage_slots=4, comm_lanes=2, n_bands=2, frontier_chunks=2
W0828 20:22:06.443000 36896 site-packages/torch/distributed/run.py:766] 
W0828 20:22:06.443000 36896 site-packages/torch/distributed/run.py:766] *****************************************
W0828 20:22:06.443000 36896 site-packages/torch/distributed/run.py:766] Setting OMP_NUM_THREADS environment variable for each process to be 1 in default, to avoid your system being overloaded, please further tune the variable for optimal performance in your application as needed. 
W0828 20:22:06.443000 36896 site-packages/torch/distributed/run.py:766] *****************************************
<frozen importlib._bootstrap_external>:1301: FutureWarning: The cuda.cuda module is deprecated and will be removed in a future release, please switch to use the cuda.bindings.driver module instead.
<frozen importlib._bootstrap_external>:1301: FutureWarning: The cuda.cudart module is deprecated and will be removed in a future release, please switch to use the cuda.bindings.runtime module instead.
<frozen importlib._bootstrap_external>:1301: FutureWarning: The cuda.cuda module is deprecated and will be removed in a future release, please switch to use the cuda.bindings.driver module instead.
<frozen importlib._bootstrap_external>:1301: FutureWarning: The cuda.cudart module is deprecated and will be removed in a future release, please switch to use the cuda.bindings.runtime module instead.
<frozen importlib._bootstrap_external>:1301: FutureWarning: The cuda.cuda module is deprecated and will be removed in a future release, please switch to use the cuda.bindings.driver module instead.
<frozen importlib._bootstrap_external>:1301: FutureWarning: The cuda.cudart module is deprecated and will be removed in a future release, please switch to use the cuda.bindings.runtime module instead.
<frozen importlib._bootstrap_external>:1301: FutureWarning: The cuda.cuda module is deprecated and will be removed in a future release, please switch to use the cuda.bindings.driver module instead.
<frozen importlib._bootstrap_external>:1301: FutureWarning: The cuda.cudart module is deprecated and will be removed in a future release, please switch to use the cuda.bindings.runtime module instead.
/root/Triton-distributed/python/triton_dist/kernels/nvidia/comm_perf_model.py:78: UserWarning: can not get max bandwidth of interface bonding_masters, return 0...
  warnings.warn(f"can not get max bandwidth of interface {interface}, return 0...")
/root/Triton-distributed/python/triton_dist/kernels/nvidia/comm_perf_model.py:78: UserWarning: can not get max bandwidth of interface bonding_masters, return 0...
  warnings.warn(f"can not get max bandwidth of interface {interface}, return 0...")
/root/Triton-distributed/python/triton_dist/kernels/nvidia/comm_perf_model.py:78: UserWarning: can not get max bandwidth of interface bonding_masters, return 0...
  warnings.warn(f"can not get max bandwidth of interface {interface}, return 0...")
/root/Triton-distributed/python/triton_dist/kernels/nvidia/comm_perf_model.py:78: UserWarning: can not get max bandwidth of interface bonding_masters, return 0...
  warnings.warn(f"can not get max bandwidth of interface {interface}, return 0...")
[search] verifying top candidate #3: chunk=512, window=4, stage=4, steady_sms=6, tail_sms=24, lanes=2, bands=2, frontier=1
[custom] test shape: M 8192, N 29568, K 8192
✅ all close!
✅ all close!
✅ all close!
✅ all close!
Rank 0 [custom] latency (ms): torch_total=5.60, torch_gemm_only=3.82, torch_rs_only=2.08, v2_total=5.38, v2_gemm_only=5.01, v2_rs_only=3.02, v2_internal_overlap=33.02%, v2_speedup_vs_torch=1.04, v2_speedup_vs_old=nan, chunk_rows=512, num_chunks=4, active_chunk_window=4, stage_slots=4, comm_lanes=2, n_bands=2, frontier_chunks=1
Rank 1 [custom] latency (ms): torch_total=5.58, torch_gemm_only=3.81, torch_rs_only=2.08, v2_total=5.39, v2_gemm_only=4.98, v2_rs_only=3.02, v2_internal_overlap=32.64%, v2_speedup_vs_torch=1.03, v2_speedup_vs_old=nan, chunk_rows=512, num_chunks=4, active_chunk_window=4, stage_slots=4, comm_lanes=2, n_bands=2, frontier_chunks=1
Rank 2 [custom] latency (ms): torch_total=5.58, torch_gemm_only=3.81, torch_rs_only=2.06, v2_total=5.38, v2_gemm_only=4.98, v2_rs_only=2.99, v2_internal_overlap=32.47%, v2_speedup_vs_torch=1.04, v2_speedup_vs_old=nan, chunk_rows=512, num_chunks=4, active_chunk_window=4, stage_slots=4, comm_lanes=2, n_bands=2, frontier_chunks=1
Rank 3 [custom] latency (ms): torch_total=5.61, torch_gemm_only=3.87, torch_rs_only=2.08, v2_total=5.34, v2_gemm_only=5.05, v2_rs_only=2.98, v2_internal_overlap=33.49%, v2_speedup_vs_torch=1.05, v2_speedup_vs_old=nan, chunk_rows=512, num_chunks=4, active_chunk_window=4, stage_slots=4, comm_lanes=2, n_bands=2, frontier_chunks=1
W0828 20:22:17.239000 38057 site-packages/torch/distributed/run.py:766] 
W0828 20:22:17.239000 38057 site-packages/torch/distributed/run.py:766] *****************************************
W0828 20:22:17.239000 38057 site-packages/torch/distributed/run.py:766] Setting OMP_NUM_THREADS environment variable for each process to be 1 in default, to avoid your system being overloaded, please further tune the variable for optimal performance in your application as needed. 
W0828 20:22:17.239000 38057 site-packages/torch/distributed/run.py:766] *****************************************
<frozen importlib._bootstrap_external>:1301: FutureWarning: The cuda.cuda module is deprecated and will be removed in a future release, please switch to use the cuda.bindings.driver module instead.
<frozen importlib._bootstrap_external>:1301: FutureWarning: The cuda.cudart module is deprecated and will be removed in a future release, please switch to use the cuda.bindings.runtime module instead.
<frozen importlib._bootstrap_external>:1301: FutureWarning: The cuda.cuda module is deprecated and will be removed in a future release, please switch to use the cuda.bindings.driver module instead.
<frozen importlib._bootstrap_external>:1301: FutureWarning: The cuda.cudart module is deprecated and will be removed in a future release, please switch to use the cuda.bindings.runtime module instead.
<frozen importlib._bootstrap_external>:1301: FutureWarning: The cuda.cuda module is deprecated and will be removed in a future release, please switch to use the cuda.bindings.driver module instead.
<frozen importlib._bootstrap_external>:1301: FutureWarning: The cuda.cudart module is deprecated and will be removed in a future release, please switch to use the cuda.bindings.runtime module instead.
<frozen importlib._bootstrap_external>:1301: FutureWarning: The cuda.cuda module is deprecated and will be removed in a future release, please switch to use the cuda.bindings.driver module instead.
<frozen importlib._bootstrap_external>:1301: FutureWarning: The cuda.cudart module is deprecated and will be removed in a future release, please switch to use the cuda.bindings.runtime module instead.
/root/Triton-distributed/python/triton_dist/kernels/nvidia/comm_perf_model.py:78: UserWarning: can not get max bandwidth of interface bonding_masters, return 0...
  warnings.warn(f"can not get max bandwidth of interface {interface}, return 0...")
/root/Triton-distributed/python/triton_dist/kernels/nvidia/comm_perf_model.py:78: UserWarning: can not get max bandwidth of interface bonding_masters, return 0...
  warnings.warn(f"can not get max bandwidth of interface {interface}, return 0...")
/root/Triton-distributed/python/triton_dist/kernels/nvidia/comm_perf_model.py:78: UserWarning: can not get max bandwidth of interface bonding_masters, return 0...
  warnings.warn(f"can not get max bandwidth of interface {interface}, return 0...")
/root/Triton-distributed/python/triton_dist/kernels/nvidia/comm_perf_model.py:78: UserWarning: can not get max bandwidth of interface bonding_masters, return 0...
  warnings.warn(f"can not get max bandwidth of interface {interface}, return 0...")
[search] Verified Top Candidates
  #1: max_total=5.3900 ms, mean_total=5.3725 ms, speedup_mean=1.0400, speedup_min=1.0300, overlap_mean=32.91%, lead_ratio=2.000 | chunk=512, window=4, stage=4, steady_sms=6, tail_sms=24, lanes=2, bands=2, frontier=1
  #2: max_total=5.4700 ms, mean_total=5.4125 ms, speedup_mean=1.0375, speedup_min=1.0300, overlap_mean=33.57%, lead_ratio=2.000 | chunk=512, window=4, stage=4, steady_sms=6, tail_sms=16, lanes=2, bands=2, frontier=2
  #3: max_total=6.3000 ms, mean_total=5.6850 ms, speedup_mean=0.9850, speedup_min=0.8900, overlap_mean=30.98%, lead_ratio=2.000 | chunk=512, window=4, stage=4, steady_sms=6, tail_sms=12, lanes=2, bands=2, frontier=2
