
[search] ===== two-stage r1 begin 2026-08-28T20:23:15+08:00 =====
[search] two-stage search for M=8192, N=29568, K=8192, nproc=4
[search] structural candidates total=16, buckets=2, bucket_topk=2, stage1 structural candidates=4, stage2 sms_pairs=4, stage2 refine_topk=2, fast_budget=50, verify_topk=3
[custom] test shape: M 8192, N 29568, K 8192
✅ all close!
✅ all close!
✅ all close!
✅ all close!
Rank 0 [custom] latency (ms): torch_total=5.58, torch_gemm_only=3.73, torch_rs_only=2.05, v2_total=6.15, v2_gemm_only=4.82, v2_rs_only=3.22, v2_internal_overlap=23.63%, v2_speedup_vs_torch=0.91, v2_speedup_vs_old=nan, chunk_rows=512, num_chunks=4, active_chunk_window=4, stage_slots=4, comm_lanes=2, n_bands=1, frontier_chunks=2
Rank 1 [custom] latency (ms): torch_total=5.58, torch_gemm_only=3.74, torch_rs_only=2.08, v2_total=6.17, v2_gemm_only=4.83, v2_rs_only=3.29, v2_internal_overlap=23.99%, v2_speedup_vs_torch=0.90, v2_speedup_vs_old=nan, chunk_rows=512, num_chunks=4, active_chunk_window=4, stage_slots=4, comm_lanes=2, n_bands=1, frontier_chunks=2
Rank 2 [custom] latency (ms): torch_total=5.57, torch_gemm_only=3.74, torch_rs_only=2.06, v2_total=5.99, v2_gemm_only=4.85, v2_rs_only=3.22, v2_internal_overlap=25.78%, v2_speedup_vs_torch=0.93, v2_speedup_vs_old=nan, chunk_rows=512, num_chunks=4, active_chunk_window=4, stage_slots=4, comm_lanes=2, n_bands=1, frontier_chunks=2
Rank 3 [custom] latency (ms): torch_total=5.58, torch_gemm_only=3.77, torch_rs_only=2.04, v2_total=6.15, v2_gemm_only=4.84, v2_rs_only=3.28, v2_internal_overlap=24.29%, v2_speedup_vs_torch=0.91, v2_speedup_vs_old=nan, chunk_rows=512, num_chunks=4, active_chunk_window=4, stage_slots=4, comm_lanes=2, n_bands=1, frontier_chunks=2
W0828 20:23:17.102000 39276 site-packages/torch/distributed/run.py:766] 
W0828 20:23:17.102000 39276 site-packages/torch/distributed/run.py:766] *****************************************
W0828 20:23:17.102000 39276 site-packages/torch/distributed/run.py:766] Setting OMP_NUM_THREADS environment variable for each process to be 1 in default, to avoid your system being overloaded, please further tune the variable for optimal performance in your application as needed. 
W0828 20:23:17.102000 39276 site-packages/torch/distributed/run.py:766] *****************************************
<frozen importlib._bootstrap_external>:1301: FutureWarning: The cuda.cuda module is deprecated and will be removed in a future release, please switch to use the cuda.bindings.driver module instead.
<frozen importlib._bootstrap_external>:1301: FutureWarning: The cuda.cudart module is deprecated and will be removed in a future release, please switch to use the cuda.bindings.runtime module instead.
<frozen importlib._bootstrap_external>:1301: FutureWarning: The cuda.cuda module is deprecated and will be removed in a future release, please switch to use the cuda.bindings.driver module instead.
<frozen importlib._bootstrap_external>:1301: FutureWarning: The cuda.cudart module is deprecated and will be removed in a future release, please switch to use the cuda.bindings.runtime module instead.
<frozen importlib._bootstrap_external>:1301: FutureWarning: The cuda.cuda module is deprecated and will be removed in a future release, please switch to use the cuda.bindings.driver module instead.
<frozen importlib._bootstrap_external>:1301: FutureWarning: The cuda.cudart module is deprecated and will be removed in a future release, please switch to use the cuda.bindings.runtime module instead.
<frozen importlib._bootstrap_external>:1301: FutureWarning: The cuda.cuda module is deprecated and will be removed in a future release, please switch to use the cuda.bindings.driver module instead.
<frozen importlib._bootstrap_external>:1301: FutureWarning: The cuda.cudart module is deprecated and will be removed in a future release, please switch to use the cuda.bindings.runtime module instead.
/root/Triton-distributed/python/triton_dist/kernels/nvidia/comm_perf_model.py:78: UserWarning: can not get max bandwidth of interface bonding_masters, return 0...
  warnings.warn(f"can not get max bandwidth of interface {interface}, return 0...")
/root/Triton-distributed/python/triton_dist/kernels/nvidia/comm_perf_model.py:78: UserWarning: can not get max bandwidth of interface bonding_masters, return 0...
  warnings.warn(f"can not get max bandwidth of interface {interface}, return 0...")
/root/Triton-distributed/python/triton_dist/kernels/nvidia/comm_perf_model.py:78: UserWarning: can not get max bandwidth of interface bonding_masters, return 0...
  warnings.warn(f"can not get max bandwidth of interface {interface}, return 0...")
/root/Triton-distributed/python/triton_dist/kernels/nvidia/comm_perf_model.py:78: UserWarning: can not get max bandwidth of interface bonding_masters, return 0...
  warnings.warn(f"can not get max bandwidth of interface {interface}, return 0...")
[search][stage1] candidate 1/4: max_total=6.1700 ms, mean_total=6.1150 ms, speedup_mean=0.9125, speedup_min=0.9000, overlap_mean=24.42%, lead_ratio=1.000 | chunk=512, window=4, stage=4, steady_sms=6, tail_sms=20, lanes=2, bands=1, frontier=2
[custom] test shape: M 8192, N 29568, K 8192
✅ all close!
✅ all close!
✅ all close!
✅ all close!
Rank 0 [custom] latency (ms): torch_total=5.55, torch_gemm_only=3.74, torch_rs_only=2.05, v2_total=6.22, v2_gemm_only=4.82, v2_rs_only=3.21, v2_internal_overlap=22.64%, v2_speedup_vs_torch=0.89, v2_speedup_vs_old=nan, chunk_rows=512, num_chunks=4, active_chunk_window=4, stage_slots=4, comm_lanes=2, n_bands=1, frontier_chunks=1
Rank 1 [custom] latency (ms): torch_total=5.54, torch_gemm_only=3.74, torch_rs_only=2.02, v2_total=6.44, v2_gemm_only=4.83, v2_rs_only=3.15, v2_internal_overlap=19.29%, v2_speedup_vs_torch=0.86, v2_speedup_vs_old=nan, chunk_rows=512, num_chunks=4, active_chunk_window=4, stage_slots=4, comm_lanes=2, n_bands=1, frontier_chunks=1
Rank 2 [custom] latency (ms): torch_total=5.55, torch_gemm_only=3.74, torch_rs_only=2.03, v2_total=6.00, v2_gemm_only=4.85, v2_rs_only=3.13, v2_internal_overlap=24.79%, v2_speedup_vs_torch=0.92, v2_speedup_vs_old=nan, chunk_rows=512, num_chunks=4, active_chunk_window=4, stage_slots=4, comm_lanes=2, n_bands=1, frontier_chunks=1
Rank 3 [custom] latency (ms): torch_total=5.56, torch_gemm_only=3.78, torch_rs_only=2.04, v2_total=6.33, v2_gemm_only=5.19, v2_rs_only=3.29, v2_internal_overlap=25.33%, v2_speedup_vs_torch=0.88, v2_speedup_vs_old=nan, chunk_rows=512, num_chunks=4, active_chunk_window=4, stage_slots=4, comm_lanes=2, n_bands=1, frontier_chunks=1
W0828 20:23:28.166000 39936 site-packages/torch/distributed/run.py:766] 
W0828 20:23:28.166000 39936 site-packages/torch/distributed/run.py:766] *****************************************
W0828 20:23:28.166000 39936 site-packages/torch/distributed/run.py:766] Setting OMP_NUM_THREADS environment variable for each process to be 1 in default, to avoid your system being overloaded, please further tune the variable for optimal performance in your application as needed. 
W0828 20:23:28.166000 39936 site-packages/torch/distributed/run.py:766] *****************************************
<frozen importlib._bootstrap_external>:1301: FutureWarning: The cuda.cuda module is deprecated and will be removed in a future release, please switch to use the cuda.bindings.driver module instead.
<frozen importlib._bootstrap_external>:1301: FutureWarning: The cuda.cudart module is deprecated and will be removed in a future release, please switch to use the cuda.bindings.runtime module instead.
<frozen importlib._bootstrap_external>:1301: FutureWarning: The cuda.cuda module is deprecated and will be removed in a future release, please switch to use the cuda.bindings.driver module instead.
<frozen importlib._bootstrap_external>:1301: FutureWarning: The cuda.cudart module is deprecated and will be removed in a future release, please switch to use the cuda.bindings.runtime module instead.
<frozen importlib._bootstrap_external>:1301: FutureWarning: The cuda.cuda module is deprecated and will be removed in a future release, please switch to use the cuda.bindings.driver module instead.
<frozen importlib._bootstrap_external>:1301: FutureWarning: The cuda.cudart module is deprecated and will be removed in a future release, please switch to use the cuda.bindings.runtime module instead.
<frozen importlib._bootstrap_external>:1301: FutureWarning: The cuda.cuda module is deprecated and will be removed in a future release, please switch to use the cuda.bindings.driver module instead.
<frozen importlib._bootstrap_external>:1301: FutureWarning: The cuda.cudart module is deprecated and will be removed in a future release, please switch to use the cuda.bindings.runtime module instead.
/root/Triton-distributed/python/triton_dist/kernels/nvidia/comm_perf_model.py:78: UserWarning: can not get max bandwidth of interface bonding_masters, return 0...
  warnings.warn(f"can not get max bandwidth of interface {interface}, return 0...")
/root/Triton-distributed/python/triton_dist/kernels/nvidia/comm_perf_model.py:78: UserWarning: can not get max bandwidth of interface bonding_masters, return 0...
  warnings.warn(f"can not get max bandwidth of interface {interface}, return 0...")
/root/Triton-distributed/python/triton_dist/kernels/nvidia/comm_perf_model.py:78: UserWarning: can not get max bandwidth of interface bonding_masters, return 0...
  warnings.warn(f"can not get max bandwidth of interface {interface}, return 0...")
/root/Triton-distributed/python/triton_dist/kernels/nvidia/comm_perf_model.py:78: UserWarning: can not get max bandwidth of interface bonding_masters, return 0...
  warnings.warn(f"can not get max bandwidth of interface {interface}, return 0...")
[search][stage1] candidate 2/4: max_total=6.4400 ms, mean_total=6.2475 ms, speedup_mean=0.8875, speedup_min=0.8600, overlap_mean=23.01%, lead_ratio=1.000 | chunk=512, window=4, stage=4, steady_sms=6, tail_sms=20, lanes=2, bands=1, frontier=1
[custom] test shape: M 8192, N 29568, K 8192
✅ all close!
✅ all close!
✅ all close!
✅ all close!
Rank 0 [custom] latency (ms): torch_total=5.54, torch_gemm_only=3.76, torch_rs_only=2.06, v2_total=6.35, v2_gemm_only=5.94, v2_rs_only=3.29, v2_internal_overlap=31.21%, v2_speedup_vs_torch=0.87, v2_speedup_vs_old=nan, chunk_rows=512, num_chunks=4, active_chunk_window=4, stage_slots=4, comm_lanes=2, n_bands=2, frontier_chunks=2
Rank 1 [custom] latency (ms): torch_total=5.55, torch_gemm_only=3.74, torch_rs_only=2.07, v2_total=5.34, v2_gemm_only=4.90, v2_rs_only=3.31, v2_internal_overlap=34.98%, v2_speedup_vs_torch=1.04, v2_speedup_vs_old=nan, chunk_rows=512, num_chunks=4, active_chunk_window=4, stage_slots=4, comm_lanes=2, n_bands=2, frontier_chunks=2
Rank 2 [custom] latency (ms): torch_total=5.56, torch_gemm_only=3.75, torch_rs_only=2.05, v2_total=5.45, v2_gemm_only=4.92, v2_rs_only=3.29, v2_internal_overlap=33.59%, v2_speedup_vs_torch=1.02, v2_speedup_vs_old=nan, chunk_rows=512, num_chunks=4, active_chunk_window=4, stage_slots=4, comm_lanes=2, n_bands=2, frontier_chunks=2
Rank 3 [custom] latency (ms): torch_total=5.56, torch_gemm_only=3.77, torch_rs_only=2.07, v2_total=5.51, v2_gemm_only=4.90, v2_rs_only=3.23, v2_internal_overlap=32.27%, v2_speedup_vs_torch=1.01, v2_speedup_vs_old=nan, chunk_rows=512, num_chunks=4, active_chunk_window=4, stage_slots=4, comm_lanes=2, n_bands=2, frontier_chunks=2
W0828 20:23:39.210000 40587 site-packages/torch/distributed/run.py:766] 
W0828 20:23:39.210000 40587 site-packages/torch/distributed/run.py:766] *****************************************
W0828 20:23:39.210000 40587 site-packages/torch/distributed/run.py:766] Setting OMP_NUM_THREADS environment variable for each process to be 1 in default, to avoid your system being overloaded, please further tune the variable for optimal performance in your application as needed. 
W0828 20:23:39.210000 40587 site-packages/torch/distributed/run.py:766] *****************************************
<frozen importlib._bootstrap_external>:1301: FutureWarning: The cuda.cuda module is deprecated and will be removed in a future release, please switch to use the cuda.bindings.driver module instead.
<frozen importlib._bootstrap_external>:1301: FutureWarning: The cuda.cudart module is deprecated and will be removed in a future release, please switch to use the cuda.bindings.runtime module instead.
<frozen importlib._bootstrap_external>:1301: FutureWarning: The cuda.cuda module is deprecated and will be removed in a future release, please switch to use the cuda.bindings.driver module instead.
<frozen importlib._bootstrap_external>:1301: FutureWarning: The cuda.cudart module is deprecated and will be removed in a future release, please switch to use the cuda.bindings.runtime module instead.
<frozen importlib._bootstrap_external>:1301: FutureWarning: The cuda.cuda module is deprecated and will be removed in a future release, please switch to use the cuda.bindings.driver module instead.
<frozen importlib._bootstrap_external>:1301: FutureWarning: The cuda.cudart module is deprecated and will be removed in a future release, please switch to use the cuda.bindings.runtime module instead.
<frozen importlib._bootstrap_external>:1301: FutureWarning: The cuda.cuda module is deprecated and will be removed in a future release, please switch to use the cuda.bindings.driver module instead.
<frozen importlib._bootstrap_external>:1301: FutureWarning: The cuda.cudart module is deprecated and will be removed in a future release, please switch to use the cuda.bindings.runtime module instead.
/root/Triton-distributed/python/triton_dist/kernels/nvidia/comm_perf_model.py:78: UserWarning: can not get max bandwidth of interface bonding_masters, return 0...
  warnings.warn(f"can not get max bandwidth of interface {interface}, return 0...")
/root/Triton-distributed/python/triton_dist/kernels/nvidia/comm_perf_model.py:78: UserWarning: can not get max bandwidth of interface bonding_masters, return 0...
  warnings.warn(f"can not get max bandwidth of interface {interface}, return 0...")
/root/Triton-distributed/python/triton_dist/kernels/nvidia/comm_perf_model.py:78: UserWarning: can not get max bandwidth of interface bonding_masters, return 0...
  warnings.warn(f"can not get max bandwidth of interface {interface}, return 0...")
/root/Triton-distributed/python/triton_dist/kernels/nvidia/comm_perf_model.py:78: UserWarning: can not get max bandwidth of interface bonding_masters, return 0...
  warnings.warn(f"can not get max bandwidth of interface {interface}, return 0...")
[search][stage1] candidate 3/4: max_total=6.3500 ms, mean_total=5.6625 ms, speedup_mean=0.9850, speedup_min=0.8700, overlap_mean=33.01%, lead_ratio=2.000 | chunk=512, window=4, stage=4, steady_sms=6, tail_sms=20, lanes=2, bands=2, frontier=2
[custom] test shape: M 8192, N 29568, K 8192
✅ all close!
✅ all close!
✅ all close!
✅ all close!
Rank 0 [custom] latency (ms): torch_total=5.54, torch_gemm_only=3.75, torch_rs_only=2.08, v2_total=5.42, v2_gemm_only=4.90, v2_rs_only=3.06, v2_internal_overlap=31.93%, v2_speedup_vs_torch=1.02, v2_speedup_vs_old=nan, chunk_rows=512, num_chunks=4, active_chunk_window=4, stage_slots=4, comm_lanes=2, n_bands=2, frontier_chunks=1
Rank 1 [custom] latency (ms): torch_total=5.54, torch_gemm_only=3.74, torch_rs_only=2.10, v2_total=6.29, v2_gemm_only=5.65, v2_rs_only=3.12, v2_internal_overlap=28.21%, v2_speedup_vs_torch=0.88, v2_speedup_vs_old=nan, chunk_rows=512, num_chunks=4, active_chunk_window=4, stage_slots=4, comm_lanes=2, n_bands=2, frontier_chunks=1
Rank 2 [custom] latency (ms): torch_total=5.56, torch_gemm_only=3.74, torch_rs_only=2.07, v2_total=5.36, v2_gemm_only=4.95, v2_rs_only=3.09, v2_internal_overlap=33.36%, v2_speedup_vs_torch=1.04, v2_speedup_vs_old=nan, chunk_rows=512, num_chunks=4, active_chunk_window=4, stage_slots=4, comm_lanes=2, n_bands=2, frontier_chunks=1
Rank 3 [custom] latency (ms): torch_total=5.56, torch_gemm_only=3.77, torch_rs_only=2.07, v2_total=5.50, v2_gemm_only=4.90, v2_rs_only=3.10, v2_internal_overlap=31.26%, v2_speedup_vs_torch=1.01, v2_speedup_vs_old=nan, chunk_rows=512, num_chunks=4, active_chunk_window=4, stage_slots=4, comm_lanes=2, n_bands=2, frontier_chunks=1
W0828 20:23:50.101000 41239 site-packages/torch/distributed/run.py:766] 
W0828 20:23:50.101000 41239 site-packages/torch/distributed/run.py:766] *****************************************
W0828 20:23:50.101000 41239 site-packages/torch/distributed/run.py:766] Setting OMP_NUM_THREADS environment variable for each process to be 1 in default, to avoid your system being overloaded, please further tune the variable for optimal performance in your application as needed. 
W0828 20:23:50.101000 41239 site-packages/torch/distributed/run.py:766] *****************************************
<frozen importlib._bootstrap_external>:1301: FutureWarning: The cuda.cuda module is deprecated and will be removed in a future release, please switch to use the cuda.bindings.driver module instead.
<frozen importlib._bootstrap_external>:1301: FutureWarning: The cuda.cudart module is deprecated and will be removed in a future release, please switch to use the cuda.bindings.runtime module instead.
<frozen importlib._bootstrap_external>:1301: FutureWarning: The cuda.cuda module is deprecated and will be removed in a future release, please switch to use the cuda.bindings.driver module instead.
<frozen importlib._bootstrap_external>:1301: FutureWarning: The cuda.cudart module is deprecated and will be removed in a future release, please switch to use the cuda.bindings.runtime module instead.
<frozen importlib._bootstrap_external>:1301: FutureWarning: The cuda.cuda module is deprecated and will be removed in a future release, please switch to use the cuda.bindings.driver module instead.
<frozen importlib._bootstrap_external>:1301: FutureWarning: The cuda.cudart module is deprecated and will be removed in a future release, please switch to use the cuda.bindings.runtime module instead.
<frozen importlib._bootstrap_external>:1301: FutureWarning: The cuda.cuda module is deprecated and will be removed in a future release, please switch to use the cuda.bindings.driver module instead.
<frozen importlib._bootstrap_external>:1301: FutureWarning: The cuda.cudart module is deprecated and will be removed in a future release, please switch to use the cuda.bindings.runtime module instead.
/root/Triton-distributed/python/triton_dist/kernels/nvidia/comm_perf_model.py:78: UserWarning: can not get max bandwidth of interface bonding_masters, return 0...
  warnings.warn(f"can not get max bandwidth of interface {interface}, return 0...")
/root/Triton-distributed/python/triton_dist/kernels/nvidia/comm_perf_model.py:78: UserWarning: can not get max bandwidth of interface bonding_masters, return 0...
  warnings.warn(f"can not get max bandwidth of interface {interface}, return 0...")
/root/Triton-distributed/python/triton_dist/kernels/nvidia/comm_perf_model.py:78: UserWarning: can not get max bandwidth of interface bonding_masters, return 0...
  warnings.warn(f"can not get max bandwidth of interface {interface}, return 0...")
/root/Triton-distributed/python/triton_dist/kernels/nvidia/comm_perf_model.py:78: UserWarning: can not get max bandwidth of interface bonding_masters, return 0...
  warnings.warn(f"can not get max bandwidth of interface {interface}, return 0...")
[search][stage1] candidate 4/4: max_total=6.2900 ms, mean_total=5.6425 ms, speedup_mean=0.9875, speedup_min=0.8800, overlap_mean=31.19%, lead_ratio=2.000 | chunk=512, window=4, stage=4, steady_sms=6, tail_sms=20, lanes=2, bands=2, frontier=1
[search] Stage1 Top Structural Candidates
  #1: max_total=6.1700 ms, mean_total=6.1150 ms, speedup_mean=0.9125, speedup_min=0.9000, overlap_mean=24.42%, lead_ratio=1.000 | chunk=512, window=4, stage=4, steady_sms=6, tail_sms=20, lanes=2, bands=1, frontier=2
  #2: max_total=6.2900 ms, mean_total=5.6425 ms, speedup_mean=0.9875, speedup_min=0.8800, overlap_mean=31.19%, lead_ratio=2.000 | chunk=512, window=4, stage=4, steady_sms=6, tail_sms=20, lanes=2, bands=2, frontier=1
  #3: max_total=6.3500 ms, mean_total=5.6625 ms, speedup_mean=0.9850, speedup_min=0.8700, overlap_mean=33.01%, lead_ratio=2.000 | chunk=512, window=4, stage=4, steady_sms=6, tail_sms=20, lanes=2, bands=2, frontier=2
  #4: max_total=6.4400 ms, mean_total=6.2475 ms, speedup_mean=0.8875, speedup_min=0.8600, overlap_mean=23.01%, lead_ratio=1.000 | chunk=512, window=4, stage=4, steady_sms=6, tail_sms=20, lanes=2, bands=1, frontier=1
[custom] test shape: M 8192, N 29568, K 8192
✅ all close!
✅ all close!
✅ all close!
✅ all close!
W0828 20:24:01.082000 41909 site-packages/torch/distributed/run.py:766] 
W0828 20:24:01.082000 41909 site-packages/torch/distributed/run.py:766] *****************************************
W0828 20:24:01.082000 41909 site-packages/torch/distributed/run.py:766] Setting OMP_NUM_THREADS environment variable for each process to be 1 in default, to avoid your system being overloaded, please further tune the variable for optimal performance in your application as needed. 
W0828 20:24:01.082000 41909 site-packages/torch/distributed/run.py:766] *****************************************
<frozen importlib._bootstrap_external>:1301: FutureWarning: The cuda.cuda module is deprecated and will be removed in a future release, please switch to use the cuda.bindings.driver module instead.
<frozen importlib._bootstrap_external>:1301: FutureWarning: The cuda.cudart module is deprecated and will be removed in a future release, please switch to use the cuda.bindings.runtime module instead.
<frozen importlib._bootstrap_external>:1301: FutureWarning: The cuda.cuda module is deprecated and will be removed in a future release, please switch to use the cuda.bindings.driver module instead.
<frozen importlib._bootstrap_external>:1301: FutureWarning: The cuda.cudart module is deprecated and will be removed in a future release, please switch to use the cuda.bindings.runtime module instead.
<frozen importlib._bootstrap_external>:1301: FutureWarning: The cuda.cuda module is deprecated and will be removed in a future release, please switch to use the cuda.bindings.driver module instead.
<frozen importlib._bootstrap_external>:1301: FutureWarning: The cuda.cudart module is deprecated and will be removed in a future release, please switch to use the cuda.bindings.runtime module instead.
<frozen importlib._bootstrap_external>:1301: FutureWarning: The cuda.cuda module is deprecated and will be removed in a future release, please switch to use the cuda.bindings.driver module instead.
<frozen importlib._bootstrap_external>:1301: FutureWarning: The cuda.cudart module is deprecated and will be removed in a future release, please switch to use the cuda.bindings.runtime module instead.
/root/Triton-distributed/python/triton_dist/kernels/nvidia/comm_perf_model.py:78: UserWarning: can not get max bandwidth of interface bonding_masters, return 0...
  warnings.warn(f"can not get max bandwidth of interface {interface}, return 0...")
/root/Triton-distributed/python/triton_dist/kernels/nvidia/comm_perf_model.py:78: UserWarning: can not get max bandwidth of interface bonding_masters, return 0...
  warnings.warn(f"can not get max bandwidth of interface {interface}, return 0...")
/root/Triton-distributed/python/triton_dist/kernels/nvidia/comm_perf_model.py:78: UserWarning: can not get max bandwidth of interface bonding_masters, return 0...
  warnings.warn(f"can not get max bandwidth of interface {interface}, return 0...")
/root/Triton-distributed/python/triton_dist/kernels/nvidia/comm_perf_model.py:78: UserWarning: can not get max bandwidth of interface bonding_masters, return 0...
  warnings.warn(f"can not get max bandwidth of interface {interface}, return 0...")
W0828 20:25:29.748000 41909 site-packages/torch/distributed/elastic/agent/server/api.py:719] Received 15 death signal, shutting down workers
W0828 20:25:29.752000 41909 site-packages/torch/distributed/elastic/multiprocessing/api.py:900] Sending process 41974 closing signal SIGTERM
W0828 20:25:29.754000 41909 site-packages/torch/distributed/elastic/multiprocessing/api.py:900] Sending process 41975 closing signal SIGTERM
W0828 20:25:29.754000 41909 site-packages/torch/distributed/elastic/multiprocessing/api.py:900] Sending process 41976 closing signal SIGTERM
W0828 20:25:29.755000 41909 site-packages/torch/distributed/elastic/multiprocessing/api.py:900] Sending process 41977 closing signal SIGTERM
Traceback (most recent call last):
  File "/root/miniconda3/bin/torchrun", line 7, in <module>
    sys.exit(main())
             ^^^^^^
  File "/root/miniconda3/lib/python3.12/site-packages/torch/distributed/elastic/multiprocessing/errors/__init__.py", line 355, in wrapper
    return f(*args, **kwargs)
           ^^^^^^^^^^^^^^^^^^
  File "/root/miniconda3/lib/python3.12/site-packages/torch/distributed/run.py", line 892, in main
    run(args)
  File "/root/miniconda3/lib/python3.12/site-packages/torch/distributed/run.py", line 883, in run
    elastic_launch(
  File "/root/miniconda3/lib/python3.12/site-packages/torch/distributed/launcher/api.py", line 139, in __call__
    return launch_agent(self._config, self._entrypoint, list(args))
           ^^^^^^^^^^^^^^^^^^^^^^^^^^^^^^^^^^^^^^^^^^^^^^^^^^^^^^^^
  File "/root/miniconda3/lib/python3.12/site-packages/torch/distributed/launcher/api.py", line 261, in launch_agent
    result = agent.run()
             ^^^^^^^^^^^
  File "/root/miniconda3/lib/python3.12/site-packages/torch/distributed/elastic/metrics/api.py", line 138, in wrapper
    result = f(*args, **kwargs)
             ^^^^^^^^^^^^^^^^^^
  File "/root/miniconda3/lib/python3.12/site-packages/torch/distributed/elastic/agent/server/api.py", line 711, in run
    result = self._invoke_run(role)
             ^^^^^^^^^^^^^^^^^^^^^^
  File "/root/miniconda3/lib/python3.12/site-packages/torch/distributed/elastic/agent/server/api.py", line 870, in _invoke_run
    time.sleep(monitor_interval)
  File "/root/miniconda3/lib/python3.12/site-packages/torch/distributed/elastic/multiprocessing/api.py", line 84, in _terminate_process_handler
    raise SignalException(f"Process {os.getpid()} got signal: {sigval}", sigval=sigval)
torch.distributed.elastic.multiprocessing.api.SignalException: Process 41909 got signal: 15
[search] candidate timed out after 90.0s
[search][stage2] candidate 1/8 failed(rc=124): chunk=512, window=4, stage=4, steady_sms=6, tail_sms=20, lanes=2, bands=1, frontier=2
[custom] test shape: M 8192, N 29568, K 8192
✅ all close!
✅ all close!
✅ all close!
✅ all close!
Rank 0 [custom] latency (ms): torch_total=5.54, torch_gemm_only=3.73, torch_rs_only=2.04, v2_total=6.57, v2_gemm_only=4.87, v2_rs_only=3.44, v2_internal_overlap=20.96%, v2_speedup_vs_torch=0.84, v2_speedup_vs_old=nan, chunk_rows=512, num_chunks=4, active_chunk_window=4, stage_slots=4, comm_lanes=2, n_bands=1, frontier_chunks=2
Rank 1 [custom] latency (ms): torch_total=5.54, torch_gemm_only=3.76, torch_rs_only=2.07, v2_total=6.44, v2_gemm_only=4.83, v2_rs_only=3.39, v2_internal_overlap=21.67%, v2_speedup_vs_torch=0.86, v2_speedup_vs_old=nan, chunk_rows=512, num_chunks=4, active_chunk_window=4, stage_slots=4, comm_lanes=2, n_bands=1, frontier_chunks=2
Rank 2 [custom] latency (ms): torch_total=5.56, torch_gemm_only=3.75, torch_rs_only=2.04, v2_total=6.30, v2_gemm_only=4.85, v2_rs_only=3.27, v2_internal_overlap=22.34%, v2_speedup_vs_torch=0.88, v2_speedup_vs_old=nan, chunk_rows=512, num_chunks=4, active_chunk_window=4, stage_slots=4, comm_lanes=2, n_bands=1, frontier_chunks=2
Rank 3 [custom] latency (ms): torch_total=5.57, torch_gemm_only=3.80, torch_rs_only=2.06, v2_total=6.45, v2_gemm_only=4.87, v2_rs_only=3.48, v2_internal_overlap=22.77%, v2_speedup_vs_torch=0.86, v2_speedup_vs_old=nan, chunk_rows=512, num_chunks=4, active_chunk_window=4, stage_slots=4, comm_lanes=2, n_bands=1, frontier_chunks=2
W0828 20:25:32.341000 42257 site-packages/torch/distributed/run.py:766] 
W0828 20:25:32.341000 42257 site-packages/torch/distributed/run.py:766] *****************************************
W0828 20:25:32.341000 42257 site-packages/torch/distributed/run.py:766] Setting OMP_NUM_THREADS environment variable for each process to be 1 in default, to avoid your system being overloaded, please further tune the variable for optimal performance in your application as needed. 
W0828 20:25:32.341000 42257 site-packages/torch/distributed/run.py:766] *****************************************
<frozen importlib._bootstrap_external>:1301: FutureWarning: The cuda.cuda module is deprecated and will be removed in a future release, please switch to use the cuda.bindings.driver module instead.
<frozen importlib._bootstrap_external>:1301: FutureWarning: The cuda.cudart module is deprecated and will be removed in a future release, please switch to use the cuda.bindings.runtime module instead.
<frozen importlib._bootstrap_external>:1301: FutureWarning: The cuda.cuda module is deprecated and will be removed in a future release, please switch to use the cuda.bindings.driver module instead.
<frozen importlib._bootstrap_external>:1301: FutureWarning: The cuda.cudart module is deprecated and will be removed in a future release, please switch to use the cuda.bindings.runtime module instead.
<frozen importlib._bootstrap_external>:1301: FutureWarning: The cuda.cuda module is deprecated and will be removed in a future release, please switch to use the cuda.bindings.driver module instead.
<frozen importlib._bootstrap_external>:1301: FutureWarning: The cuda.cudart module is deprecated and will be removed in a future release, please switch to use the cuda.bindings.runtime module instead.
<frozen importlib._bootstrap_external>:1301: FutureWarning: The cuda.cuda module is deprecated and will be removed in a future release, please switch to use the cuda.bindings.driver module instead.
<frozen importlib._bootstrap_external>:1301: FutureWarning: The cuda.cudart module is deprecated and will be removed in a future release, please switch to use the cuda.bindings.runtime module instead.
/root/Triton-distributed/python/triton_dist/kernels/nvidia/comm_perf_model.py:78: UserWarning: can not get max bandwidth of interface bonding_masters, return 0...
  warnings.warn(f"can not get max bandwidth of interface {interface}, return 0...")
/root/Triton-distributed/python/triton_dist/kernels/nvidia/comm_perf_model.py:78: UserWarning: can not get max bandwidth of interface bonding_masters, return 0...
  warnings.warn(f"can not get max bandwidth of interface {interface}, return 0...")
/root/Triton-distributed/python/triton_dist/kernels/nvidia/comm_perf_model.py:78: UserWarning: can not get max bandwidth of interface bonding_masters, return 0...
  warnings.warn(f"can not get max bandwidth of interface {interface}, return 0...")
/root/Triton-distributed/python/triton_dist/kernels/nvidia/comm_perf_model.py:78: UserWarning: can not get max bandwidth of interface bonding_masters, return 0...
  warnings.warn(f"can not get max bandwidth of interface {interface}, return 0...")
[search][stage2] candidate 2/8: max_total=6.5700 ms, mean_total=6.4400 ms, speedup_mean=0.8600, speedup_min=0.8400, overlap_mean=21.93%, lead_ratio=1.000 | chunk=512, window=4, stage=4, steady_sms=4, tail_sms=20, lanes=2, bands=1, frontier=2
[custom] test shape: M 8192, N 29568, K 8192
✅ all close!
✅ all close!
✅ all close!
✅ all close!
Rank 0 [custom] latency (ms): torch_total=5.55, torch_gemm_only=3.74, torch_rs_only=2.03, v2_total=6.19, v2_gemm_only=4.85, v2_rs_only=3.12, v2_internal_overlap=22.39%, v2_speedup_vs_torch=0.90, v2_speedup_vs_old=nan, chunk_rows=512, num_chunks=4, active_chunk_window=4, stage_slots=4, comm_lanes=2, n_bands=1, frontier_chunks=2
Rank 1 [custom] latency (ms): torch_total=5.55, torch_gemm_only=3.75, torch_rs_only=2.03, v2_total=6.18, v2_gemm_only=4.83, v2_rs_only=3.07, v2_internal_overlap=21.81%, v2_speedup_vs_torch=0.90, v2_speedup_vs_old=nan, chunk_rows=512, num_chunks=4, active_chunk_window=4, stage_slots=4, comm_lanes=2, n_bands=1, frontier_chunks=2
Rank 2 [custom] latency (ms): torch_total=5.55, torch_gemm_only=3.75, torch_rs_only=2.05, v2_total=6.12, v2_gemm_only=4.85, v2_rs_only=3.06, v2_internal_overlap=22.64%, v2_speedup_vs_torch=0.91, v2_speedup_vs_old=nan, chunk_rows=512, num_chunks=4, active_chunk_window=4, stage_slots=4, comm_lanes=2, n_bands=1, frontier_chunks=2
Rank 3 [custom] latency (ms): torch_total=5.56, torch_gemm_only=3.77, torch_rs_only=2.04, v2_total=6.08, v2_gemm_only=4.84, v2_rs_only=3.17, v2_internal_overlap=24.08%, v2_speedup_vs_torch=0.91, v2_speedup_vs_old=nan, chunk_rows=512, num_chunks=4, active_chunk_window=4, stage_slots=4, comm_lanes=2, n_bands=1, frontier_chunks=2
W0828 20:25:43.328000 42928 site-packages/torch/distributed/run.py:766] 
W0828 20:25:43.328000 42928 site-packages/torch/distributed/run.py:766] *****************************************
W0828 20:25:43.328000 42928 site-packages/torch/distributed/run.py:766] Setting OMP_NUM_THREADS environment variable for each process to be 1 in default, to avoid your system being overloaded, please further tune the variable for optimal performance in your application as needed. 
W0828 20:25:43.328000 42928 site-packages/torch/distributed/run.py:766] *****************************************
<frozen importlib._bootstrap_external>:1301: FutureWarning: The cuda.cuda module is deprecated and will be removed in a future release, please switch to use the cuda.bindings.driver module instead.
<frozen importlib._bootstrap_external>:1301: FutureWarning: The cuda.cudart module is deprecated and will be removed in a future release, please switch to use the cuda.bindings.runtime module instead.
<frozen importlib._bootstrap_external>:1301: FutureWarning: The cuda.cuda module is deprecated and will be removed in a future release, please switch to use the cuda.bindings.driver module instead.
<frozen importlib._bootstrap_external>:1301: FutureWarning: The cuda.cudart module is deprecated and will be removed in a future release, please switch to use the cuda.bindings.runtime module instead.
<frozen importlib._bootstrap_external>:1301: FutureWarning: The cuda.cuda module is deprecated and will be removed in a future release, please switch to use the cuda.bindings.driver module instead.
<frozen importlib._bootstrap_external>:1301: FutureWarning: The cuda.cudart module is deprecated and will be removed in a future release, please switch to use the cuda.bindings.runtime module instead.
<frozen importlib._bootstrap_external>:1301: FutureWarning: The cuda.cuda module is deprecated and will be removed in a future release, please switch to use the cuda.bindings.driver module instead.
<frozen importlib._bootstrap_external>:1301: FutureWarning: The cuda.cudart module is deprecated and will be removed in a future release, please switch to use the cuda.bindings.runtime module instead.
/root/Triton-distributed/python/triton_dist/kernels/nvidia/comm_perf_model.py:78: UserWarning: can not get max bandwidth of interface bonding_masters, return 0...
  warnings.warn(f"can not get max bandwidth of interface {interface}, return 0...")
/root/Triton-distributed/python/triton_dist/kernels/nvidia/comm_perf_model.py:78: UserWarning: can not get max bandwidth of interface bonding_masters, return 0...
  warnings.warn(f"can not get max bandwidth of interface {interface}, return 0...")
/root/Triton-distributed/python/triton_dist/kernels/nvidia/comm_perf_model.py:78: UserWarning: can not get max bandwidth of interface bonding_masters, return 0...
  warnings.warn(f"can not get max bandwidth of interface {interface}, return 0...")
/root/Triton-distributed/python/triton_dist/kernels/nvidia/comm_perf_model.py:78: UserWarning: can not get max bandwidth of interface bonding_masters, return 0...
  warnings.warn(f"can not get max bandwidth of interface {interface}, return 0...")
[search][stage2] candidate 3/8: max_total=6.1900 ms, mean_total=6.1425 ms, speedup_mean=0.9050, speedup_min=0.9000, overlap_mean=22.73%, lead_ratio=1.000 | chunk=512, window=4, stage=4, steady_sms=6, tail_sms=12, lanes=2, bands=1, frontier=2
[custom] test shape: M 8192, N 29568, K 8192
✅ all close!
✅ all close!
✅ all close!
✅ all close!
Rank 0 [custom] latency (ms): torch_total=5.57, torch_gemm_only=3.73, torch_rs_only=2.06, v2_total=6.42, v2_gemm_only=4.83, v2_rs_only=3.01, v2_internal_overlap=18.09%, v2_speedup_vs_torch=0.87, v2_speedup_vs_old=nan, chunk_rows=512, num_chunks=4, active_chunk_window=4, stage_slots=4, comm_lanes=2, n_bands=1, frontier_chunks=2
Rank 1 [custom] latency (ms): torch_total=5.56, torch_gemm_only=3.75, torch_rs_only=2.05, v2_total=6.66, v2_gemm_only=5.60, v2_rs_only=3.17, v2_internal_overlap=23.98%, v2_speedup_vs_torch=0.83, v2_speedup_vs_old=nan, chunk_rows=512, num_chunks=4, active_chunk_window=4, stage_slots=4, comm_lanes=2, n_bands=1, frontier_chunks=2
Rank 2 [custom] latency (ms): torch_total=5.62, torch_gemm_only=3.76, torch_rs_only=2.06, v2_total=6.14, v2_gemm_only=4.85, v2_rs_only=3.02, v2_internal_overlap=22.07%, v2_speedup_vs_torch=0.92, v2_speedup_vs_old=nan, chunk_rows=512, num_chunks=4, active_chunk_window=4, stage_slots=4, comm_lanes=2, n_bands=1, frontier_chunks=2
Rank 3 [custom] latency (ms): torch_total=5.62, torch_gemm_only=3.79, torch_rs_only=2.07, v2_total=6.34, v2_gemm_only=5.09, v2_rs_only=3.16, v2_internal_overlap=23.18%, v2_speedup_vs_torch=0.89, v2_speedup_vs_old=nan, chunk_rows=512, num_chunks=4, active_chunk_window=4, stage_slots=4, comm_lanes=2, n_bands=1, frontier_chunks=2
W0828 20:25:54.485000 43579 site-packages/torch/distributed/run.py:766] 
W0828 20:25:54.485000 43579 site-packages/torch/distributed/run.py:766] *****************************************
W0828 20:25:54.485000 43579 site-packages/torch/distributed/run.py:766] Setting OMP_NUM_THREADS environment variable for each process to be 1 in default, to avoid your system being overloaded, please further tune the variable for optimal performance in your application as needed. 
W0828 20:25:54.485000 43579 site-packages/torch/distributed/run.py:766] *****************************************
<frozen importlib._bootstrap_external>:1301: FutureWarning: The cuda.cuda module is deprecated and will be removed in a future release, please switch to use the cuda.bindings.driver module instead.
<frozen importlib._bootstrap_external>:1301: FutureWarning: The cuda.cudart module is deprecated and will be removed in a future release, please switch to use the cuda.bindings.runtime module instead.
<frozen importlib._bootstrap_external>:1301: FutureWarning: The cuda.cuda module is deprecated and will be removed in a future release, please switch to use the cuda.bindings.driver module instead.
<frozen importlib._bootstrap_external>:1301: FutureWarning: The cuda.cudart module is deprecated and will be removed in a future release, please switch to use the cuda.bindings.runtime module instead.
<frozen importlib._bootstrap_external>:1301: FutureWarning: The cuda.cuda module is deprecated and will be removed in a future release, please switch to use the cuda.bindings.driver module instead.
<frozen importlib._bootstrap_external>:1301: FutureWarning: The cuda.cudart module is deprecated and will be removed in a future release, please switch to use the cuda.bindings.runtime module instead.
<frozen importlib._bootstrap_external>:1301: FutureWarning: The cuda.cuda module is deprecated and will be removed in a future release, please switch to use the cuda.bindings.driver module instead.
<frozen importlib._bootstrap_external>:1301: FutureWarning: The cuda.cudart module is deprecated and will be removed in a future release, please switch to use the cuda.bindings.runtime module instead.
/root/Triton-distributed/python/triton_dist/kernels/nvidia/comm_perf_model.py:78: UserWarning: can not get max bandwidth of interface bonding_masters, return 0...
  warnings.warn(f"can not get max bandwidth of interface {interface}, return 0...")
/root/Triton-distributed/python/triton_dist/kernels/nvidia/comm_perf_model.py:78: UserWarning: can not get max bandwidth of interface bonding_masters, return 0...
  warnings.warn(f"can not get max bandwidth of interface {interface}, return 0...")
/root/Triton-distributed/python/triton_dist/kernels/nvidia/comm_perf_model.py:78: UserWarning: can not get max bandwidth of interface bonding_masters, return 0...
  warnings.warn(f"can not get max bandwidth of interface {interface}, return 0...")
/root/Triton-distributed/python/triton_dist/kernels/nvidia/comm_perf_model.py:78: UserWarning: can not get max bandwidth of interface bonding_masters, return 0...
  warnings.warn(f"can not get max bandwidth of interface {interface}, return 0...")
[search][stage2] candidate 4/8: max_total=6.6600 ms, mean_total=6.3900 ms, speedup_mean=0.8775, speedup_min=0.8300, overlap_mean=21.83%, lead_ratio=1.000 | chunk=512, window=4, stage=4, steady_sms=6, tail_sms=24, lanes=2, bands=1, frontier=2
[custom] test shape: M 8192, N 29568, K 8192
✅ all close!
✅ all close!
✅ all close!
✅ all close!
Rank 0 [custom] latency (ms): torch_total=5.54, torch_gemm_only=3.73, torch_rs_only=2.09, v2_total=5.32, v2_gemm_only=4.89, v2_rs_only=3.12, v2_internal_overlap=33.59%, v2_speedup_vs_torch=1.04, v2_speedup_vs_old=nan, chunk_rows=512, num_chunks=4, active_chunk_window=4, stage_slots=4, comm_lanes=2, n_bands=2, frontier_chunks=1
Rank 1 [custom] latency (ms): torch_total=5.55, torch_gemm_only=3.74, torch_rs_only=2.09, v2_total=5.38, v2_gemm_only=4.90, v2_rs_only=3.05, v2_internal_overlap=32.38%, v2_speedup_vs_torch=1.03, v2_speedup_vs_old=nan, chunk_rows=512, num_chunks=4, active_chunk_window=4, stage_slots=4, comm_lanes=2, n_bands=2, frontier_chunks=1
Rank 2 [custom] latency (ms): torch_total=5.55, torch_gemm_only=3.74, torch_rs_only=2.09, v2_total=5.32, v2_gemm_only=4.91, v2_rs_only=3.11, v2_internal_overlap=33.59%, v2_speedup_vs_torch=1.04, v2_speedup_vs_old=nan, chunk_rows=512, num_chunks=4, active_chunk_window=4, stage_slots=4, comm_lanes=2, n_bands=2, frontier_chunks=1
Rank 3 [custom] latency (ms): torch_total=5.57, torch_gemm_only=3.77, torch_rs_only=2.12, v2_total=5.32, v2_gemm_only=5.03, v2_rs_only=3.14, v2_internal_overlap=34.84%, v2_speedup_vs_torch=1.05, v2_speedup_vs_old=nan, chunk_rows=512, num_chunks=4, active_chunk_window=4, stage_slots=4, comm_lanes=2, n_bands=2, frontier_chunks=1
W0828 20:26:05.370000 44231 site-packages/torch/distributed/run.py:766] 
W0828 20:26:05.370000 44231 site-packages/torch/distributed/run.py:766] *****************************************
W0828 20:26:05.370000 44231 site-packages/torch/distributed/run.py:766] Setting OMP_NUM_THREADS environment variable for each process to be 1 in default, to avoid your system being overloaded, please further tune the variable for optimal performance in your application as needed. 
W0828 20:26:05.370000 44231 site-packages/torch/distributed/run.py:766] *****************************************
<frozen importlib._bootstrap_external>:1301: FutureWarning: The cuda.cuda module is deprecated and will be removed in a future release, please switch to use the cuda.bindings.driver module instead.
<frozen importlib._bootstrap_external>:1301: FutureWarning: The cuda.cudart module is deprecated and will be removed in a future release, please switch to use the cuda.bindings.runtime module instead.
<frozen importlib._bootstrap_external>:1301: FutureWarning: The cuda.cuda module is deprecated and will be removed in a future release, please switch to use the cuda.bindings.driver module instead.
<frozen importlib._bootstrap_external>:1301: FutureWarning: The cuda.cudart module is deprecated and will be removed in a future release, please switch to use the cuda.bindings.runtime module instead.
<frozen importlib._bootstrap_external>:1301: FutureWarning: The cuda.cuda module is deprecated and will be removed in a future release, please switch to use the cuda.bindings.driver module instead.
<frozen importlib._bootstrap_external>:1301: FutureWarning: The cuda.cudart module is deprecated and will be removed in a future release, please switch to use the cuda.bindings.runtime module instead.
<frozen importlib._bootstrap_external>:1301: FutureWarning: The cuda.cuda module is deprecated and will be removed in a future release, please switch to use the cuda.bindings.driver module instead.
<frozen importlib._bootstrap_external>:1301: FutureWarning: The cuda.cudart module is deprecated and will be removed in a future release, please switch to use the cuda.bindings.runtime module instead.
/root/Triton-distributed/python/triton_dist/kernels/nvidia/comm_perf_model.py:78: UserWarning: can not get max bandwidth of interface bonding_masters, return 0...
  warnings.warn(f"can not get max bandwidth of interface {interface}, return 0...")
/root/Triton-distributed/python/triton_dist/kernels/nvidia/comm_perf_model.py:78: UserWarning: can not get max bandwidth of interface bonding_masters, return 0...
  warnings.warn(f"can not get max bandwidth of interface {interface}, return 0...")
/root/Triton-distributed/python/triton_dist/kernels/nvidia/comm_perf_model.py:78: UserWarning: can not get max bandwidth of interface bonding_masters, return 0...
  warnings.warn(f"can not get max bandwidth of interface {interface}, return 0...")
/root/Triton-distributed/python/triton_dist/kernels/nvidia/comm_perf_model.py:78: UserWarning: can not get max bandwidth of interface bonding_masters, return 0...
  warnings.warn(f"can not get max bandwidth of interface {interface}, return 0...")
[search][stage2] candidate 5/8: max_total=5.3800 ms, mean_total=5.3350 ms, speedup_mean=1.0400, speedup_min=1.0300, overlap_mean=33.60%, lead_ratio=2.000 | chunk=512, window=4, stage=4, steady_sms=6, tail_sms=20, lanes=2, bands=2, frontier=1
[custom] test shape: M 8192, N 29568, K 8192
✅ all close!
✅ all close!
✅ all close!
✅ all close!
W0828 20:26:16.138000 44882 site-packages/torch/distributed/run.py:766] 
W0828 20:26:16.138000 44882 site-packages/torch/distributed/run.py:766] *****************************************
W0828 20:26:16.138000 44882 site-packages/torch/distributed/run.py:766] Setting OMP_NUM_THREADS environment variable for each process to be 1 in default, to avoid your system being overloaded, please further tune the variable for optimal performance in your application as needed. 
W0828 20:26:16.138000 44882 site-packages/torch/distributed/run.py:766] *****************************************
<frozen importlib._bootstrap_external>:1301: FutureWarning: The cuda.cuda module is deprecated and will be removed in a future release, please switch to use the cuda.bindings.driver module instead.
<frozen importlib._bootstrap_external>:1301: FutureWarning: The cuda.cudart module is deprecated and will be removed in a future release, please switch to use the cuda.bindings.runtime module instead.
<frozen importlib._bootstrap_external>:1301: FutureWarning: The cuda.cuda module is deprecated and will be removed in a future release, please switch to use the cuda.bindings.driver module instead.
<frozen importlib._bootstrap_external>:1301: FutureWarning: The cuda.cudart module is deprecated and will be removed in a future release, please switch to use the cuda.bindings.runtime module instead.
<frozen importlib._bootstrap_external>:1301: FutureWarning: The cuda.cuda module is deprecated and will be removed in a future release, please switch to use the cuda.bindings.driver module instead.
<frozen importlib._bootstrap_external>:1301: FutureWarning: The cuda.cudart module is deprecated and will be removed in a future release, please switch to use the cuda.bindings.runtime module instead.
<frozen importlib._bootstrap_external>:1301: FutureWarning: The cuda.cuda module is deprecated and will be removed in a future release, please switch to use the cuda.bindings.driver module instead.
<frozen importlib._bootstrap_external>:1301: FutureWarning: The cuda.cudart module is deprecated and will be removed in a future release, please switch to use the cuda.bindings.runtime module instead.
/root/Triton-distributed/python/triton_dist/kernels/nvidia/comm_perf_model.py:78: UserWarning: can not get max bandwidth of interface bonding_masters, return 0...
  warnings.warn(f"can not get max bandwidth of interface {interface}, return 0...")
/root/Triton-distributed/python/triton_dist/kernels/nvidia/comm_perf_model.py:78: UserWarning: can not get max bandwidth of interface bonding_masters, return 0...
  warnings.warn(f"can not get max bandwidth of interface {interface}, return 0...")
/root/Triton-distributed/python/triton_dist/kernels/nvidia/comm_perf_model.py:78: UserWarning: can not get max bandwidth of interface bonding_masters, return 0...
  warnings.warn(f"can not get max bandwidth of interface {interface}, return 0...")
/root/Triton-distributed/python/triton_dist/kernels/nvidia/comm_perf_model.py:78: UserWarning: can not get max bandwidth of interface bonding_masters, return 0...
  warnings.warn(f"can not get max bandwidth of interface {interface}, return 0...")
W0828 20:27:44.794000 44882 site-packages/torch/distributed/elastic/agent/server/api.py:719] Received 15 death signal, shutting down workers
W0828 20:27:44.799000 44882 site-packages/torch/distributed/elastic/multiprocessing/api.py:900] Sending process 44947 closing signal SIGTERM
W0828 20:27:44.799000 44882 site-packages/torch/distributed/elastic/multiprocessing/api.py:900] Sending process 44948 closing signal SIGTERM
W0828 20:27:44.800000 44882 site-packages/torch/distributed/elastic/multiprocessing/api.py:900] Sending process 44949 closing signal SIGTERM
W0828 20:27:44.800000 44882 site-packages/torch/distributed/elastic/multiprocessing/api.py:900] Sending process 44950 closing signal SIGTERM
Traceback (most recent call last):
  File "/root/miniconda3/bin/torchrun", line 7, in <module>
    sys.exit(main())
             ^^^^^^
  File "/root/miniconda3/lib/python3.12/site-packages/torch/distributed/elastic/multiprocessing/errors/__init__.py", line 355, in wrapper
    return f(*args, **kwargs)
           ^^^^^^^^^^^^^^^^^^
  File "/root/miniconda3/lib/python3.12/site-packages/torch/distributed/run.py", line 892, in main
    run(args)
  File "/root/miniconda3/lib/python3.12/site-packages/torch/distributed/run.py", line 883, in run
    elastic_launch(
  File "/root/miniconda3/lib/python3.12/site-packages/torch/distributed/launcher/api.py", line 139, in __call__
    return launch_agent(self._config, self._entrypoint, list(args))
           ^^^^^^^^^^^^^^^^^^^^^^^^^^^^^^^^^^^^^^^^^^^^^^^^^^^^^^^^
  File "/root/miniconda3/lib/python3.12/site-packages/torch/distributed/launcher/api.py", line 261, in launch_agent
    result = agent.run()
             ^^^^^^^^^^^
  File "/root/miniconda3/lib/python3.12/site-packages/torch/distributed/elastic/metrics/api.py", line 138, in wrapper
    result = f(*args, **kwargs)
             ^^^^^^^^^^^^^^^^^^
  File "/root/miniconda3/lib/python3.12/site-packages/torch/distributed/elastic/agent/server/api.py", line 711, in run
    result = self._invoke_run(role)
             ^^^^^^^^^^^^^^^^^^^^^^
  File "/root/miniconda3/lib/python3.12/site-packages/torch/distributed/elastic/agent/server/api.py", line 870, in _invoke_run
    time.sleep(monitor_interval)
  File "/root/miniconda3/lib/python3.12/site-packages/torch/distributed/elastic/multiprocessing/api.py", line 84, in _terminate_process_handler
    raise SignalException(f"Process {os.getpid()} got signal: {sigval}", sigval=sigval)
torch.distributed.elastic.multiprocessing.api.SignalException: Process 44882 got signal: 15
[search] candidate timed out after 90.0s
[search][stage2] candidate 6/8 failed(rc=124): chunk=512, window=4, stage=4, steady_sms=4, tail_sms=20, lanes=2, bands=2, frontier=1
[custom] test shape: M 8192, N 29568, K 8192
✅ all close!
✅ all close!
✅ all close!
✅ all close!
Rank 0 [custom] latency (ms): torch_total=5.60, torch_gemm_only=3.74, torch_rs_only=2.06, v2_total=5.58, v2_gemm_only=5.16, v2_rs_only=3.25, v2_internal_overlap=33.67%, v2_speedup_vs_torch=1.00, v2_speedup_vs_old=nan, chunk_rows=512, num_chunks=4, active_chunk_window=4, stage_slots=4, comm_lanes=2, n_bands=2, frontier_chunks=1
Rank 1 [custom] latency (ms): torch_total=5.59, torch_gemm_only=3.74, torch_rs_only=2.08, v2_total=5.33, v2_gemm_only=4.90, v2_rs_only=3.17, v2_internal_overlap=33.91%, v2_speedup_vs_torch=1.05, v2_speedup_vs_old=nan, chunk_rows=512, num_chunks=4, active_chunk_window=4, stage_slots=4, comm_lanes=2, n_bands=2, frontier_chunks=1
Rank 2 [custom] latency (ms): torch_total=5.61, torch_gemm_only=3.74, torch_rs_only=2.09, v2_total=5.35, v2_gemm_only=4.91, v2_rs_only=3.17, v2_internal_overlap=33.80%, v2_speedup_vs_torch=1.05, v2_speedup_vs_old=nan, chunk_rows=512, num_chunks=4, active_chunk_window=4, stage_slots=4, comm_lanes=2, n_bands=2, frontier_chunks=1
Rank 3 [custom] latency (ms): torch_total=5.61, torch_gemm_only=3.78, torch_rs_only=2.08, v2_total=5.33, v2_gemm_only=5.00, v2_rs_only=3.21, v2_internal_overlap=35.18%, v2_speedup_vs_torch=1.05, v2_speedup_vs_old=nan, chunk_rows=512, num_chunks=4, active_chunk_window=4, stage_slots=4, comm_lanes=2, n_bands=2, frontier_chunks=1
W0828 20:27:47.414000 45192 site-packages/torch/distributed/run.py:766] 
W0828 20:27:47.414000 45192 site-packages/torch/distributed/run.py:766] *****************************************
W0828 20:27:47.414000 45192 site-packages/torch/distributed/run.py:766] Setting OMP_NUM_THREADS environment variable for each process to be 1 in default, to avoid your system being overloaded, please further tune the variable for optimal performance in your application as needed. 
W0828 20:27:47.414000 45192 site-packages/torch/distributed/run.py:766] *****************************************
<frozen importlib._bootstrap_external>:1301: FutureWarning: The cuda.cuda module is deprecated and will be removed in a future release, please switch to use the cuda.bindings.driver module instead.
<frozen importlib._bootstrap_external>:1301: FutureWarning: The cuda.cudart module is deprecated and will be removed in a future release, please switch to use the cuda.bindings.runtime module instead.
<frozen importlib._bootstrap_external>:1301: FutureWarning: The cuda.cuda module is deprecated and will be removed in a future release, please switch to use the cuda.bindings.driver module instead.
<frozen importlib._bootstrap_external>:1301: FutureWarning: The cuda.cudart module is deprecated and will be removed in a future release, please switch to use the cuda.bindings.runtime module instead.
<frozen importlib._bootstrap_external>:1301: FutureWarning: The cuda.cuda module is deprecated and will be removed in a future release, please switch to use the cuda.bindings.driver module instead.
<frozen importlib._bootstrap_external>:1301: FutureWarning: The cuda.cudart module is deprecated and will be removed in a future release, please switch to use the cuda.bindings.runtime module instead.
<frozen importlib._bootstrap_external>:1301: FutureWarning: The cuda.cuda module is deprecated and will be removed in a future release, please switch to use the cuda.bindings.driver module instead.
<frozen importlib._bootstrap_external>:1301: FutureWarning: The cuda.cudart module is deprecated and will be removed in a future release, please switch to use the cuda.bindings.runtime module instead.
/root/Triton-distributed/python/triton_dist/kernels/nvidia/comm_perf_model.py:78: UserWarning: can not get max bandwidth of interface bonding_masters, return 0...
  warnings.warn(f"can not get max bandwidth of interface {interface}, return 0...")
/root/Triton-distributed/python/triton_dist/kernels/nvidia/comm_perf_model.py:78: UserWarning: can not get max bandwidth of interface bonding_masters, return 0...
  warnings.warn(f"can not get max bandwidth of interface {interface}, return 0...")
/root/Triton-distributed/python/triton_dist/kernels/nvidia/comm_perf_model.py:78: UserWarning: can not get max bandwidth of interface bonding_masters, return 0...
  warnings.warn(f"can not get max bandwidth of interface {interface}, return 0...")
/root/Triton-distributed/python/triton_dist/kernels/nvidia/comm_perf_model.py:78: UserWarning: can not get max bandwidth of interface bonding_masters, return 0...
  warnings.warn(f"can not get max bandwidth of interface {interface}, return 0...")
[search][stage2] candidate 7/8: max_total=5.5800 ms, mean_total=5.3975 ms, speedup_mean=1.0375, speedup_min=1.0000, overlap_mean=34.14%, lead_ratio=2.000 | chunk=512, window=4, stage=4, steady_sms=6, tail_sms=12, lanes=2, bands=2, frontier=1
[custom] test shape: M 8192, N 29568, K 8192
✅ all close!
✅ all close!
✅ all close!
✅ all close!
Rank 0 [custom] latency (ms): torch_total=5.55, torch_gemm_only=3.72, torch_rs_only=2.02, v2_total=5.32, v2_gemm_only=4.92, v2_rs_only=3.09, v2_internal_overlap=33.52%, v2_speedup_vs_torch=1.04, v2_speedup_vs_old=nan, chunk_rows=512, num_chunks=4, active_chunk_window=4, stage_slots=4, comm_lanes=2, n_bands=2, frontier_chunks=1
Rank 1 [custom] latency (ms): torch_total=5.55, torch_gemm_only=3.75, torch_rs_only=2.02, v2_total=5.36, v2_gemm_only=4.94, v2_rs_only=3.07, v2_internal_overlap=32.96%, v2_speedup_vs_torch=1.03, v2_speedup_vs_old=nan, chunk_rows=512, num_chunks=4, active_chunk_window=4, stage_slots=4, comm_lanes=2, n_bands=2, frontier_chunks=1
Rank 2 [custom] latency (ms): torch_total=5.55, torch_gemm_only=3.75, torch_rs_only=2.02, v2_total=5.33, v2_gemm_only=4.92, v2_rs_only=3.01, v2_internal_overlap=32.77%, v2_speedup_vs_torch=1.04, v2_speedup_vs_old=nan, chunk_rows=512, num_chunks=4, active_chunk_window=4, stage_slots=4, comm_lanes=2, n_bands=2, frontier_chunks=1
Rank 3 [custom] latency (ms): torch_total=5.57, torch_gemm_only=3.78, torch_rs_only=2.02, v2_total=5.33, v2_gemm_only=5.06, v2_rs_only=3.05, v2_internal_overlap=34.22%, v2_speedup_vs_torch=1.04, v2_speedup_vs_old=nan, chunk_rows=512, num_chunks=4, active_chunk_window=4, stage_slots=4, comm_lanes=2, n_bands=2, frontier_chunks=1
W0828 20:27:58.400000 45843 site-packages/torch/distributed/run.py:766] 
W0828 20:27:58.400000 45843 site-packages/torch/distributed/run.py:766] *****************************************
W0828 20:27:58.400000 45843 site-packages/torch/distributed/run.py:766] Setting OMP_NUM_THREADS environment variable for each process to be 1 in default, to avoid your system being overloaded, please further tune the variable for optimal performance in your application as needed. 
W0828 20:27:58.400000 45843 site-packages/torch/distributed/run.py:766] *****************************************
<frozen importlib._bootstrap_external>:1301: FutureWarning: The cuda.cuda module is deprecated and will be removed in a future release, please switch to use the cuda.bindings.driver module instead.
<frozen importlib._bootstrap_external>:1301: FutureWarning: The cuda.cudart module is deprecated and will be removed in a future release, please switch to use the cuda.bindings.runtime module instead.
<frozen importlib._bootstrap_external>:1301: FutureWarning: The cuda.cuda module is deprecated and will be removed in a future release, please switch to use the cuda.bindings.driver module instead.
<frozen importlib._bootstrap_external>:1301: FutureWarning: The cuda.cudart module is deprecated and will be removed in a future release, please switch to use the cuda.bindings.runtime module instead.
<frozen importlib._bootstrap_external>:1301: FutureWarning: The cuda.cuda module is deprecated and will be removed in a future release, please switch to use the cuda.bindings.driver module instead.
<frozen importlib._bootstrap_external>:1301: FutureWarning: The cuda.cudart module is deprecated and will be removed in a future release, please switch to use the cuda.bindings.runtime module instead.
<frozen importlib._bootstrap_external>:1301: FutureWarning: The cuda.cuda module is deprecated and will be removed in a future release, please switch to use the cuda.bindings.driver module instead.
<frozen importlib._bootstrap_external>:1301: FutureWarning: The cuda.cudart module is deprecated and will be removed in a future release, please switch to use the cuda.bindings.runtime module instead.
/root/Triton-distributed/python/triton_dist/kernels/nvidia/comm_perf_model.py:78: UserWarning: can not get max bandwidth of interface bonding_masters, return 0...
  warnings.warn(f"can not get max bandwidth of interface {interface}, return 0...")
/root/Triton-distributed/python/triton_dist/kernels/nvidia/comm_perf_model.py:78: UserWarning: can not get max bandwidth of interface bonding_masters, return 0...
  warnings.warn(f"can not get max bandwidth of interface {interface}, return 0...")
/root/Triton-distributed/python/triton_dist/kernels/nvidia/comm_perf_model.py:78: UserWarning: can not get max bandwidth of interface bonding_masters, return 0...
  warnings.warn(f"can not get max bandwidth of interface {interface}, return 0...")
/root/Triton-distributed/python/triton_dist/kernels/nvidia/comm_perf_model.py:78: UserWarning: can not get max bandwidth of interface bonding_masters, return 0...
  warnings.warn(f"can not get max bandwidth of interface {interface}, return 0...")
[search][stage2] candidate 8/8: max_total=5.3600 ms, mean_total=5.3350 ms, speedup_mean=1.0375, speedup_min=1.0300, overlap_mean=33.37%, lead_ratio=2.000 | chunk=512, window=4, stage=4, steady_sms=6, tail_sms=24, lanes=2, bands=2, frontier=1
[search] Top Candidates
  #1: max_total=5.3600 ms, mean_total=5.3350 ms, speedup_mean=1.0375, speedup_min=1.0300, overlap_mean=33.37%, lead_ratio=2.000 | chunk=512, window=4, stage=4, steady_sms=6, tail_sms=24, lanes=2, bands=2, frontier=1
  #2: max_total=5.3800 ms, mean_total=5.3350 ms, speedup_mean=1.0400, speedup_min=1.0300, overlap_mean=33.60%, lead_ratio=2.000 | chunk=512, window=4, stage=4, steady_sms=6, tail_sms=20, lanes=2, bands=2, frontier=1
  #3: max_total=5.5800 ms, mean_total=5.3975 ms, speedup_mean=1.0375, speedup_min=1.0000, overlap_mean=34.14%, lead_ratio=2.000 | chunk=512, window=4, stage=4, steady_sms=6, tail_sms=12, lanes=2, bands=2, frontier=1
  #4: max_total=6.1900 ms, mean_total=6.1425 ms, speedup_mean=0.9050, speedup_min=0.9000, overlap_mean=22.73%, lead_ratio=1.000 | chunk=512, window=4, stage=4, steady_sms=6, tail_sms=12, lanes=2, bands=1, frontier=2
[search] best command:
torchrun --nproc_per_node 4 /root/Triton-distributed/python/triton_dist/benchmark/bench_3rdv5_frontier_windowed_panel_gemmrs.py --M 8192 --N 29568 --K 8192 --mode v2 --iters 10 --warmup_iters 5 --dtype bfloat16 --target_chunks_per_rank 2 --min_chunk_rows 512 --tail_chunk_window 1 --chunk_rows 512 --active_chunk_window 4 --stage_slots 4 --steady_sms 6 --tail_sms 24 --comm_lanes 2 --n_bands 2 --frontier_chunks 1 --profile_target v2 --no-autotune --trans_b --local_seed_direct
[search] verifying top candidate #1: chunk=512, window=4, stage=4, steady_sms=6, tail_sms=24, lanes=2, bands=2, frontier=1
[custom] test shape: M 8192, N 29568, K 8192
✅ all close!
✅ all close!
✅ all close!
✅ all close!
Rank 0 [custom] latency (ms): torch_total=5.57, torch_gemm_only=3.73, torch_rs_only=2.01, v2_total=5.33, v2_gemm_only=4.94, v2_rs_only=3.09, v2_internal_overlap=33.66%, v2_speedup_vs_torch=1.05, v2_speedup_vs_old=nan, chunk_rows=512, num_chunks=4, active_chunk_window=4, stage_slots=4, comm_lanes=2, n_bands=2, frontier_chunks=1
Rank 1 [custom] latency (ms): torch_total=5.57, torch_gemm_only=3.81, torch_rs_only=2.02, v2_total=5.44, v2_gemm_only=4.97, v2_rs_only=3.11, v2_internal_overlap=32.71%, v2_speedup_vs_torch=1.03, v2_speedup_vs_old=nan, chunk_rows=512, num_chunks=4, active_chunk_window=4, stage_slots=4, comm_lanes=2, n_bands=2, frontier_chunks=1
Rank 2 [custom] latency (ms): torch_total=5.57, torch_gemm_only=3.82, torch_rs_only=2.01, v2_total=5.38, v2_gemm_only=4.97, v2_rs_only=3.09, v2_internal_overlap=33.26%, v2_speedup_vs_torch=1.03, v2_speedup_vs_old=nan, chunk_rows=512, num_chunks=4, active_chunk_window=4, stage_slots=4, comm_lanes=2, n_bands=2, frontier_chunks=1
Rank 3 [custom] latency (ms): torch_total=5.59, torch_gemm_only=3.96, torch_rs_only=2.01, v2_total=5.52, v2_gemm_only=5.11, v2_rs_only=3.10, v2_internal_overlap=32.75%, v2_speedup_vs_torch=1.01, v2_speedup_vs_old=nan, chunk_rows=512, num_chunks=4, active_chunk_window=4, stage_slots=4, comm_lanes=2, n_bands=2, frontier_chunks=1
W0828 20:28:09.312000 46494 site-packages/torch/distributed/run.py:766] 
W0828 20:28:09.312000 46494 site-packages/torch/distributed/run.py:766] *****************************************
W0828 20:28:09.312000 46494 site-packages/torch/distributed/run.py:766] Setting OMP_NUM_THREADS environment variable for each process to be 1 in default, to avoid your system being overloaded, please further tune the variable for optimal performance in your application as needed. 
W0828 20:28:09.312000 46494 site-packages/torch/distributed/run.py:766] *****************************************
<frozen importlib._bootstrap_external>:1301: FutureWarning: The cuda.cuda module is deprecated and will be removed in a future release, please switch to use the cuda.bindings.driver module instead.
<frozen importlib._bootstrap_external>:1301: FutureWarning: The cuda.cudart module is deprecated and will be removed in a future release, please switch to use the cuda.bindings.runtime module instead.
<frozen importlib._bootstrap_external>:1301: FutureWarning: The cuda.cuda module is deprecated and will be removed in a future release, please switch to use the cuda.bindings.driver module instead.
<frozen importlib._bootstrap_external>:1301: FutureWarning: The cuda.cudart module is deprecated and will be removed in a future release, please switch to use the cuda.bindings.runtime module instead.
<frozen importlib._bootstrap_external>:1301: FutureWarning: The cuda.cuda module is deprecated and will be removed in a future release, please switch to use the cuda.bindings.driver module instead.
<frozen importlib._bootstrap_external>:1301: FutureWarning: The cuda.cudart module is deprecated and will be removed in a future release, please switch to use the cuda.bindings.runtime module instead.
<frozen importlib._bootstrap_external>:1301: FutureWarning: The cuda.cuda module is deprecated and will be removed in a future release, please switch to use the cuda.bindings.driver module instead.
<frozen importlib._bootstrap_external>:1301: FutureWarning: The cuda.cudart module is deprecated and will be removed in a future release, please switch to use the cuda.bindings.runtime module instead.
/root/Triton-distributed/python/triton_dist/kernels/nvidia/comm_perf_model.py:78: UserWarning: can not get max bandwidth of interface bonding_masters, return 0...
  warnings.warn(f"can not get max bandwidth of interface {interface}, return 0...")
/root/Triton-distributed/python/triton_dist/kernels/nvidia/comm_perf_model.py:78: UserWarning: can not get max bandwidth of interface bonding_masters, return 0...
  warnings.warn(f"can not get max bandwidth of interface {interface}, return 0...")
/root/Triton-distributed/python/triton_dist/kernels/nvidia/comm_perf_model.py:78: UserWarning: can not get max bandwidth of interface bonding_masters, return 0...
  warnings.warn(f"can not get max bandwidth of interface {interface}, return 0...")
/root/Triton-distributed/python/triton_dist/kernels/nvidia/comm_perf_model.py:78: UserWarning: can not get max bandwidth of interface bonding_masters, return 0...
  warnings.warn(f"can not get max bandwidth of interface {interface}, return 0...")
[search] verifying top candidate #2: chunk=512, window=4, stage=4, steady_sms=6, tail_sms=20, lanes=2, bands=2, frontier=1
[custom] test shape: M 8192, N 29568, K 8192
✅ all close!
✅ all close!
✅ all close!
✅ all close!
Rank 0 [custom] latency (ms): torch_total=5.61, torch_gemm_only=3.81, torch_rs_only=2.01, v2_total=5.33, v2_gemm_only=4.88, v2_rs_only=3.12, v2_internal_overlap=33.27%, v2_speedup_vs_torch=1.05, v2_speedup_vs_old=nan, chunk_rows=512, num_chunks=4, active_chunk_window=4, stage_slots=4, comm_lanes=2, n_bands=2, frontier_chunks=1
Rank 1 [custom] latency (ms): torch_total=5.59, torch_gemm_only=3.82, torch_rs_only=2.01, v2_total=5.62, v2_gemm_only=4.94, v2_rs_only=3.12, v2_internal_overlap=30.20%, v2_speedup_vs_torch=0.99, v2_speedup_vs_old=nan, chunk_rows=512, num_chunks=4, active_chunk_window=4, stage_slots=4, comm_lanes=2, n_bands=2, frontier_chunks=1
Rank 2 [custom] latency (ms): torch_total=5.58, torch_gemm_only=3.81, torch_rs_only=2.01, v2_total=5.36, v2_gemm_only=4.91, v2_rs_only=3.14, v2_internal_overlap=33.45%, v2_speedup_vs_torch=1.04, v2_speedup_vs_old=nan, chunk_rows=512, num_chunks=4, active_chunk_window=4, stage_slots=4, comm_lanes=2, n_bands=2, frontier_chunks=1
Rank 3 [custom] latency (ms): torch_total=5.61, torch_gemm_only=3.84, torch_rs_only=2.01, v2_total=5.90, v2_gemm_only=5.28, v2_rs_only=3.12, v2_internal_overlap=29.67%, v2_speedup_vs_torch=0.95, v2_speedup_vs_old=nan, chunk_rows=512, num_chunks=4, active_chunk_window=4, stage_slots=4, comm_lanes=2, n_bands=2, frontier_chunks=1
W0828 20:28:20.301000 47672 site-packages/torch/distributed/run.py:766] 
W0828 20:28:20.301000 47672 site-packages/torch/distributed/run.py:766] *****************************************
W0828 20:28:20.301000 47672 site-packages/torch/distributed/run.py:766] Setting OMP_NUM_THREADS environment variable for each process to be 1 in default, to avoid your system being overloaded, please further tune the variable for optimal performance in your application as needed. 
W0828 20:28:20.301000 47672 site-packages/torch/distributed/run.py:766] *****************************************
<frozen importlib._bootstrap_external>:1301: FutureWarning: The cuda.cuda module is deprecated and will be removed in a future release, please switch to use the cuda.bindings.driver module instead.
<frozen importlib._bootstrap_external>:1301: FutureWarning: The cuda.cudart module is deprecated and will be removed in a future release, please switch to use the cuda.bindings.runtime module instead.
<frozen importlib._bootstrap_external>:1301: FutureWarning: The cuda.cuda module is deprecated and will be removed in a future release, please switch to use the cuda.bindings.driver module instead.
<frozen importlib._bootstrap_external>:1301: FutureWarning: The cuda.cudart module is deprecated and will be removed in a future release, please switch to use the cuda.bindings.runtime module instead.
<frozen importlib._bootstrap_external>:1301: FutureWarning: The cuda.cuda module is deprecated and will be removed in a future release, please switch to use the cuda.bindings.driver module instead.
<frozen importlib._bootstrap_external>:1301: FutureWarning: The cuda.cudart module is deprecated and will be removed in a future release, please switch to use the cuda.bindings.runtime module instead.
<frozen importlib._bootstrap_external>:1301: FutureWarning: The cuda.cuda module is deprecated and will be removed in a future release, please switch to use the cuda.bindings.driver module instead.
<frozen importlib._bootstrap_external>:1301: FutureWarning: The cuda.cudart module is deprecated and will be removed in a future release, please switch to use the cuda.bindings.runtime module instead.
/root/Triton-distributed/python/triton_dist/kernels/nvidia/comm_perf_model.py:78: UserWarning: can not get max bandwidth of interface bonding_masters, return 0...
  warnings.warn(f"can not get max bandwidth of interface {interface}, return 0...")
/root/Triton-distributed/python/triton_dist/kernels/nvidia/comm_perf_model.py:78: UserWarning: can not get max bandwidth of interface bonding_masters, return 0...
  warnings.warn(f"can not get max bandwidth of interface {interface}, return 0...")
/root/Triton-distributed/python/triton_dist/kernels/nvidia/comm_perf_model.py:78: UserWarning: can not get max bandwidth of interface bonding_masters, return 0...
  warnings.warn(f"can not get max bandwidth of interface {interface}, return 0...")
/root/Triton-distributed/python/triton_dist/kernels/nvidia/comm_perf_model.py:78: UserWarning: can not get max bandwidth of interface bonding_masters, return 0...
  warnings.warn(f"can not get max bandwidth of interface {interface}, return 0...")
[search] verifying top candidate #3: chunk=512, window=4, stage=4, steady_sms=6, tail_sms=12, lanes=2, bands=2, frontier=1
[custom] test shape: M 8192, N 29568, K 8192
✅ all close!
✅ all close!
✅ all close!
✅ all close!
Rank 0 [custom] latency (ms): torch_total=5.59, torch_gemm_only=3.80, torch_rs_only=2.10, v2_total=5.43, v2_gemm_only=5.02, v2_rs_only=3.17, v2_internal_overlap=33.64%, v2_speedup_vs_torch=1.03, v2_speedup_vs_old=nan, chunk_rows=512, num_chunks=4, active_chunk_window=4, stage_slots=4, comm_lanes=2, n_bands=2, frontier_chunks=1
Rank 1 [custom] latency (ms): torch_total=5.57, torch_gemm_only=3.81, torch_rs_only=2.11, v2_total=5.42, v2_gemm_only=4.98, v2_rs_only=3.20, v2_internal_overlap=33.79%, v2_speedup_vs_torch=1.03, v2_speedup_vs_old=nan, chunk_rows=512, num_chunks=4, active_chunk_window=4, stage_slots=4, comm_lanes=2, n_bands=2, frontier_chunks=1
Rank 2 [custom] latency (ms): torch_total=5.58, torch_gemm_only=3.82, torch_rs_only=2.11, v2_total=5.41, v2_gemm_only=4.97, v2_rs_only=3.22, v2_internal_overlap=33.99%, v2_speedup_vs_torch=1.03, v2_speedup_vs_old=nan, chunk_rows=512, num_chunks=4, active_chunk_window=4, stage_slots=4, comm_lanes=2, n_bands=2, frontier_chunks=1
Rank 3 [custom] latency (ms): torch_total=5.60, torch_gemm_only=3.93, torch_rs_only=2.12, v2_total=5.47, v2_gemm_only=5.13, v2_rs_only=3.22, v2_internal_overlap=34.52%, v2_speedup_vs_torch=1.02, v2_speedup_vs_old=nan, chunk_rows=512, num_chunks=4, active_chunk_window=4, stage_slots=4, comm_lanes=2, n_bands=2, frontier_chunks=1
W0828 20:28:31.696000 48827 site-packages/torch/distributed/run.py:766] 
W0828 20:28:31.696000 48827 site-packages/torch/distributed/run.py:766] *****************************************
W0828 20:28:31.696000 48827 site-packages/torch/distributed/run.py:766] Setting OMP_NUM_THREADS environment variable for each process to be 1 in default, to avoid your system being overloaded, please further tune the variable for optimal performance in your application as needed. 
W0828 20:28:31.696000 48827 site-packages/torch/distributed/run.py:766] *****************************************
<frozen importlib._bootstrap_external>:1301: FutureWarning: The cuda.cuda module is deprecated and will be removed in a future release, please switch to use the cuda.bindings.driver module instead.
<frozen importlib._bootstrap_external>:1301: FutureWarning: The cuda.cudart module is deprecated and will be removed in a future release, please switch to use the cuda.bindings.runtime module instead.
<frozen importlib._bootstrap_external>:1301: FutureWarning: The cuda.cuda module is deprecated and will be removed in a future release, please switch to use the cuda.bindings.driver module instead.
<frozen importlib._bootstrap_external>:1301: FutureWarning: The cuda.cudart module is deprecated and will be removed in a future release, please switch to use the cuda.bindings.runtime module instead.
<frozen importlib._bootstrap_external>:1301: FutureWarning: The cuda.cuda module is deprecated and will be removed in a future release, please switch to use the cuda.bindings.driver module instead.
<frozen importlib._bootstrap_external>:1301: FutureWarning: The cuda.cudart module is deprecated and will be removed in a future release, please switch to use the cuda.bindings.runtime module instead.
<frozen importlib._bootstrap_external>:1301: FutureWarning: The cuda.cuda module is deprecated and will be removed in a future release, please switch to use the cuda.bindings.driver module instead.
<frozen importlib._bootstrap_external>:1301: FutureWarning: The cuda.cudart module is deprecated and will be removed in a future release, please switch to use the cuda.bindings.runtime module instead.
/root/Triton-distributed/python/triton_dist/kernels/nvidia/comm_perf_model.py:78: UserWarning: can not get max bandwidth of interface bonding_masters, return 0...
  warnings.warn(f"can not get max bandwidth of interface {interface}, return 0...")
/root/Triton-distributed/python/triton_dist/kernels/nvidia/comm_perf_model.py:78: UserWarning: can not get max bandwidth of interface bonding_masters, return 0...
  warnings.warn(f"can not get max bandwidth of interface {interface}, return 0...")
/root/Triton-distributed/python/triton_dist/kernels/nvidia/comm_perf_model.py:78: UserWarning: can not get max bandwidth of interface bonding_masters, return 0...
  warnings.warn(f"can not get max bandwidth of interface {interface}, return 0...")
/root/Triton-distributed/python/triton_dist/kernels/nvidia/comm_perf_model.py:78: UserWarning: can not get max bandwidth of interface bonding_masters, return 0...
  warnings.warn(f"can not get max bandwidth of interface {interface}, return 0...")
[search] Verified Top Candidates
  #1: max_total=5.4700 ms, mean_total=5.4325 ms, speedup_mean=1.0275, speedup_min=1.0200, overlap_mean=33.98%, lead_ratio=2.000 | chunk=512, window=4, stage=4, steady_sms=6, tail_sms=12, lanes=2, bands=2, frontier=1
  #2: max_total=5.5200 ms, mean_total=5.4175 ms, speedup_mean=1.0300, speedup_min=1.0100, overlap_mean=33.09%, lead_ratio=2.000 | chunk=512, window=4, stage=4, steady_sms=6, tail_sms=24, lanes=2, bands=2, frontier=1
  #3: max_total=5.9000 ms, mean_total=5.5525 ms, speedup_mean=1.0075, speedup_min=0.9500, overlap_mean=31.65%, lead_ratio=2.000 | chunk=512, window=4, stage=4, steady_sms=6, tail_sms=20, lanes=2, bands=2, frontier=1

[search] ===== two-stage retry r2 begin 2026-08-28T20:29:55+08:00 =====
[search] two-stage search for M=8192, N=29568, K=8192, nproc=4
[search] structural candidates total=16, buckets=2, bucket_topk=2, stage1 structural candidates=4, stage2 sms_pairs=4, stage2 refine_topk=2, fast_budget=50, verify_topk=3
[custom] test shape: M 8192, N 29568, K 8192
✅ all close!
✅ all close!
✅ all close!
✅ all close!
Rank 0 [custom] latency (ms): torch_total=5.58, torch_gemm_only=3.73, torch_rs_only=2.03, v2_total=6.81, v2_gemm_only=5.87, v2_rs_only=3.49, v2_internal_overlap=27.32%, v2_speedup_vs_torch=0.82, v2_speedup_vs_old=nan, chunk_rows=512, num_chunks=4, active_chunk_window=4, stage_slots=4, comm_lanes=2, n_bands=1, frontier_chunks=2
Rank 1 [custom] latency (ms): torch_total=5.56, torch_gemm_only=3.74, torch_rs_only=2.05, v2_total=6.27, v2_gemm_only=4.83, v2_rs_only=3.32, v2_internal_overlap=23.08%, v2_speedup_vs_torch=0.89, v2_speedup_vs_old=nan, chunk_rows=512, num_chunks=4, active_chunk_window=4, stage_slots=4, comm_lanes=2, n_bands=1, frontier_chunks=2
Rank 2 [custom] latency (ms): torch_total=5.56, torch_gemm_only=3.75, torch_rs_only=2.03, v2_total=6.37, v2_gemm_only=4.85, v2_rs_only=3.33, v2_internal_overlap=22.09%, v2_speedup_vs_torch=0.87, v2_speedup_vs_old=nan, chunk_rows=512, num_chunks=4, active_chunk_window=4, stage_slots=4, comm_lanes=2, n_bands=1, frontier_chunks=2
Rank 3 [custom] latency (ms): torch_total=5.56, torch_gemm_only=3.77, torch_rs_only=2.03, v2_total=6.53, v2_gemm_only=4.83, v2_rs_only=3.28, v2_internal_overlap=19.59%, v2_speedup_vs_torch=0.85, v2_speedup_vs_old=nan, chunk_rows=512, num_chunks=4, active_chunk_window=4, stage_slots=4, comm_lanes=2, n_bands=1, frontier_chunks=2
W0828 20:29:56.716000 50065 site-packages/torch/distributed/run.py:766] 
W0828 20:29:56.716000 50065 site-packages/torch/distributed/run.py:766] *****************************************
W0828 20:29:56.716000 50065 site-packages/torch/distributed/run.py:766] Setting OMP_NUM_THREADS environment variable for each process to be 1 in default, to avoid your system being overloaded, please further tune the variable for optimal performance in your application as needed. 
W0828 20:29:56.716000 50065 site-packages/torch/distributed/run.py:766] *****************************************
<frozen importlib._bootstrap_external>:1301: FutureWarning: The cuda.cuda module is deprecated and will be removed in a future release, please switch to use the cuda.bindings.driver module instead.
<frozen importlib._bootstrap_external>:1301: FutureWarning: The cuda.cudart module is deprecated and will be removed in a future release, please switch to use the cuda.bindings.runtime module instead.
<frozen importlib._bootstrap_external>:1301: FutureWarning: The cuda.cuda module is deprecated and will be removed in a future release, please switch to use the cuda.bindings.driver module instead.
<frozen importlib._bootstrap_external>:1301: FutureWarning: The cuda.cudart module is deprecated and will be removed in a future release, please switch to use the cuda.bindings.runtime module instead.
<frozen importlib._bootstrap_external>:1301: FutureWarning: The cuda.cuda module is deprecated and will be removed in a future release, please switch to use the cuda.bindings.driver module instead.
<frozen importlib._bootstrap_external>:1301: FutureWarning: The cuda.cudart module is deprecated and will be removed in a future release, please switch to use the cuda.bindings.runtime module instead.
<frozen importlib._bootstrap_external>:1301: FutureWarning: The cuda.cuda module is deprecated and will be removed in a future release, please switch to use the cuda.bindings.driver module instead.
<frozen importlib._bootstrap_external>:1301: FutureWarning: The cuda.cudart module is deprecated and will be removed in a future release, please switch to use the cuda.bindings.runtime module instead.
/root/Triton-distributed/python/triton_dist/kernels/nvidia/comm_perf_model.py:78: UserWarning: can not get max bandwidth of interface bonding_masters, return 0...
  warnings.warn(f"can not get max bandwidth of interface {interface}, return 0...")
/root/Triton-distributed/python/triton_dist/kernels/nvidia/comm_perf_model.py:78: UserWarning: can not get max bandwidth of interface bonding_masters, return 0...
  warnings.warn(f"can not get max bandwidth of interface {interface}, return 0...")
/root/Triton-distributed/python/triton_dist/kernels/nvidia/comm_perf_model.py:78: UserWarning: can not get max bandwidth of interface bonding_masters, return 0...
  warnings.warn(f"can not get max bandwidth of interface {interface}, return 0...")
/root/Triton-distributed/python/triton_dist/kernels/nvidia/comm_perf_model.py:78: UserWarning: can not get max bandwidth of interface bonding_masters, return 0...
  warnings.warn(f"can not get max bandwidth of interface {interface}, return 0...")
[search][stage1] candidate 1/4: max_total=6.8100 ms, mean_total=6.4950 ms, speedup_mean=0.8575, speedup_min=0.8200, overlap_mean=23.02%, lead_ratio=1.000 | chunk=512, window=4, stage=4, steady_sms=6, tail_sms=20, lanes=2, bands=1, frontier=2
[custom] test shape: M 8192, N 29568, K 8192
✅ all close!
✅ all close!
✅ all close!
✅ all close!
Rank 0 [custom] latency (ms): torch_total=5.56, torch_gemm_only=3.76, torch_rs_only=2.03, v2_total=6.00, v2_gemm_only=4.85, v2_rs_only=3.33, v2_internal_overlap=26.65%, v2_speedup_vs_torch=0.93, v2_speedup_vs_old=nan, chunk_rows=512, num_chunks=4, active_chunk_window=4, stage_slots=4, comm_lanes=2, n_bands=1, frontier_chunks=1
Rank 1 [custom] latency (ms): torch_total=5.56, torch_gemm_only=3.75, torch_rs_only=2.02, v2_total=6.02, v2_gemm_only=4.83, v2_rs_only=3.19, v2_internal_overlap=24.97%, v2_speedup_vs_torch=0.92, v2_speedup_vs_old=nan, chunk_rows=512, num_chunks=4, active_chunk_window=4, stage_slots=4, comm_lanes=2, n_bands=1, frontier_chunks=1
Rank 2 [custom] latency (ms): torch_total=5.55, torch_gemm_only=3.75, torch_rs_only=2.03, v2_total=5.90, v2_gemm_only=4.85, v2_rs_only=3.20, v2_internal_overlap=26.64%, v2_speedup_vs_torch=0.94, v2_speedup_vs_old=nan, chunk_rows=512, num_chunks=4, active_chunk_window=4, stage_slots=4, comm_lanes=2, n_bands=1, frontier_chunks=1
Rank 3 [custom] latency (ms): torch_total=5.56, torch_gemm_only=3.76, torch_rs_only=2.04, v2_total=5.88, v2_gemm_only=4.84, v2_rs_only=3.12, v2_internal_overlap=26.12%, v2_speedup_vs_torch=0.95, v2_speedup_vs_old=nan, chunk_rows=512, num_chunks=4, active_chunk_window=4, stage_slots=4, comm_lanes=2, n_bands=1, frontier_chunks=1
W0828 20:30:07.618000 50740 site-packages/torch/distributed/run.py:766] 
W0828 20:30:07.618000 50740 site-packages/torch/distributed/run.py:766] *****************************************
W0828 20:30:07.618000 50740 site-packages/torch/distributed/run.py:766] Setting OMP_NUM_THREADS environment variable for each process to be 1 in default, to avoid your system being overloaded, please further tune the variable for optimal performance in your application as needed. 
W0828 20:30:07.618000 50740 site-packages/torch/distributed/run.py:766] *****************************************
<frozen importlib._bootstrap_external>:1301: FutureWarning: The cuda.cuda module is deprecated and will be removed in a future release, please switch to use the cuda.bindings.driver module instead.
<frozen importlib._bootstrap_external>:1301: FutureWarning: The cuda.cudart module is deprecated and will be removed in a future release, please switch to use the cuda.bindings.runtime module instead.
<frozen importlib._bootstrap_external>:1301: FutureWarning: The cuda.cuda module is deprecated and will be removed in a future release, please switch to use the cuda.bindings.driver module instead.
<frozen importlib._bootstrap_external>:1301: FutureWarning: The cuda.cudart module is deprecated and will be removed in a future release, please switch to use the cuda.bindings.runtime module instead.
<frozen importlib._bootstrap_external>:1301: FutureWarning: The cuda.cuda module is deprecated and will be removed in a future release, please switch to use the cuda.bindings.driver module instead.
<frozen importlib._bootstrap_external>:1301: FutureWarning: The cuda.cudart module is deprecated and will be removed in a future release, please switch to use the cuda.bindings.runtime module instead.
<frozen importlib._bootstrap_external>:1301: FutureWarning: The cuda.cuda module is deprecated and will be removed in a future release, please switch to use the cuda.bindings.driver module instead.
<frozen importlib._bootstrap_external>:1301: FutureWarning: The cuda.cudart module is deprecated and will be removed in a future release, please switch to use the cuda.bindings.runtime module instead.
/root/Triton-distributed/python/triton_dist/kernels/nvidia/comm_perf_model.py:78: UserWarning: can not get max bandwidth of interface bonding_masters, return 0...
  warnings.warn(f"can not get max bandwidth of interface {interface}, return 0...")
/root/Triton-distributed/python/triton_dist/kernels/nvidia/comm_perf_model.py:78: UserWarning: can not get max bandwidth of interface bonding_masters, return 0...
  warnings.warn(f"can not get max bandwidth of interface {interface}, return 0...")
/root/Triton-distributed/python/triton_dist/kernels/nvidia/comm_perf_model.py:78: UserWarning: can not get max bandwidth of interface bonding_masters, return 0...
  warnings.warn(f"can not get max bandwidth of interface {interface}, return 0...")
/root/Triton-distributed/python/triton_dist/kernels/nvidia/comm_perf_model.py:78: UserWarning: can not get max bandwidth of interface bonding_masters, return 0...
  warnings.warn(f"can not get max bandwidth of interface {interface}, return 0...")
[search][stage1] candidate 2/4: max_total=6.0200 ms, mean_total=5.9500 ms, speedup_mean=0.9350, speedup_min=0.9200, overlap_mean=26.10%, lead_ratio=1.000 | chunk=512, window=4, stage=4, steady_sms=6, tail_sms=20, lanes=2, bands=1, frontier=1
[custom] test shape: M 8192, N 29568, K 8192
✅ all close!
✅ all close!
✅ all close!
✅ all close!
Rank 0 [custom] latency (ms): torch_total=5.56, torch_gemm_only=3.74, torch_rs_only=2.04, v2_total=5.36, v2_gemm_only=4.96, v2_rs_only=3.04, v2_internal_overlap=32.99%, v2_speedup_vs_torch=1.04, v2_speedup_vs_old=nan, chunk_rows=512, num_chunks=4, active_chunk_window=4, stage_slots=4, comm_lanes=2, n_bands=2, frontier_chunks=2
Rank 1 [custom] latency (ms): torch_total=5.54, torch_gemm_only=3.75, torch_rs_only=2.05, v2_total=5.34, v2_gemm_only=4.90, v2_rs_only=3.02, v2_internal_overlap=32.60%, v2_speedup_vs_torch=1.04, v2_speedup_vs_old=nan, chunk_rows=512, num_chunks=4, active_chunk_window=4, stage_slots=4, comm_lanes=2, n_bands=2, frontier_chunks=2
Rank 2 [custom] latency (ms): torch_total=5.55, torch_gemm_only=3.74, torch_rs_only=2.07, v2_total=5.31, v2_gemm_only=4.91, v2_rs_only=3.07, v2_internal_overlap=33.43%, v2_speedup_vs_torch=1.05, v2_speedup_vs_old=nan, chunk_rows=512, num_chunks=4, active_chunk_window=4, stage_slots=4, comm_lanes=2, n_bands=2, frontier_chunks=2
Rank 3 [custom] latency (ms): torch_total=5.56, torch_gemm_only=3.78, torch_rs_only=2.06, v2_total=5.31, v2_gemm_only=4.95, v2_rs_only=3.07, v2_internal_overlap=33.88%, v2_speedup_vs_torch=1.05, v2_speedup_vs_old=nan, chunk_rows=512, num_chunks=4, active_chunk_window=4, stage_slots=4, comm_lanes=2, n_bands=2, frontier_chunks=2
W0828 20:30:18.688000 51391 site-packages/torch/distributed/run.py:766] 
W0828 20:30:18.688000 51391 site-packages/torch/distributed/run.py:766] *****************************************
W0828 20:30:18.688000 51391 site-packages/torch/distributed/run.py:766] Setting OMP_NUM_THREADS environment variable for each process to be 1 in default, to avoid your system being overloaded, please further tune the variable for optimal performance in your application as needed. 
W0828 20:30:18.688000 51391 site-packages/torch/distributed/run.py:766] *****************************************
<frozen importlib._bootstrap_external>:1301: FutureWarning: The cuda.cuda module is deprecated and will be removed in a future release, please switch to use the cuda.bindings.driver module instead.
<frozen importlib._bootstrap_external>:1301: FutureWarning: The cuda.cudart module is deprecated and will be removed in a future release, please switch to use the cuda.bindings.runtime module instead.
<frozen importlib._bootstrap_external>:1301: FutureWarning: The cuda.cuda module is deprecated and will be removed in a future release, please switch to use the cuda.bindings.driver module instead.
<frozen importlib._bootstrap_external>:1301: FutureWarning: The cuda.cudart module is deprecated and will be removed in a future release, please switch to use the cuda.bindings.runtime module instead.
<frozen importlib._bootstrap_external>:1301: FutureWarning: The cuda.cuda module is deprecated and will be removed in a future release, please switch to use the cuda.bindings.driver module instead.
<frozen importlib._bootstrap_external>:1301: FutureWarning: The cuda.cudart module is deprecated and will be removed in a future release, please switch to use the cuda.bindings.runtime module instead.
<frozen importlib._bootstrap_external>:1301: FutureWarning: The cuda.cuda module is deprecated and will be removed in a future release, please switch to use the cuda.bindings.driver module instead.
<frozen importlib._bootstrap_external>:1301: FutureWarning: The cuda.cudart module is deprecated and will be removed in a future release, please switch to use the cuda.bindings.runtime module instead.
/root/Triton-distributed/python/triton_dist/kernels/nvidia/comm_perf_model.py:78: UserWarning: can not get max bandwidth of interface bonding_masters, return 0...
  warnings.warn(f"can not get max bandwidth of interface {interface}, return 0...")
/root/Triton-distributed/python/triton_dist/kernels/nvidia/comm_perf_model.py:78: UserWarning: can not get max bandwidth of interface bonding_masters, return 0...
  warnings.warn(f"can not get max bandwidth of interface {interface}, return 0...")
/root/Triton-distributed/python/triton_dist/kernels/nvidia/comm_perf_model.py:78: UserWarning: can not get max bandwidth of interface bonding_masters, return 0...
  warnings.warn(f"can not get max bandwidth of interface {interface}, return 0...")
/root/Triton-distributed/python/triton_dist/kernels/nvidia/comm_perf_model.py:78: UserWarning: can not get max bandwidth of interface bonding_masters, return 0...
  warnings.warn(f"can not get max bandwidth of interface {interface}, return 0...")
[search][stage1] candidate 3/4: max_total=5.3600 ms, mean_total=5.3300 ms, speedup_mean=1.0450, speedup_min=1.0400, overlap_mean=33.23%, lead_ratio=2.000 | chunk=512, window=4, stage=4, steady_sms=6, tail_sms=20, lanes=2, bands=2, frontier=2
[custom] test shape: M 8192, N 29568, K 8192
✅ all close!
✅ all close!
✅ all close!
✅ all close!
Rank 0 [custom] latency (ms): torch_total=5.55, torch_gemm_only=3.75, torch_rs_only=2.04, v2_total=5.31, v2_gemm_only=4.93, v2_rs_only=3.17, v2_internal_overlap=34.43%, v2_speedup_vs_torch=1.04, v2_speedup_vs_old=nan, chunk_rows=512, num_chunks=4, active_chunk_window=4, stage_slots=4, comm_lanes=2, n_bands=2, frontier_chunks=1
Rank 1 [custom] latency (ms): torch_total=5.55, torch_gemm_only=3.75, torch_rs_only=2.06, v2_total=5.34, v2_gemm_only=4.90, v2_rs_only=3.19, v2_internal_overlap=34.01%, v2_speedup_vs_torch=1.04, v2_speedup_vs_old=nan, chunk_rows=512, num_chunks=4, active_chunk_window=4, stage_slots=4, comm_lanes=2, n_bands=2, frontier_chunks=1
Rank 2 [custom] latency (ms): torch_total=5.56, torch_gemm_only=3.74, torch_rs_only=2.07, v2_total=5.34, v2_gemm_only=4.92, v2_rs_only=3.13, v2_internal_overlap=33.63%, v2_speedup_vs_torch=1.04, v2_speedup_vs_old=nan, chunk_rows=512, num_chunks=4, active_chunk_window=4, stage_slots=4, comm_lanes=2, n_bands=2, frontier_chunks=1
Rank 3 [custom] latency (ms): torch_total=5.57, torch_gemm_only=3.78, torch_rs_only=2.06, v2_total=5.32, v2_gemm_only=5.03, v2_rs_only=3.13, v2_internal_overlap=34.81%, v2_speedup_vs_torch=1.05, v2_speedup_vs_old=nan, chunk_rows=512, num_chunks=4, active_chunk_window=4, stage_slots=4, comm_lanes=2, n_bands=2, frontier_chunks=1
W0828 20:30:29.568000 52042 site-packages/torch/distributed/run.py:766] 
W0828 20:30:29.568000 52042 site-packages/torch/distributed/run.py:766] *****************************************
W0828 20:30:29.568000 52042 site-packages/torch/distributed/run.py:766] Setting OMP_NUM_THREADS environment variable for each process to be 1 in default, to avoid your system being overloaded, please further tune the variable for optimal performance in your application as needed. 
W0828 20:30:29.568000 52042 site-packages/torch/distributed/run.py:766] *****************************************
<frozen importlib._bootstrap_external>:1301: FutureWarning: The cuda.cuda module is deprecated and will be removed in a future release, please switch to use the cuda.bindings.driver module instead.
<frozen importlib._bootstrap_external>:1301: FutureWarning: The cuda.cudart module is deprecated and will be removed in a future release, please switch to use the cuda.bindings.runtime module instead.
<frozen importlib._bootstrap_external>:1301: FutureWarning: The cuda.cuda module is deprecated and will be removed in a future release, please switch to use the cuda.bindings.driver module instead.
<frozen importlib._bootstrap_external>:1301: FutureWarning: The cuda.cudart module is deprecated and will be removed in a future release, please switch to use the cuda.bindings.runtime module instead.
<frozen importlib._bootstrap_external>:1301: FutureWarning: The cuda.cuda module is deprecated and will be removed in a future release, please switch to use the cuda.bindings.driver module instead.
<frozen importlib._bootstrap_external>:1301: FutureWarning: The cuda.cudart module is deprecated and will be removed in a future release, please switch to use the cuda.bindings.runtime module instead.
<frozen importlib._bootstrap_external>:1301: FutureWarning: The cuda.cuda module is deprecated and will be removed in a future release, please switch to use the cuda.bindings.driver module instead.
<frozen importlib._bootstrap_external>:1301: FutureWarning: The cuda.cudart module is deprecated and will be removed in a future release, please switch to use the cuda.bindings.runtime module instead.
/root/Triton-distributed/python/triton_dist/kernels/nvidia/comm_perf_model.py:78: UserWarning: can not get max bandwidth of interface bonding_masters, return 0...
  warnings.warn(f"can not get max bandwidth of interface {interface}, return 0...")
/root/Triton-distributed/python/triton_dist/kernels/nvidia/comm_perf_model.py:78: UserWarning: can not get max bandwidth of interface bonding_masters, return 0...
  warnings.warn(f"can not get max bandwidth of interface {interface}, return 0...")
/root/Triton-distributed/python/triton_dist/kernels/nvidia/comm_perf_model.py:78: UserWarning: can not get max bandwidth of interface bonding_masters, return 0...
  warnings.warn(f"can not get max bandwidth of interface {interface}, return 0...")
/root/Triton-distributed/python/triton_dist/kernels/nvidia/comm_perf_model.py:78: UserWarning: can not get max bandwidth of interface bonding_masters, return 0...
  warnings.warn(f"can not get max bandwidth of interface {interface}, return 0...")
[search][stage1] candidate 4/4: max_total=5.3400 ms, mean_total=5.3275 ms, speedup_mean=1.0425, speedup_min=1.0400, overlap_mean=34.22%, lead_ratio=2.000 | chunk=512, window=4, stage=4, steady_sms=6, tail_sms=20, lanes=2, bands=2, frontier=1
[search] Stage1 Top Structural Candidates
  #1: max_total=5.3400 ms, mean_total=5.3275 ms, speedup_mean=1.0425, speedup_min=1.0400, overlap_mean=34.22%, lead_ratio=2.000 | chunk=512, window=4, stage=4, steady_sms=6, tail_sms=20, lanes=2, bands=2, frontier=1
  #2: max_total=5.3600 ms, mean_total=5.3300 ms, speedup_mean=1.0450, speedup_min=1.0400, overlap_mean=33.23%, lead_ratio=2.000 | chunk=512, window=4, stage=4, steady_sms=6, tail_sms=20, lanes=2, bands=2, frontier=2
  #3: max_total=6.0200 ms, mean_total=5.9500 ms, speedup_mean=0.9350, speedup_min=0.9200, overlap_mean=26.10%, lead_ratio=1.000 | chunk=512, window=4, stage=4, steady_sms=6, tail_sms=20, lanes=2, bands=1, frontier=1
  #4: max_total=6.8100 ms, mean_total=6.4950 ms, speedup_mean=0.8575, speedup_min=0.8200, overlap_mean=23.02%, lead_ratio=1.000 | chunk=512, window=4, stage=4, steady_sms=6, tail_sms=20, lanes=2, bands=1, frontier=2
[custom] test shape: M 8192, N 29568, K 8192
✅ all close!
✅ all close!
✅ all close!
✅ all close!
Rank 0 [custom] latency (ms): torch_total=5.55, torch_gemm_only=3.74, torch_rs_only=2.09, v2_total=5.56, v2_gemm_only=4.89, v2_rs_only=3.00, v2_internal_overlap=29.56%, v2_speedup_vs_torch=1.00, v2_speedup_vs_old=nan, chunk_rows=512, num_chunks=4, active_chunk_window=4, stage_slots=4, comm_lanes=2, n_bands=2, frontier_chunks=1
Rank 1 [custom] latency (ms): torch_total=5.55, torch_gemm_only=3.74, torch_rs_only=2.09, v2_total=6.44, v2_gemm_only=5.17, v2_rs_only=3.02, v2_internal_overlap=21.41%, v2_speedup_vs_torch=0.86, v2_speedup_vs_old=nan, chunk_rows=512, num_chunks=4, active_chunk_window=4, stage_slots=4, comm_lanes=2, n_bands=2, frontier_chunks=1
Rank 2 [custom] latency (ms): torch_total=5.54, torch_gemm_only=3.72, torch_rs_only=2.10, v2_total=6.36, v2_gemm_only=4.92, v2_rs_only=2.99, v2_internal_overlap=19.59%, v2_speedup_vs_torch=0.87, v2_speedup_vs_old=nan, chunk_rows=512, num_chunks=4, active_chunk_window=4, stage_slots=4, comm_lanes=2, n_bands=2, frontier_chunks=1
Rank 3 [custom] latency (ms): torch_total=5.57, torch_gemm_only=3.79, torch_rs_only=2.12, v2_total=5.56, v2_gemm_only=4.90, v2_rs_only=2.97, v2_internal_overlap=29.34%, v2_speedup_vs_torch=1.00, v2_speedup_vs_old=nan, chunk_rows=512, num_chunks=4, active_chunk_window=4, stage_slots=4, comm_lanes=2, n_bands=2, frontier_chunks=1
W0828 20:30:40.588000 52711 site-packages/torch/distributed/run.py:766] 
W0828 20:30:40.588000 52711 site-packages/torch/distributed/run.py:766] *****************************************
W0828 20:30:40.588000 52711 site-packages/torch/distributed/run.py:766] Setting OMP_NUM_THREADS environment variable for each process to be 1 in default, to avoid your system being overloaded, please further tune the variable for optimal performance in your application as needed. 
W0828 20:30:40.588000 52711 site-packages/torch/distributed/run.py:766] *****************************************
<frozen importlib._bootstrap_external>:1301: FutureWarning: The cuda.cuda module is deprecated and will be removed in a future release, please switch to use the cuda.bindings.driver module instead.
<frozen importlib._bootstrap_external>:1301: FutureWarning: The cuda.cudart module is deprecated and will be removed in a future release, please switch to use the cuda.bindings.runtime module instead.
<frozen importlib._bootstrap_external>:1301: FutureWarning: The cuda.cuda module is deprecated and will be removed in a future release, please switch to use the cuda.bindings.driver module instead.
<frozen importlib._bootstrap_external>:1301: FutureWarning: The cuda.cudart module is deprecated and will be removed in a future release, please switch to use the cuda.bindings.runtime module instead.
<frozen importlib._bootstrap_external>:1301: FutureWarning: The cuda.cuda module is deprecated and will be removed in a future release, please switch to use the cuda.bindings.driver module instead.
<frozen importlib._bootstrap_external>:1301: FutureWarning: The cuda.cudart module is deprecated and will be removed in a future release, please switch to use the cuda.bindings.runtime module instead.
<frozen importlib._bootstrap_external>:1301: FutureWarning: The cuda.cuda module is deprecated and will be removed in a future release, please switch to use the cuda.bindings.driver module instead.
<frozen importlib._bootstrap_external>:1301: FutureWarning: The cuda.cudart module is deprecated and will be removed in a future release, please switch to use the cuda.bindings.runtime module instead.
/root/Triton-distributed/python/triton_dist/kernels/nvidia/comm_perf_model.py:78: UserWarning: can not get max bandwidth of interface bonding_masters, return 0...
  warnings.warn(f"can not get max bandwidth of interface {interface}, return 0...")
/root/Triton-distributed/python/triton_dist/kernels/nvidia/comm_perf_model.py:78: UserWarning: can not get max bandwidth of interface bonding_masters, return 0...
  warnings.warn(f"can not get max bandwidth of interface {interface}, return 0...")
/root/Triton-distributed/python/triton_dist/kernels/nvidia/comm_perf_model.py:78: UserWarning: can not get max bandwidth of interface bonding_masters, return 0...
  warnings.warn(f"can not get max bandwidth of interface {interface}, return 0...")
/root/Triton-distributed/python/triton_dist/kernels/nvidia/comm_perf_model.py:78: UserWarning: can not get max bandwidth of interface bonding_masters, return 0...
  warnings.warn(f"can not get max bandwidth of interface {interface}, return 0...")
[search][stage2] candidate 1/8: max_total=6.4400 ms, mean_total=5.9800 ms, speedup_mean=0.9325, speedup_min=0.8600, overlap_mean=24.98%, lead_ratio=2.000 | chunk=512, window=4, stage=4, steady_sms=6, tail_sms=20, lanes=2, bands=2, frontier=1
[custom] test shape: M 8192, N 29568, K 8192
✅ all close!
✅ all close!
✅ all close!
✅ all close!
Rank 0 [custom] latency (ms): torch_total=5.54, torch_gemm_only=3.73, torch_rs_only=2.07, v2_total=5.60, v2_gemm_only=4.89, v2_rs_only=3.13, v2_internal_overlap=30.13%, v2_speedup_vs_torch=0.99, v2_speedup_vs_old=nan, chunk_rows=512, num_chunks=4, active_chunk_window=4, stage_slots=4, comm_lanes=2, n_bands=2, frontier_chunks=1
Rank 1 [custom] latency (ms): torch_total=5.55, torch_gemm_only=3.75, torch_rs_only=2.07, v2_total=5.85, v2_gemm_only=5.11, v2_rs_only=3.13, v2_internal_overlap=28.97%, v2_speedup_vs_torch=0.95, v2_speedup_vs_old=nan, chunk_rows=512, num_chunks=4, active_chunk_window=4, stage_slots=4, comm_lanes=2, n_bands=2, frontier_chunks=1
Rank 2 [custom] latency (ms): torch_total=5.55, torch_gemm_only=3.74, torch_rs_only=2.05, v2_total=5.63, v2_gemm_only=4.92, v2_rs_only=3.15, v2_internal_overlap=30.19%, v2_speedup_vs_torch=0.99, v2_speedup_vs_old=nan, chunk_rows=512, num_chunks=4, active_chunk_window=4, stage_slots=4, comm_lanes=2, n_bands=2, frontier_chunks=1
Rank 3 [custom] latency (ms): torch_total=5.56, torch_gemm_only=3.80, torch_rs_only=2.07, v2_total=5.61, v2_gemm_only=4.91, v2_rs_only=3.19, v2_internal_overlap=30.82%, v2_speedup_vs_torch=0.99, v2_speedup_vs_old=nan, chunk_rows=512, num_chunks=4, active_chunk_window=4, stage_slots=4, comm_lanes=2, n_bands=2, frontier_chunks=1
W0828 20:30:51.514000 53388 site-packages/torch/distributed/run.py:766] 
W0828 20:30:51.514000 53388 site-packages/torch/distributed/run.py:766] *****************************************
W0828 20:30:51.514000 53388 site-packages/torch/distributed/run.py:766] Setting OMP_NUM_THREADS environment variable for each process to be 1 in default, to avoid your system being overloaded, please further tune the variable for optimal performance in your application as needed. 
W0828 20:30:51.514000 53388 site-packages/torch/distributed/run.py:766] *****************************************
<frozen importlib._bootstrap_external>:1301: FutureWarning: The cuda.cuda module is deprecated and will be removed in a future release, please switch to use the cuda.bindings.driver module instead.
<frozen importlib._bootstrap_external>:1301: FutureWarning: The cuda.cudart module is deprecated and will be removed in a future release, please switch to use the cuda.bindings.runtime module instead.
<frozen importlib._bootstrap_external>:1301: FutureWarning: The cuda.cuda module is deprecated and will be removed in a future release, please switch to use the cuda.bindings.driver module instead.
<frozen importlib._bootstrap_external>:1301: FutureWarning: The cuda.cudart module is deprecated and will be removed in a future release, please switch to use the cuda.bindings.runtime module instead.
<frozen importlib._bootstrap_external>:1301: FutureWarning: The cuda.cuda module is deprecated and will be removed in a future release, please switch to use the cuda.bindings.driver module instead.
<frozen importlib._bootstrap_external>:1301: FutureWarning: The cuda.cudart module is deprecated and will be removed in a future release, please switch to use the cuda.bindings.runtime module instead.
<frozen importlib._bootstrap_external>:1301: FutureWarning: The cuda.cuda module is deprecated and will be removed in a future release, please switch to use the cuda.bindings.driver module instead.
<frozen importlib._bootstrap_external>:1301: FutureWarning: The cuda.cudart module is deprecated and will be removed in a future release, please switch to use the cuda.bindings.runtime module instead.
/root/Triton-distributed/python/triton_dist/kernels/nvidia/comm_perf_model.py:78: UserWarning: can not get max bandwidth of interface bonding_masters, return 0...
  warnings.warn(f"can not get max bandwidth of interface {interface}, return 0...")
/root/Triton-distributed/python/triton_dist/kernels/nvidia/comm_perf_model.py:78: UserWarning: can not get max bandwidth of interface bonding_masters, return 0...
  warnings.warn(f"can not get max bandwidth of interface {interface}, return 0...")
/root/Triton-distributed/python/triton_dist/kernels/nvidia/comm_perf_model.py:78: UserWarning: can not get max bandwidth of interface bonding_masters, return 0...
  warnings.warn(f"can not get max bandwidth of interface {interface}, return 0...")
/root/Triton-distributed/python/triton_dist/kernels/nvidia/comm_perf_model.py:78: UserWarning: can not get max bandwidth of interface bonding_masters, return 0...
  warnings.warn(f"can not get max bandwidth of interface {interface}, return 0...")
[search][stage2] candidate 2/8: max_total=5.8500 ms, mean_total=5.6725 ms, speedup_mean=0.9800, speedup_min=0.9500, overlap_mean=30.03%, lead_ratio=2.000 | chunk=512, window=4, stage=4, steady_sms=4, tail_sms=20, lanes=2, bands=2, frontier=1
[custom] test shape: M 8192, N 29568, K 8192
✅ all close!
✅ all close!
✅ all close!
✅ all close!
Rank 0 [custom] latency (ms): torch_total=5.57, torch_gemm_only=3.72, torch_rs_only=2.07, v2_total=5.32, v2_gemm_only=4.90, v2_rs_only=3.13, v2_internal_overlap=33.73%, v2_speedup_vs_torch=1.05, v2_speedup_vs_old=nan, chunk_rows=512, num_chunks=4, active_chunk_window=4, stage_slots=4, comm_lanes=2, n_bands=2, frontier_chunks=1
Rank 1 [custom] latency (ms): torch_total=5.57, torch_gemm_only=3.74, torch_rs_only=2.05, v2_total=5.32, v2_gemm_only=4.94, v2_rs_only=3.16, v2_internal_overlap=34.27%, v2_speedup_vs_torch=1.05, v2_speedup_vs_old=nan, chunk_rows=512, num_chunks=4, active_chunk_window=4, stage_slots=4, comm_lanes=2, n_bands=2, frontier_chunks=1
Rank 2 [custom] latency (ms): torch_total=5.56, torch_gemm_only=3.75, torch_rs_only=2.03, v2_total=5.33, v2_gemm_only=4.95, v2_rs_only=3.18, v2_internal_overlap=34.36%, v2_speedup_vs_torch=1.04, v2_speedup_vs_old=nan, chunk_rows=512, num_chunks=4, active_chunk_window=4, stage_slots=4, comm_lanes=2, n_bands=2, frontier_chunks=1
Rank 3 [custom] latency (ms): torch_total=5.58, torch_gemm_only=3.77, torch_rs_only=2.04, v2_total=5.32, v2_gemm_only=4.99, v2_rs_only=3.11, v2_internal_overlap=34.33%, v2_speedup_vs_torch=1.05, v2_speedup_vs_old=nan, chunk_rows=512, num_chunks=4, active_chunk_window=4, stage_slots=4, comm_lanes=2, n_bands=2, frontier_chunks=1
W0828 20:31:02.393000 54044 site-packages/torch/distributed/run.py:766] 
W0828 20:31:02.393000 54044 site-packages/torch/distributed/run.py:766] *****************************************
W0828 20:31:02.393000 54044 site-packages/torch/distributed/run.py:766] Setting OMP_NUM_THREADS environment variable for each process to be 1 in default, to avoid your system being overloaded, please further tune the variable for optimal performance in your application as needed. 
W0828 20:31:02.393000 54044 site-packages/torch/distributed/run.py:766] *****************************************
<frozen importlib._bootstrap_external>:1301: FutureWarning: The cuda.cuda module is deprecated and will be removed in a future release, please switch to use the cuda.bindings.driver module instead.
<frozen importlib._bootstrap_external>:1301: FutureWarning: The cuda.cudart module is deprecated and will be removed in a future release, please switch to use the cuda.bindings.runtime module instead.
<frozen importlib._bootstrap_external>:1301: FutureWarning: The cuda.cuda module is deprecated and will be removed in a future release, please switch to use the cuda.bindings.driver module instead.
<frozen importlib._bootstrap_external>:1301: FutureWarning: The cuda.cudart module is deprecated and will be removed in a future release, please switch to use the cuda.bindings.runtime module instead.
<frozen importlib._bootstrap_external>:1301: FutureWarning: The cuda.cuda module is deprecated and will be removed in a future release, please switch to use the cuda.bindings.driver module instead.
<frozen importlib._bootstrap_external>:1301: FutureWarning: The cuda.cudart module is deprecated and will be removed in a future release, please switch to use the cuda.bindings.runtime module instead.
<frozen importlib._bootstrap_external>:1301: FutureWarning: The cuda.cuda module is deprecated and will be removed in a future release, please switch to use the cuda.bindings.driver module instead.
<frozen importlib._bootstrap_external>:1301: FutureWarning: The cuda.cudart module is deprecated and will be removed in a future release, please switch to use the cuda.bindings.runtime module instead.
/root/Triton-distributed/python/triton_dist/kernels/nvidia/comm_perf_model.py:78: UserWarning: can not get max bandwidth of interface bonding_masters, return 0...
  warnings.warn(f"can not get max bandwidth of interface {interface}, return 0...")
/root/Triton-distributed/python/triton_dist/kernels/nvidia/comm_perf_model.py:78: UserWarning: can not get max bandwidth of interface bonding_masters, return 0...
  warnings.warn(f"can not get max bandwidth of interface {interface}, return 0...")
/root/Triton-distributed/python/triton_dist/kernels/nvidia/comm_perf_model.py:78: UserWarning: can not get max bandwidth of interface bonding_masters, return 0...
  warnings.warn(f"can not get max bandwidth of interface {interface}, return 0...")
/root/Triton-distributed/python/triton_dist/kernels/nvidia/comm_perf_model.py:78: UserWarning: can not get max bandwidth of interface bonding_masters, return 0...
  warnings.warn(f"can not get max bandwidth of interface {interface}, return 0...")
[search][stage2] candidate 3/8: max_total=5.3300 ms, mean_total=5.3225 ms, speedup_mean=1.0475, speedup_min=1.0400, overlap_mean=34.17%, lead_ratio=2.000 | chunk=512, window=4, stage=4, steady_sms=6, tail_sms=12, lanes=2, bands=2, frontier=1
[custom] test shape: M 8192, N 29568, K 8192
✅ all close!
✅ all close!
✅ all close!
✅ all close!
Rank 0 [custom] latency (ms): torch_total=5.57, torch_gemm_only=3.77, torch_rs_only=2.04, v2_total=5.33, v2_gemm_only=4.95, v2_rs_only=3.10, v2_internal_overlap=33.74%, v2_speedup_vs_torch=1.04, v2_speedup_vs_old=nan, chunk_rows=512, num_chunks=4, active_chunk_window=4, stage_slots=4, comm_lanes=2, n_bands=2, frontier_chunks=1
Rank 1 [custom] latency (ms): torch_total=5.55, torch_gemm_only=3.74, torch_rs_only=2.03, v2_total=5.33, v2_gemm_only=4.90, v2_rs_only=3.07, v2_internal_overlap=33.16%, v2_speedup_vs_torch=1.04, v2_speedup_vs_old=nan, chunk_rows=512, num_chunks=4, active_chunk_window=4, stage_slots=4, comm_lanes=2, n_bands=2, frontier_chunks=1
Rank 2 [custom] latency (ms): torch_total=5.56, torch_gemm_only=3.74, torch_rs_only=2.06, v2_total=5.34, v2_gemm_only=4.97, v2_rs_only=3.11, v2_internal_overlap=33.90%, v2_speedup_vs_torch=1.04, v2_speedup_vs_old=nan, chunk_rows=512, num_chunks=4, active_chunk_window=4, stage_slots=4, comm_lanes=2, n_bands=2, frontier_chunks=1
Rank 3 [custom] latency (ms): torch_total=5.58, torch_gemm_only=3.79, torch_rs_only=2.05, v2_total=5.33, v2_gemm_only=4.93, v2_rs_only=3.13, v2_internal_overlap=33.77%, v2_speedup_vs_torch=1.05, v2_speedup_vs_old=nan, chunk_rows=512, num_chunks=4, active_chunk_window=4, stage_slots=4, comm_lanes=2, n_bands=2, frontier_chunks=1
W0828 20:31:13.285000 54695 site-packages/torch/distributed/run.py:766] 
W0828 20:31:13.285000 54695 site-packages/torch/distributed/run.py:766] *****************************************
W0828 20:31:13.285000 54695 site-packages/torch/distributed/run.py:766] Setting OMP_NUM_THREADS environment variable for each process to be 1 in default, to avoid your system being overloaded, please further tune the variable for optimal performance in your application as needed. 
W0828 20:31:13.285000 54695 site-packages/torch/distributed/run.py:766] *****************************************
<frozen importlib._bootstrap_external>:1301: FutureWarning: The cuda.cuda module is deprecated and will be removed in a future release, please switch to use the cuda.bindings.driver module instead.
<frozen importlib._bootstrap_external>:1301: FutureWarning: The cuda.cudart module is deprecated and will be removed in a future release, please switch to use the cuda.bindings.runtime module instead.
<frozen importlib._bootstrap_external>:1301: FutureWarning: The cuda.cuda module is deprecated and will be removed in a future release, please switch to use the cuda.bindings.driver module instead.
<frozen importlib._bootstrap_external>:1301: FutureWarning: The cuda.cudart module is deprecated and will be removed in a future release, please switch to use the cuda.bindings.runtime module instead.
<frozen importlib._bootstrap_external>:1301: FutureWarning: The cuda.cuda module is deprecated and will be removed in a future release, please switch to use the cuda.bindings.driver module instead.
<frozen importlib._bootstrap_external>:1301: FutureWarning: The cuda.cudart module is deprecated and will be removed in a future release, please switch to use the cuda.bindings.runtime module instead.
<frozen importlib._bootstrap_external>:1301: FutureWarning: The cuda.cuda module is deprecated and will be removed in a future release, please switch to use the cuda.bindings.driver module instead.
<frozen importlib._bootstrap_external>:1301: FutureWarning: The cuda.cudart module is deprecated and will be removed in a future release, please switch to use the cuda.bindings.runtime module instead.
/root/Triton-distributed/python/triton_dist/kernels/nvidia/comm_perf_model.py:78: UserWarning: can not get max bandwidth of interface bonding_masters, return 0...
  warnings.warn(f"can not get max bandwidth of interface {interface}, return 0...")
/root/Triton-distributed/python/triton_dist/kernels/nvidia/comm_perf_model.py:78: UserWarning: can not get max bandwidth of interface bonding_masters, return 0...
  warnings.warn(f"can not get max bandwidth of interface {interface}, return 0...")
/root/Triton-distributed/python/triton_dist/kernels/nvidia/comm_perf_model.py:78: UserWarning: can not get max bandwidth of interface bonding_masters, return 0...
  warnings.warn(f"can not get max bandwidth of interface {interface}, return 0...")
/root/Triton-distributed/python/triton_dist/kernels/nvidia/comm_perf_model.py:78: UserWarning: can not get max bandwidth of interface bonding_masters, return 0...
  warnings.warn(f"can not get max bandwidth of interface {interface}, return 0...")
[search][stage2] candidate 4/8: max_total=5.3400 ms, mean_total=5.3325 ms, speedup_mean=1.0425, speedup_min=1.0400, overlap_mean=33.64%, lead_ratio=2.000 | chunk=512, window=4, stage=4, steady_sms=6, tail_sms=24, lanes=2, bands=2, frontier=1
[custom] test shape: M 8192, N 29568, K 8192
✅ all close!
✅ all close!
✅ all close!
✅ all close!
Rank 0 [custom] latency (ms): torch_total=5.60, torch_gemm_only=3.74, torch_rs_only=2.02, v2_total=5.40, v2_gemm_only=4.91, v2_rs_only=3.13, v2_internal_overlap=32.79%, v2_speedup_vs_torch=1.04, v2_speedup_vs_old=nan, chunk_rows=512, num_chunks=4, active_chunk_window=4, stage_slots=4, comm_lanes=2, n_bands=2, frontier_chunks=2
Rank 1 [custom] latency (ms): torch_total=5.59, torch_gemm_only=3.74, torch_rs_only=2.05, v2_total=5.34, v2_gemm_only=4.92, v2_rs_only=3.14, v2_internal_overlap=33.75%, v2_speedup_vs_torch=1.05, v2_speedup_vs_old=nan, chunk_rows=512, num_chunks=4, active_chunk_window=4, stage_slots=4, comm_lanes=2, n_bands=2, frontier_chunks=2
Rank 2 [custom] latency (ms): torch_total=5.59, torch_gemm_only=3.73, torch_rs_only=2.04, v2_total=5.32, v2_gemm_only=4.91, v2_rs_only=3.05, v2_internal_overlap=33.11%, v2_speedup_vs_torch=1.05, v2_speedup_vs_old=nan, chunk_rows=512, num_chunks=4, active_chunk_window=4, stage_slots=4, comm_lanes=2, n_bands=2, frontier_chunks=2
Rank 3 [custom] latency (ms): torch_total=5.61, torch_gemm_only=3.80, torch_rs_only=2.04, v2_total=5.35, v2_gemm_only=5.00, v2_rs_only=3.09, v2_internal_overlap=33.80%, v2_speedup_vs_torch=1.05, v2_speedup_vs_old=nan, chunk_rows=512, num_chunks=4, active_chunk_window=4, stage_slots=4, comm_lanes=2, n_bands=2, frontier_chunks=2
W0828 20:31:24.167000 55346 site-packages/torch/distributed/run.py:766] 
W0828 20:31:24.167000 55346 site-packages/torch/distributed/run.py:766] *****************************************
W0828 20:31:24.167000 55346 site-packages/torch/distributed/run.py:766] Setting OMP_NUM_THREADS environment variable for each process to be 1 in default, to avoid your system being overloaded, please further tune the variable for optimal performance in your application as needed. 
W0828 20:31:24.167000 55346 site-packages/torch/distributed/run.py:766] *****************************************
<frozen importlib._bootstrap_external>:1301: FutureWarning: The cuda.cuda module is deprecated and will be removed in a future release, please switch to use the cuda.bindings.driver module instead.
<frozen importlib._bootstrap_external>:1301: FutureWarning: The cuda.cudart module is deprecated and will be removed in a future release, please switch to use the cuda.bindings.runtime module instead.
<frozen importlib._bootstrap_external>:1301: FutureWarning: The cuda.cuda module is deprecated and will be removed in a future release, please switch to use the cuda.bindings.driver module instead.
<frozen importlib._bootstrap_external>:1301: FutureWarning: The cuda.cudart module is deprecated and will be removed in a future release, please switch to use the cuda.bindings.runtime module instead.
<frozen importlib._bootstrap_external>:1301: FutureWarning: The cuda.cuda module is deprecated and will be removed in a future release, please switch to use the cuda.bindings.driver module instead.
<frozen importlib._bootstrap_external>:1301: FutureWarning: The cuda.cudart module is deprecated and will be removed in a future release, please switch to use the cuda.bindings.runtime module instead.
<frozen importlib._bootstrap_external>:1301: FutureWarning: The cuda.cuda module is deprecated and will be removed in a future release, please switch to use the cuda.bindings.driver module instead.
<frozen importlib._bootstrap_external>:1301: FutureWarning: The cuda.cudart module is deprecated and will be removed in a future release, please switch to use the cuda.bindings.runtime module instead.
/root/Triton-distributed/python/triton_dist/kernels/nvidia/comm_perf_model.py:78: UserWarning: can not get max bandwidth of interface bonding_masters, return 0...
  warnings.warn(f"can not get max bandwidth of interface {interface}, return 0...")
/root/Triton-distributed/python/triton_dist/kernels/nvidia/comm_perf_model.py:78: UserWarning: can not get max bandwidth of interface bonding_masters, return 0...
  warnings.warn(f"can not get max bandwidth of interface {interface}, return 0...")
/root/Triton-distributed/python/triton_dist/kernels/nvidia/comm_perf_model.py:78: UserWarning: can not get max bandwidth of interface bonding_masters, return 0...
  warnings.warn(f"can not get max bandwidth of interface {interface}, return 0...")
/root/Triton-distributed/python/triton_dist/kernels/nvidia/comm_perf_model.py:78: UserWarning: can not get max bandwidth of interface bonding_masters, return 0...
  warnings.warn(f"can not get max bandwidth of interface {interface}, return 0...")
[search][stage2] candidate 5/8: max_total=5.4000 ms, mean_total=5.3525 ms, speedup_mean=1.0475, speedup_min=1.0400, overlap_mean=33.36%, lead_ratio=2.000 | chunk=512, window=4, stage=4, steady_sms=6, tail_sms=20, lanes=2, bands=2, frontier=2
[custom] test shape: M 8192, N 29568, K 8192
✅ all close!
✅ all close!
✅ all close!
✅ all close!
Rank 0 [custom] latency (ms): torch_total=5.59, torch_gemm_only=3.75, torch_rs_only=2.09, v2_total=6.64, v2_gemm_only=5.94, v2_rs_only=3.16, v2_internal_overlap=27.07%, v2_speedup_vs_torch=0.84, v2_speedup_vs_old=nan, chunk_rows=512, num_chunks=4, active_chunk_window=4, stage_slots=4, comm_lanes=2, n_bands=2, frontier_chunks=2
Rank 1 [custom] latency (ms): torch_total=5.58, torch_gemm_only=3.75, torch_rs_only=2.06, v2_total=5.63, v2_gemm_only=4.90, v2_rs_only=3.14, v2_internal_overlap=29.99%, v2_speedup_vs_torch=0.99, v2_speedup_vs_old=nan, chunk_rows=512, num_chunks=4, active_chunk_window=4, stage_slots=4, comm_lanes=2, n_bands=2, frontier_chunks=2
Rank 2 [custom] latency (ms): torch_total=5.60, torch_gemm_only=3.74, torch_rs_only=2.08, v2_total=5.76, v2_gemm_only=4.91, v2_rs_only=3.15, v2_internal_overlap=28.63%, v2_speedup_vs_torch=0.97, v2_speedup_vs_old=nan, chunk_rows=512, num_chunks=4, active_chunk_window=4, stage_slots=4, comm_lanes=2, n_bands=2, frontier_chunks=2
Rank 3 [custom] latency (ms): torch_total=5.60, torch_gemm_only=3.79, torch_rs_only=2.07, v2_total=5.84, v2_gemm_only=4.90, v2_rs_only=3.13, v2_internal_overlap=27.34%, v2_speedup_vs_torch=0.96, v2_speedup_vs_old=nan, chunk_rows=512, num_chunks=4, active_chunk_window=4, stage_slots=4, comm_lanes=2, n_bands=2, frontier_chunks=2
W0828 20:31:35.031000 56015 site-packages/torch/distributed/run.py:766] 
W0828 20:31:35.031000 56015 site-packages/torch/distributed/run.py:766] *****************************************
W0828 20:31:35.031000 56015 site-packages/torch/distributed/run.py:766] Setting OMP_NUM_THREADS environment variable for each process to be 1 in default, to avoid your system being overloaded, please further tune the variable for optimal performance in your application as needed. 
W0828 20:31:35.031000 56015 site-packages/torch/distributed/run.py:766] *****************************************
<frozen importlib._bootstrap_external>:1301: FutureWarning: The cuda.cuda module is deprecated and will be removed in a future release, please switch to use the cuda.bindings.driver module instead.
<frozen importlib._bootstrap_external>:1301: FutureWarning: The cuda.cudart module is deprecated and will be removed in a future release, please switch to use the cuda.bindings.runtime module instead.
<frozen importlib._bootstrap_external>:1301: FutureWarning: The cuda.cuda module is deprecated and will be removed in a future release, please switch to use the cuda.bindings.driver module instead.
<frozen importlib._bootstrap_external>:1301: FutureWarning: The cuda.cudart module is deprecated and will be removed in a future release, please switch to use the cuda.bindings.runtime module instead.
<frozen importlib._bootstrap_external>:1301: FutureWarning: The cuda.cuda module is deprecated and will be removed in a future release, please switch to use the cuda.bindings.driver module instead.
<frozen importlib._bootstrap_external>:1301: FutureWarning: The cuda.cudart module is deprecated and will be removed in a future release, please switch to use the cuda.bindings.runtime module instead.
<frozen importlib._bootstrap_external>:1301: FutureWarning: The cuda.cuda module is deprecated and will be removed in a future release, please switch to use the cuda.bindings.driver module instead.
<frozen importlib._bootstrap_external>:1301: FutureWarning: The cuda.cudart module is deprecated and will be removed in a future release, please switch to use the cuda.bindings.runtime module instead.
/root/Triton-distributed/python/triton_dist/kernels/nvidia/comm_perf_model.py:78: UserWarning: can not get max bandwidth of interface bonding_masters, return 0...
  warnings.warn(f"can not get max bandwidth of interface {interface}, return 0...")
/root/Triton-distributed/python/triton_dist/kernels/nvidia/comm_perf_model.py:78: UserWarning: can not get max bandwidth of interface bonding_masters, return 0...
  warnings.warn(f"can not get max bandwidth of interface {interface}, return 0...")
/root/Triton-distributed/python/triton_dist/kernels/nvidia/comm_perf_model.py:78: UserWarning: can not get max bandwidth of interface bonding_masters, return 0...
  warnings.warn(f"can not get max bandwidth of interface {interface}, return 0...")
/root/Triton-distributed/python/triton_dist/kernels/nvidia/comm_perf_model.py:78: UserWarning: can not get max bandwidth of interface bonding_masters, return 0...
  warnings.warn(f"can not get max bandwidth of interface {interface}, return 0...")
[search][stage2] candidate 6/8: max_total=6.6400 ms, mean_total=5.9675 ms, speedup_mean=0.9400, speedup_min=0.8400, overlap_mean=28.26%, lead_ratio=2.000 | chunk=512, window=4, stage=4, steady_sms=4, tail_sms=20, lanes=2, bands=2, frontier=2
[custom] test shape: M 8192, N 29568, K 8192
✅ all close!
✅ all close!
✅ all close!
✅ all close!
Rank 0 [custom] latency (ms): torch_total=5.57, torch_gemm_only=3.74, torch_rs_only=2.07, v2_total=5.34, v2_gemm_only=4.89, v2_rs_only=3.19, v2_internal_overlap=33.91%, v2_speedup_vs_torch=1.04, v2_speedup_vs_old=nan, chunk_rows=512, num_chunks=4, active_chunk_window=4, stage_slots=4, comm_lanes=2, n_bands=2, frontier_chunks=2
Rank 1 [custom] latency (ms): torch_total=5.57, torch_gemm_only=3.74, torch_rs_only=2.07, v2_total=5.41, v2_gemm_only=4.93, v2_rs_only=3.18, v2_internal_overlap=33.28%, v2_speedup_vs_torch=1.03, v2_speedup_vs_old=nan, chunk_rows=512, num_chunks=4, active_chunk_window=4, stage_slots=4, comm_lanes=2, n_bands=2, frontier_chunks=2
Rank 2 [custom] latency (ms): torch_total=5.55, torch_gemm_only=3.74, torch_rs_only=2.07, v2_total=5.33, v2_gemm_only=4.91, v2_rs_only=3.19, v2_internal_overlap=34.14%, v2_speedup_vs_torch=1.04, v2_speedup_vs_old=nan, chunk_rows=512, num_chunks=4, active_chunk_window=4, stage_slots=4, comm_lanes=2, n_bands=2, frontier_chunks=2
Rank 3 [custom] latency (ms): torch_total=5.58, torch_gemm_only=3.81, torch_rs_only=2.05, v2_total=5.31, v2_gemm_only=5.00, v2_rs_only=3.19, v2_internal_overlap=35.16%, v2_speedup_vs_torch=1.05, v2_speedup_vs_old=nan, chunk_rows=512, num_chunks=4, active_chunk_window=4, stage_slots=4, comm_lanes=2, n_bands=2, frontier_chunks=2
W0828 20:31:45.886000 56696 site-packages/torch/distributed/run.py:766] 
W0828 20:31:45.886000 56696 site-packages/torch/distributed/run.py:766] *****************************************
W0828 20:31:45.886000 56696 site-packages/torch/distributed/run.py:766] Setting OMP_NUM_THREADS environment variable for each process to be 1 in default, to avoid your system being overloaded, please further tune the variable for optimal performance in your application as needed. 
W0828 20:31:45.886000 56696 site-packages/torch/distributed/run.py:766] *****************************************
<frozen importlib._bootstrap_external>:1301: FutureWarning: The cuda.cuda module is deprecated and will be removed in a future release, please switch to use the cuda.bindings.driver module instead.
<frozen importlib._bootstrap_external>:1301: FutureWarning: The cuda.cudart module is deprecated and will be removed in a future release, please switch to use the cuda.bindings.runtime module instead.
<frozen importlib._bootstrap_external>:1301: FutureWarning: The cuda.cuda module is deprecated and will be removed in a future release, please switch to use the cuda.bindings.driver module instead.
<frozen importlib._bootstrap_external>:1301: FutureWarning: The cuda.cudart module is deprecated and will be removed in a future release, please switch to use the cuda.bindings.runtime module instead.
<frozen importlib._bootstrap_external>:1301: FutureWarning: The cuda.cuda module is deprecated and will be removed in a future release, please switch to use the cuda.bindings.driver module instead.
<frozen importlib._bootstrap_external>:1301: FutureWarning: The cuda.cudart module is deprecated and will be removed in a future release, please switch to use the cuda.bindings.runtime module instead.
<frozen importlib._bootstrap_external>:1301: FutureWarning: The cuda.cuda module is deprecated and will be removed in a future release, please switch to use the cuda.bindings.driver module instead.
<frozen importlib._bootstrap_external>:1301: FutureWarning: The cuda.cudart module is deprecated and will be removed in a future release, please switch to use the cuda.bindings.runtime module instead.
/root/Triton-distributed/python/triton_dist/kernels/nvidia/comm_perf_model.py:78: UserWarning: can not get max bandwidth of interface bonding_masters, return 0...
  warnings.warn(f"can not get max bandwidth of interface {interface}, return 0...")
/root/Triton-distributed/python/triton_dist/kernels/nvidia/comm_perf_model.py:78: UserWarning: can not get max bandwidth of interface bonding_masters, return 0...
  warnings.warn(f"can not get max bandwidth of interface {interface}, return 0...")
/root/Triton-distributed/python/triton_dist/kernels/nvidia/comm_perf_model.py:78: UserWarning: can not get max bandwidth of interface bonding_masters, return 0...
  warnings.warn(f"can not get max bandwidth of interface {interface}, return 0...")
/root/Triton-distributed/python/triton_dist/kernels/nvidia/comm_perf_model.py:78: UserWarning: can not get max bandwidth of interface bonding_masters, return 0...
  warnings.warn(f"can not get max bandwidth of interface {interface}, return 0...")
[search][stage2] candidate 7/8: max_total=5.4100 ms, mean_total=5.3475 ms, speedup_mean=1.0400, speedup_min=1.0300, overlap_mean=34.12%, lead_ratio=2.000 | chunk=512, window=4, stage=4, steady_sms=6, tail_sms=12, lanes=2, bands=2, frontier=2
[custom] test shape: M 8192, N 29568, K 8192
✅ all close!
✅ all close!
✅ all close!
✅ all close!
Rank 0 [custom] latency (ms): torch_total=5.57, torch_gemm_only=3.75, torch_rs_only=2.09, v2_total=5.73, v2_gemm_only=5.36, v2_rs_only=3.09, v2_internal_overlap=32.23%, v2_speedup_vs_torch=0.97, v2_speedup_vs_old=nan, chunk_rows=512, num_chunks=4, active_chunk_window=4, stage_slots=4, comm_lanes=2, n_bands=2, frontier_chunks=2
Rank 1 [custom] latency (ms): torch_total=5.54, torch_gemm_only=3.74, torch_rs_only=2.06, v2_total=5.34, v2_gemm_only=4.92, v2_rs_only=3.09, v2_internal_overlap=33.37%, v2_speedup_vs_torch=1.04, v2_speedup_vs_old=nan, chunk_rows=512, num_chunks=4, active_chunk_window=4, stage_slots=4, comm_lanes=2, n_bands=2, frontier_chunks=2
Rank 2 [custom] latency (ms): torch_total=5.56, torch_gemm_only=3.74, torch_rs_only=2.07, v2_total=5.31, v2_gemm_only=4.91, v2_rs_only=3.12, v2_internal_overlap=33.84%, v2_speedup_vs_torch=1.05, v2_speedup_vs_old=nan, chunk_rows=512, num_chunks=4, active_chunk_window=4, stage_slots=4, comm_lanes=2, n_bands=2, frontier_chunks=2
Rank 3 [custom] latency (ms): torch_total=5.57, torch_gemm_only=3.77, torch_rs_only=2.08, v2_total=5.38, v2_gemm_only=4.97, v2_rs_only=3.09, v2_internal_overlap=33.29%, v2_speedup_vs_torch=1.04, v2_speedup_vs_old=nan, chunk_rows=512, num_chunks=4, active_chunk_window=4, stage_slots=4, comm_lanes=2, n_bands=2, frontier_chunks=2
W0828 20:31:57.050000 57347 site-packages/torch/distributed/run.py:766] 
W0828 20:31:57.050000 57347 site-packages/torch/distributed/run.py:766] *****************************************
W0828 20:31:57.050000 57347 site-packages/torch/distributed/run.py:766] Setting OMP_NUM_THREADS environment variable for each process to be 1 in default, to avoid your system being overloaded, please further tune the variable for optimal performance in your application as needed. 
W0828 20:31:57.050000 57347 site-packages/torch/distributed/run.py:766] *****************************************
<frozen importlib._bootstrap_external>:1301: FutureWarning: The cuda.cuda module is deprecated and will be removed in a future release, please switch to use the cuda.bindings.driver module instead.
<frozen importlib._bootstrap_external>:1301: FutureWarning: The cuda.cudart module is deprecated and will be removed in a future release, please switch to use the cuda.bindings.runtime module instead.
<frozen importlib._bootstrap_external>:1301: FutureWarning: The cuda.cuda module is deprecated and will be removed in a future release, please switch to use the cuda.bindings.driver module instead.
<frozen importlib._bootstrap_external>:1301: FutureWarning: The cuda.cudart module is deprecated and will be removed in a future release, please switch to use the cuda.bindings.runtime module instead.
<frozen importlib._bootstrap_external>:1301: FutureWarning: The cuda.cuda module is deprecated and will be removed in a future release, please switch to use the cuda.bindings.driver module instead.
<frozen importlib._bootstrap_external>:1301: FutureWarning: The cuda.cudart module is deprecated and will be removed in a future release, please switch to use the cuda.bindings.runtime module instead.
<frozen importlib._bootstrap_external>:1301: FutureWarning: The cuda.cuda module is deprecated and will be removed in a future release, please switch to use the cuda.bindings.driver module instead.
<frozen importlib._bootstrap_external>:1301: FutureWarning: The cuda.cudart module is deprecated and will be removed in a future release, please switch to use the cuda.bindings.runtime module instead.
/root/Triton-distributed/python/triton_dist/kernels/nvidia/comm_perf_model.py:78: UserWarning: can not get max bandwidth of interface bonding_masters, return 0...
  warnings.warn(f"can not get max bandwidth of interface {interface}, return 0...")
/root/Triton-distributed/python/triton_dist/kernels/nvidia/comm_perf_model.py:78: UserWarning: can not get max bandwidth of interface bonding_masters, return 0...
  warnings.warn(f"can not get max bandwidth of interface {interface}, return 0...")
/root/Triton-distributed/python/triton_dist/kernels/nvidia/comm_perf_model.py:78: UserWarning: can not get max bandwidth of interface bonding_masters, return 0...
  warnings.warn(f"can not get max bandwidth of interface {interface}, return 0...")
/root/Triton-distributed/python/triton_dist/kernels/nvidia/comm_perf_model.py:78: UserWarning: can not get max bandwidth of interface bonding_masters, return 0...
  warnings.warn(f"can not get max bandwidth of interface {interface}, return 0...")
[search][stage2] candidate 8/8: max_total=5.7300 ms, mean_total=5.4400 ms, speedup_mean=1.0250, speedup_min=0.9700, overlap_mean=33.18%, lead_ratio=2.000 | chunk=512, window=4, stage=4, steady_sms=6, tail_sms=24, lanes=2, bands=2, frontier=2
[search] Top Candidates
  #1: max_total=5.3300 ms, mean_total=5.3225 ms, speedup_mean=1.0475, speedup_min=1.0400, overlap_mean=34.17%, lead_ratio=2.000 | chunk=512, window=4, stage=4, steady_sms=6, tail_sms=12, lanes=2, bands=2, frontier=1
  #2: max_total=5.3400 ms, mean_total=5.3325 ms, speedup_mean=1.0425, speedup_min=1.0400, overlap_mean=33.64%, lead_ratio=2.000 | chunk=512, window=4, stage=4, steady_sms=6, tail_sms=24, lanes=2, bands=2, frontier=1
  #3: max_total=5.4000 ms, mean_total=5.3525 ms, speedup_mean=1.0475, speedup_min=1.0400, overlap_mean=33.36%, lead_ratio=2.000 | chunk=512, window=4, stage=4, steady_sms=6, tail_sms=20, lanes=2, bands=2, frontier=2
  #4: max_total=5.4100 ms, mean_total=5.3475 ms, speedup_mean=1.0400, speedup_min=1.0300, overlap_mean=34.12%, lead_ratio=2.000 | chunk=512, window=4, stage=4, steady_sms=6, tail_sms=12, lanes=2, bands=2, frontier=2
[search] best command:
torchrun --nproc_per_node 4 /root/Triton-distributed/python/triton_dist/benchmark/bench_3rdv5_frontier_windowed_panel_gemmrs.py --M 8192 --N 29568 --K 8192 --mode v2 --iters 10 --warmup_iters 5 --dtype bfloat16 --target_chunks_per_rank 2 --min_chunk_rows 512 --tail_chunk_window 1 --chunk_rows 512 --active_chunk_window 4 --stage_slots 4 --steady_sms 6 --tail_sms 12 --comm_lanes 2 --n_bands 2 --frontier_chunks 1 --profile_target v2 --no-autotune --trans_b --local_seed_direct
[search] verifying top candidate #1: chunk=512, window=4, stage=4, steady_sms=6, tail_sms=12, lanes=2, bands=2, frontier=1
[custom] test shape: M 8192, N 29568, K 8192
✅ all close!
✅ all close!
✅ all close!
✅ all close!
Rank 0 [custom] latency (ms): torch_total=5.62, torch_gemm_only=3.82, torch_rs_only=1.99, v2_total=5.44, v2_gemm_only=5.02, v2_rs_only=3.12, v2_internal_overlap=33.12%, v2_speedup_vs_torch=1.03, v2_speedup_vs_old=nan, chunk_rows=512, num_chunks=4, active_chunk_window=4, stage_slots=4, comm_lanes=2, n_bands=2, frontier_chunks=1
Rank 1 [custom] latency (ms): torch_total=5.60, torch_gemm_only=3.78, torch_rs_only=2.04, v2_total=5.39, v2_gemm_only=4.96, v2_rs_only=3.12, v2_internal_overlap=33.22%, v2_speedup_vs_torch=1.04, v2_speedup_vs_old=nan, chunk_rows=512, num_chunks=4, active_chunk_window=4, stage_slots=4, comm_lanes=2, n_bands=2, frontier_chunks=1
Rank 2 [custom] latency (ms): torch_total=5.59, torch_gemm_only=3.86, torch_rs_only=2.05, v2_total=5.42, v2_gemm_only=4.99, v2_rs_only=3.12, v2_internal_overlap=33.24%, v2_speedup_vs_torch=1.03, v2_speedup_vs_old=nan, chunk_rows=512, num_chunks=4, active_chunk_window=4, stage_slots=4, comm_lanes=2, n_bands=2, frontier_chunks=1
Rank 3 [custom] latency (ms): torch_total=5.64, torch_gemm_only=3.92, torch_rs_only=2.05, v2_total=5.50, v2_gemm_only=5.14, v2_rs_only=3.11, v2_internal_overlap=33.28%, v2_speedup_vs_torch=1.02, v2_speedup_vs_old=nan, chunk_rows=512, num_chunks=4, active_chunk_window=4, stage_slots=4, comm_lanes=2, n_bands=2, frontier_chunks=1
W0828 20:32:08.122000 57999 site-packages/torch/distributed/run.py:766] 
W0828 20:32:08.122000 57999 site-packages/torch/distributed/run.py:766] *****************************************
W0828 20:32:08.122000 57999 site-packages/torch/distributed/run.py:766] Setting OMP_NUM_THREADS environment variable for each process to be 1 in default, to avoid your system being overloaded, please further tune the variable for optimal performance in your application as needed. 
W0828 20:32:08.122000 57999 site-packages/torch/distributed/run.py:766] *****************************************
<frozen importlib._bootstrap_external>:1301: FutureWarning: The cuda.cuda module is deprecated and will be removed in a future release, please switch to use the cuda.bindings.driver module instead.
<frozen importlib._bootstrap_external>:1301: FutureWarning: The cuda.cudart module is deprecated and will be removed in a future release, please switch to use the cuda.bindings.runtime module instead.
<frozen importlib._bootstrap_external>:1301: FutureWarning: The cuda.cuda module is deprecated and will be removed in a future release, please switch to use the cuda.bindings.driver module instead.
<frozen importlib._bootstrap_external>:1301: FutureWarning: The cuda.cudart module is deprecated and will be removed in a future release, please switch to use the cuda.bindings.runtime module instead.
<frozen importlib._bootstrap_external>:1301: FutureWarning: The cuda.cuda module is deprecated and will be removed in a future release, please switch to use the cuda.bindings.driver module instead.
<frozen importlib._bootstrap_external>:1301: FutureWarning: The cuda.cudart module is deprecated and will be removed in a future release, please switch to use the cuda.bindings.runtime module instead.
<frozen importlib._bootstrap_external>:1301: FutureWarning: The cuda.cuda module is deprecated and will be removed in a future release, please switch to use the cuda.bindings.driver module instead.
<frozen importlib._bootstrap_external>:1301: FutureWarning: The cuda.cudart module is deprecated and will be removed in a future release, please switch to use the cuda.bindings.runtime module instead.
/root/Triton-distributed/python/triton_dist/kernels/nvidia/comm_perf_model.py:78: UserWarning: can not get max bandwidth of interface bonding_masters, return 0...
  warnings.warn(f"can not get max bandwidth of interface {interface}, return 0...")
/root/Triton-distributed/python/triton_dist/kernels/nvidia/comm_perf_model.py:78: UserWarning: can not get max bandwidth of interface bonding_masters, return 0...
  warnings.warn(f"can not get max bandwidth of interface {interface}, return 0...")
/root/Triton-distributed/python/triton_dist/kernels/nvidia/comm_perf_model.py:78: UserWarning: can not get max bandwidth of interface bonding_masters, return 0...
  warnings.warn(f"can not get max bandwidth of interface {interface}, return 0...")
/root/Triton-distributed/python/triton_dist/kernels/nvidia/comm_perf_model.py:78: UserWarning: can not get max bandwidth of interface bonding_masters, return 0...
  warnings.warn(f"can not get max bandwidth of interface {interface}, return 0...")
[search] verifying top candidate #2: chunk=512, window=4, stage=4, steady_sms=6, tail_sms=24, lanes=2, bands=2, frontier=1
[custom] test shape: M 8192, N 29568, K 8192
✅ all close!
✅ all close!
✅ all close!
✅ all close!
Rank 0 [custom] latency (ms): torch_total=5.60, torch_gemm_only=3.79, torch_rs_only=2.04, v2_total=5.45, v2_gemm_only=4.94, v2_rs_only=3.10, v2_internal_overlap=32.16%, v2_speedup_vs_torch=1.03, v2_speedup_vs_old=nan, chunk_rows=512, num_chunks=4, active_chunk_window=4, stage_slots=4, comm_lanes=2, n_bands=2, frontier_chunks=1
Rank 1 [custom] latency (ms): torch_total=5.58, torch_gemm_only=3.81, torch_rs_only=2.04, v2_total=5.40, v2_gemm_only=4.91, v2_rs_only=3.10, v2_internal_overlap=32.68%, v2_speedup_vs_torch=1.03, v2_speedup_vs_old=nan, chunk_rows=512, num_chunks=4, active_chunk_window=4, stage_slots=4, comm_lanes=2, n_bands=2, frontier_chunks=1
Rank 2 [custom] latency (ms): torch_total=5.57, torch_gemm_only=3.79, torch_rs_only=2.04, v2_total=5.45, v2_gemm_only=5.00, v2_rs_only=3.12, v2_internal_overlap=32.99%, v2_speedup_vs_torch=1.02, v2_speedup_vs_old=nan, chunk_rows=512, num_chunks=4, active_chunk_window=4, stage_slots=4, comm_lanes=2, n_bands=2, frontier_chunks=1
Rank 3 [custom] latency (ms): torch_total=5.61, torch_gemm_only=3.93, torch_rs_only=2.04, v2_total=5.47, v2_gemm_only=5.09, v2_rs_only=3.13, v2_internal_overlap=33.36%, v2_speedup_vs_torch=1.02, v2_speedup_vs_old=nan, chunk_rows=512, num_chunks=4, active_chunk_window=4, stage_slots=4, comm_lanes=2, n_bands=2, frontier_chunks=1
W0828 20:32:18.918000 59172 site-packages/torch/distributed/run.py:766] 
W0828 20:32:18.918000 59172 site-packages/torch/distributed/run.py:766] *****************************************
W0828 20:32:18.918000 59172 site-packages/torch/distributed/run.py:766] Setting OMP_NUM_THREADS environment variable for each process to be 1 in default, to avoid your system being overloaded, please further tune the variable for optimal performance in your application as needed. 
W0828 20:32:18.918000 59172 site-packages/torch/distributed/run.py:766] *****************************************
<frozen importlib._bootstrap_external>:1301: FutureWarning: The cuda.cuda module is deprecated and will be removed in a future release, please switch to use the cuda.bindings.driver module instead.
<frozen importlib._bootstrap_external>:1301: FutureWarning: The cuda.cudart module is deprecated and will be removed in a future release, please switch to use the cuda.bindings.runtime module instead.
<frozen importlib._bootstrap_external>:1301: FutureWarning: The cuda.cuda module is deprecated and will be removed in a future release, please switch to use the cuda.bindings.driver module instead.
<frozen importlib._bootstrap_external>:1301: FutureWarning: The cuda.cudart module is deprecated and will be removed in a future release, please switch to use the cuda.bindings.runtime module instead.
<frozen importlib._bootstrap_external>:1301: FutureWarning: The cuda.cuda module is deprecated and will be removed in a future release, please switch to use the cuda.bindings.driver module instead.
<frozen importlib._bootstrap_external>:1301: FutureWarning: The cuda.cudart module is deprecated and will be removed in a future release, please switch to use the cuda.bindings.runtime module instead.
<frozen importlib._bootstrap_external>:1301: FutureWarning: The cuda.cuda module is deprecated and will be removed in a future release, please switch to use the cuda.bindings.driver module instead.
<frozen importlib._bootstrap_external>:1301: FutureWarning: The cuda.cudart module is deprecated and will be removed in a future release, please switch to use the cuda.bindings.runtime module instead.
/root/Triton-distributed/python/triton_dist/kernels/nvidia/comm_perf_model.py:78: UserWarning: can not get max bandwidth of interface bonding_masters, return 0...
  warnings.warn(f"can not get max bandwidth of interface {interface}, return 0...")
/root/Triton-distributed/python/triton_dist/kernels/nvidia/comm_perf_model.py:78: UserWarning: can not get max bandwidth of interface bonding_masters, return 0...
  warnings.warn(f"can not get max bandwidth of interface {interface}, return 0...")
/root/Triton-distributed/python/triton_dist/kernels/nvidia/comm_perf_model.py:78: UserWarning: can not get max bandwidth of interface bonding_masters, return 0...
  warnings.warn(f"can not get max bandwidth of interface {interface}, return 0...")
/root/Triton-distributed/python/triton_dist/kernels/nvidia/comm_perf_model.py:78: UserWarning: can not get max bandwidth of interface bonding_masters, return 0...
  warnings.warn(f"can not get max bandwidth of interface {interface}, return 0...")
[search] verifying top candidate #3: chunk=512, window=4, stage=4, steady_sms=6, tail_sms=20, lanes=2, bands=2, frontier=2
[custom] test shape: M 8192, N 29568, K 8192
✅ all close!
✅ all close!
✅ all close!
✅ all close!
Rank 0 [custom] latency (ms): torch_total=5.65, torch_gemm_only=3.80, torch_rs_only=2.02, v2_total=5.39, v2_gemm_only=5.00, v2_rs_only=3.15, v2_internal_overlap=33.90%, v2_speedup_vs_torch=1.05, v2_speedup_vs_old=nan, chunk_rows=512, num_chunks=4, active_chunk_window=4, stage_slots=4, comm_lanes=2, n_bands=2, frontier_chunks=2
Rank 1 [custom] latency (ms): torch_total=5.58, torch_gemm_only=3.81, torch_rs_only=2.03, v2_total=5.39, v2_gemm_only=5.02, v2_rs_only=3.11, v2_internal_overlap=33.66%, v2_speedup_vs_torch=1.04, v2_speedup_vs_old=nan, chunk_rows=512, num_chunks=4, active_chunk_window=4, stage_slots=4, comm_lanes=2, n_bands=2, frontier_chunks=2
Rank 2 [custom] latency (ms): torch_total=5.62, torch_gemm_only=3.83, torch_rs_only=2.03, v2_total=5.36, v2_gemm_only=4.99, v2_rs_only=3.14, v2_internal_overlap=34.06%, v2_speedup_vs_torch=1.05, v2_speedup_vs_old=nan, chunk_rows=512, num_chunks=4, active_chunk_window=4, stage_slots=4, comm_lanes=2, n_bands=2, frontier_chunks=2
Rank 3 [custom] latency (ms): torch_total=5.65, torch_gemm_only=3.93, torch_rs_only=2.03, v2_total=5.47, v2_gemm_only=5.11, v2_rs_only=3.16, v2_internal_overlap=33.84%, v2_speedup_vs_torch=1.03, v2_speedup_vs_old=nan, chunk_rows=512, num_chunks=4, active_chunk_window=4, stage_slots=4, comm_lanes=2, n_bands=2, frontier_chunks=2
W0828 20:32:30.048000 60332 site-packages/torch/distributed/run.py:766] 
W0828 20:32:30.048000 60332 site-packages/torch/distributed/run.py:766] *****************************************
W0828 20:32:30.048000 60332 site-packages/torch/distributed/run.py:766] Setting OMP_NUM_THREADS environment variable for each process to be 1 in default, to avoid your system being overloaded, please further tune the variable for optimal performance in your application as needed. 
W0828 20:32:30.048000 60332 site-packages/torch/distributed/run.py:766] *****************************************
<frozen importlib._bootstrap_external>:1301: FutureWarning: The cuda.cuda module is deprecated and will be removed in a future release, please switch to use the cuda.bindings.driver module instead.
<frozen importlib._bootstrap_external>:1301: FutureWarning: The cuda.cudart module is deprecated and will be removed in a future release, please switch to use the cuda.bindings.runtime module instead.
<frozen importlib._bootstrap_external>:1301: FutureWarning: The cuda.cuda module is deprecated and will be removed in a future release, please switch to use the cuda.bindings.driver module instead.
<frozen importlib._bootstrap_external>:1301: FutureWarning: The cuda.cudart module is deprecated and will be removed in a future release, please switch to use the cuda.bindings.runtime module instead.
<frozen importlib._bootstrap_external>:1301: FutureWarning: The cuda.cuda module is deprecated and will be removed in a future release, please switch to use the cuda.bindings.driver module instead.
<frozen importlib._bootstrap_external>:1301: FutureWarning: The cuda.cudart module is deprecated and will be removed in a future release, please switch to use the cuda.bindings.runtime module instead.
<frozen importlib._bootstrap_external>:1301: FutureWarning: The cuda.cuda module is deprecated and will be removed in a future release, please switch to use the cuda.bindings.driver module instead.
<frozen importlib._bootstrap_external>:1301: FutureWarning: The cuda.cudart module is deprecated and will be removed in a future release, please switch to use the cuda.bindings.runtime module instead.
/root/Triton-distributed/python/triton_dist/kernels/nvidia/comm_perf_model.py:78: UserWarning: can not get max bandwidth of interface bonding_masters, return 0...
  warnings.warn(f"can not get max bandwidth of interface {interface}, return 0...")
/root/Triton-distributed/python/triton_dist/kernels/nvidia/comm_perf_model.py:78: UserWarning: can not get max bandwidth of interface bonding_masters, return 0...
  warnings.warn(f"can not get max bandwidth of interface {interface}, return 0...")
/root/Triton-distributed/python/triton_dist/kernels/nvidia/comm_perf_model.py:78: UserWarning: can not get max bandwidth of interface bonding_masters, return 0...
  warnings.warn(f"can not get max bandwidth of interface {interface}, return 0...")
/root/Triton-distributed/python/triton_dist/kernels/nvidia/comm_perf_model.py:78: UserWarning: can not get max bandwidth of interface bonding_masters, return 0...
  warnings.warn(f"can not get max bandwidth of interface {interface}, return 0...")
[search] Verified Top Candidates
  #1: max_total=5.4700 ms, mean_total=5.4025 ms, speedup_mean=1.0425, speedup_min=1.0300, overlap_mean=33.87%, lead_ratio=2.000 | chunk=512, window=4, stage=4, steady_sms=6, tail_sms=20, lanes=2, bands=2, frontier=2
  #2: max_total=5.4700 ms, mean_total=5.4425 ms, speedup_mean=1.0250, speedup_min=1.0200, overlap_mean=32.80%, lead_ratio=2.000 | chunk=512, window=4, stage=4, steady_sms=6, tail_sms=24, lanes=2, bands=2, frontier=1
  #3: max_total=5.5000 ms, mean_total=5.4375 ms, speedup_mean=1.0300, speedup_min=1.0200, overlap_mean=33.22%, lead_ratio=2.000 | chunk=512, window=4, stage=4, steady_sms=6, tail_sms=12, lanes=2, bands=2, frontier=1
